date,observed,lower,median,upper
1892-01-01,7.1,5.212354642222787,5.730244651388579,6.2523643710636225
1892-02-01,4.0,5.196359605399878,5.66079888520874,6.225288020291401
1892-03-01,8.5,6.774155421698568,7.354324150113189,7.9014889061631655
1892-04-01,8.7,8.689443586955093,9.291650812817235,9.819462907474648
1892-05-01,19.7,12.815274265116795,13.39363029973671,14.019106231836528
1892-06-01,15.3,14.407790701072923,14.99437553157627,15.57300659226108
1892-07-01,15.5,15.967663381729347,16.499390750588876,17.023481708278823
1892-08-01,18.9,15.736763917627854,16.28443119119732,16.84783883640244
1892-09-01,15.4,13.980560674367494,14.472241161484238,15.004923971442876
1892-10-01,12.9,11.442393399613243,11.900738987178222,12.397457218290711
1892-11-01,10.3,8.067223317147475,8.668329937470274,9.163167391364176
1892-12-01,4.3,6.115466516964634,6.66220541013475,7.2558258467495085
1893-01-01,4.1,5.2399415724452405,5.727972102161628,6.242706881328185
1893-02-01,7.8,5.2147760421534315,5.6607299026131415,6.207423794398413
1893-03-01,8.9,6.772440280447412,7.3524059754479385,7.880933842375208
1893-04-01,11.1,8.722243658236923,9.298056068651295,9.76556459880789
1893-05-01,13.0,12.816937061754562,13.371789687916895,13.986918946624805
1893-06-01,15.8,14.41178712900079,14.994875281799942,15.509760981807561
1893-07-01,17.9,15.969829905203945,16.503852866553203,16.99197943189067
1893-08-01,19.6,15.760654786487402,16.283751203623346,16.80718468913234
1893-09-01,14.6,13.962066125167539,14.47960429430968,14.95928188980439
1893-10-01,13.2,11.441512115542809,11.895444818315465,12.3806331156049
1893-11-01,6.3,8.074279419854147,8.662412697041916,9.144318464591901
1893-12-01,4.7,6.110228598928802,6.669640023032807,7.197264504583335
1894-01-01,6.1,5.244197254263213,5.718868973092331,6.195495920909083
1894-02-01,7.9,5.202572778077778,5.646901123940185,6.203559055644285
1894-03-01,7.0,6.784894805515909,7.332936287973844,7.809348250412197
1894-04-01,11.3,8.73943330150388,9.289002760604985,9.767808102472493
1894-05-01,14.7,12.833371131491237,13.34650318220314,13.987135794193254
1894-06-01,14.8,14.435062242730142,14.993552557114185,15.491404905821247
1894-07-01,16.6,15.9529403745298,16.493488683938985,16.942186927443373
1894-08-01,17.0,15.788611409245707,16.276998859311213,16.74745259268977
1894-09-01,13.2,13.964773409207039,14.47801642420585,14.948866812694499
1894-10-01,10.8,11.44755704371932,11.885613288848116,12.34183648252877
1894-11-01,11.2,8.056777706104436,8.625098206620233,9.11658996284821
1894-12-01,5.0,6.124909302780785,6.657182280071721,7.151980750848608
1895-01-01,4.8,5.239842149374039,5.704167709975187,6.154167686513941
1895-02-01,0.4,5.241997269388616,5.639973834328449,6.146012284058094
1895-03-01,6.7,6.8250980495608,7.33244124430794,7.802972274231116
1895-04-01,10.3,8.746749112624954,9.275168445860096,9.729990220929704
1895-05-01,15.0,12.845163738970605,13.329884189429283,13.957181064496
1895-06-01,14.3,14.461280705019256,14.987106305916118,15.47975867340946
1895-07-01,18.4,15.925343343348164,16.493660952154094,16.934065239478016
1895-08-01,19.2,15.77380532373521,16.26529581484942,16.73348496715876
1895-09-01,16.4,14.019586333586455,14.471521699908408,14.955145448370272
1895-10-01,12.9,11.444721682173162,11.906216543026764,12.322084726529257
1895-11-01,12.4,8.073993767926616,8.635723418975783,9.100380686490455
1895-12-01,7.7,6.130066825162202,6.6805715707241085,7.158237201904102
1896-01-01,6.6,5.268075571735125,5.716931561782667,6.196195403703689
1896-02-01,6.8,5.259057200144043,5.652270451641715,6.178730694111379
1896-03-01,9.4,6.840929762690728,7.339558731254577,7.805251193441572
1896-04-01,7.9,8.753505774465719,9.293474630065106,9.721801700521763
1896-05-01,9.7,12.84221554846836,13.348661537815063,13.954483702628323
1896-06-01,17.1,14.442791240455522,14.998787149872282,15.468361777587832
1896-07-01,17.6,15.951826983455192,16.520298599707274,16.9468919100182
1896-08-01,15.5,15.820893695459205,16.25752967789051,16.6940553067696
1896-09-01,15.5,14.019006951778868,14.482207701832769,14.918079457486476
1896-10-01,13.2,11.452325229213983,11.9042508159188,12.33633799761397
1896-11-01,4.3,8.056860457288206,8.65676891677095,9.09366347016171
1896-12-01,4.4,6.133552268629731,6.664648294051379,7.154048980495573
1897-01-01,3.9,5.267686979513889,5.723253382516863,6.175989475626301
1897-02-01,6.1,5.290819318054815,5.655327005668685,6.17415058509353
1897-03-01,9.1,6.82463714871243,7.345689765891259,7.795301220662231
1897-04-01,11.7,8.76552659641813,9.29127853573586,9.744738960508657
1897-05-01,15.2,12.85248761931498,13.332581354890937,13.9539994317885
1897-06-01,17.7,14.469341471482986,15.003753606941991,15.481211407261517
1897-07-01,15.9,15.977472934561856,16.532268186566647,16.960922573630963
1897-08-01,17.2,15.847340188777792,16.273307605473725,16.716917395903685
1897-09-01,14.0,14.056871818397806,14.489856320913436,14.933306841038702
1897-10-01,10.6,11.473221176490847,11.909263664441344,12.336678025598294
1897-11-01,9.0,8.103631736602303,8.671599091811746,9.099979793061442
1897-12-01,8.1,6.167996901017547,6.677265186301513,7.185500812595535
1898-01-01,6.9,5.27705631049364,5.734540330211977,6.1771331563254375
1898-02-01,6.1,5.321071722654963,5.679613859826915,6.199754643642693
1898-03-01,7.4,6.8669986621348595,7.363703325453729,7.806211686047965
1898-04-01,11.1,8.80046123627108,9.314005122631404,9.770401453353442
1898-05-01,11.1,12.873608122882025,13.366317261785646,13.968958930809066
1898-06-01,14.4,14.50862637422487,15.021286160668765,15.498818940016605
1898-07-01,14.2,16.047402750354816,16.561000720213485,16.968517193026646
1898-08-01,20.1,15.87772210327516,16.287909249435845,16.73020167237137
1898-09-01,17.3,14.078555930819409,14.524664585649775,14.989323211442462
1898-10-01,13.5,11.508266900551975,11.935230220868913,12.390153765928932
1898-11-01,9.1,8.154783971008253,8.699238528095517,9.09343200156322
1898-12-01,9.2,6.212933045915898,6.702086670603137,7.221579092549929
1899-01-01,8.9,5.3004398857522945,5.7542252836315,6.186995011276718
1899-02-01,11.7,5.3183596328371,5.7219581973414915,6.228445609574596
1899-03-01,7.7,6.889260839396835,7.384836183481191,7.81309052197834
1899-04-01,9.8,8.834870580870264,9.341293643278114,9.783899482638889
1899-05-01,11.5,12.904144934629898,13.409187966462198,13.988705283961925
1899-06-01,14.0,14.520989613638204,15.034978565024517,15.52122368684548
1899-07-01,18.3,16.072544140210628,16.57420507996723,16.97052063898797
1899-08-01,16.2,15.883466481158328,16.303942882904273,16.727606639755
1899-09-01,16.9,14.110512163136072,14.544760021745693,14.996078299589174
1899-10-01,12.4,11.51925158507809,11.934527001043763,12.386684957775826
1899-11-01,13.1,8.140622538791932,8.717743616536215,9.133799127167071
1899-12-01,5.5,6.219023586017314,6.698821697314595,7.22247063111534
1900-01-01,8.5,5.330310907798089,5.7588225541265246,6.223481131992802
1900-02-01,9.6,5.313443939793864,5.735888936775295,6.201213163248503
1900-03-01,5.4,6.882748077457072,7.387627474614299,7.8033194156013925
1900-04-01,10.2,8.827600071364667,9.342675480001683,9.83177015209935
1900-05-01,12.4,12.89700070098454,13.41039279293637,13.981248342471272
1900-06-01,16.6,14.527502886651991,15.055388793122884,15.52025041215263
1900-07-01,18.3,16.05501084590625,16.563173746827037,17.002349159330077
1900-08-01,16.4,15.877211745561704,16.305278770624135,16.754713674958765
1900-09-01,14.2,14.108667461347656,14.552628733796634,14.967616338275619
1900-10-01,12.3,11.495277504676423,11.943521291570141,12.402254524688551
1900-11-01,10.4,8.133962892403728,8.714715166364373,9.13217477279235
1900-12-01,8.7,6.213909533230226,6.716065089623009,7.26004316702293
1901-01-01,6.1,5.317971935175504,5.760078366728241,6.21289712461722
1901-02-01,4.3,5.317971916851786,5.737822536632356,6.239623256273668
1901-03-01,5.9,6.891546730292675,7.391094358636047,7.804609877115048
1901-04-01,10.9,8.852059935434536,9.340147500591879,9.770282897311356
1901-05-01,15.2,12.898292665673992,13.412279045446063,13.997172651170404
1901-06-01,18.6,14.547950737836182,15.066602070837952,15.506787704816823
1901-07-01,17.2,16.100807358414794,16.561724264035995,16.97683802013593
1901-08-01,18.4,15.869099276630692,16.30070825189187,16.736974390296666
1901-09-01,17.0,14.113587346847716,14.549054209573072,14.96447576223715
1901-10-01,14.2,11.49532877207383,11.939162779818961,12.404067180072259
1901-11-01,8.5,8.160707351892091,8.692865122284438,9.115554434463808
1901-12-01,8.6,6.219030717385277,6.704674076981611,7.202830820967417
1902-01-01,7.6,5.3357589629870095,5.748888169197263,6.203115237829446
1902-02-01,5.9,5.33256656705596,5.727429342462425,6.186645107685945
1902-03-01,7.4,6.902708562678341,7.399301636865487,7.786250492453359
1902-04-01,10.2,8.822417700447511,9.308514942907676,9.782719162397402
1902-05-01,15.2,12.90053891635018,13.395131859013922,13.975029875838706
1902-06-01,17.1,14.544553723702485,15.039253143919655,15.484091058849227
1902-07-01,15.4,16.082553563685956,16.560066541047714,16.950878588852348
1902-08-01,16.0,15.85159270028519,16.27964601548748,16.71410769033073
1902-09-01,15.7,14.108461351377455,14.546026328832006,14.97473364109385
1902-10-01,12.2,11.504468580658122,11.934289443467353,12.372153449135105
1902-11-01,9.5,8.165332079792622,8.688141457536453,9.09971687765966
1902-12-01,6.7,6.216968448453353,6.698983463808264,7.198718130879797
1903-01-01,7.2,5.308190557959787,5.746314981701474,6.173273159185194
1903-02-01,8.2,5.328213317979103,5.719316397326013,6.17630437767968
1903-03-01,8.7,6.918737058041094,7.39362327327938,7.777624973016123
1903-04-01,8.8,8.871346794879448,9.30660410904592,9.780624020166078
1903-05-01,16.2,12.898505676271458,13.387113001958994,13.985933757555632
1903-06-01,17.3,14.545768273027054,15.037128791452343,15.489277850164976
1903-07-01,15.5,16.100880549470006,16.567747662510172,16.95210517880494
1903-08-01,14.6,15.852833119991827,16.271156056119498,16.711610540091463
1903-09-01,19.0,14.10325625096711,14.53050819228119,14.980428033270638
1903-10-01,15.2,11.486228909185938,11.937435279752584,12.35328438916425
1903-11-01,8.4,8.12852349066237,8.677801764583993,9.06815017327659
1903-12-01,5.4,6.230571950703302,6.70433216303187,7.191673692876315
1904-01-01,5.2,5.298376018867455,5.728525523205257,6.177491203070641
1904-02-01,7.4,5.283918554900983,5.706919244876355,6.177296778544573
1904-03-01,6.9,6.917738874246644,7.372908012067071,7.752386569342333
1904-04-01,10.9,8.845690349643766,9.299861317278488,9.758974725543005
1904-05-01,16.3,12.907773775201655,13.380950712938093,13.954646416309151
1904-06-01,14.6,14.522200180338332,15.019344973611005,15.436350187090653
1904-07-01,18.1,16.095266933451473,16.557736438644323,16.939794384191913
1904-08-01,19.3,15.836870442516243,16.255457674131797,16.67497663411386
1904-09-01,12.9,14.098014119132543,14.516795760921738,14.897877713281867
1904-10-01,12.2,11.474628792731403,11.916766758764272,12.34471206444185
1904-11-01,6.8,8.108953148008153,8.664345345509542,9.062410791203188
1904-12-01,7.8,6.233486833551197,6.692015244176249,7.178098104666842
1905-01-01,3.1,5.282721683307868,5.716678705699335,6.157686640944938
1905-02-01,7.2,5.265959953876139,5.695188167971168,6.177433664893536
1905-03-01,7.8,6.904077537251581,7.356460868822946,7.733784333743679
1905-04-01,8.7,8.856955025738351,9.278968280767344,9.759371963860989
1905-05-01,13.4,12.889128414590267,13.35307692564406,13.935030431719497
1905-06-01,16.6,14.513798331354412,15.011907173740717,15.435001804787433
1905-07-01,17.4,16.06610198807933,16.55458134556529,16.947979593150546
1905-08-01,14.8,15.816616612831462,16.241225948947402,16.651666260177027
1905-09-01,16.6,14.073298152114896,14.518041183426593,14.906462388960367
1905-10-01,7.9,11.484809663063833,11.921403231460994,12.321837113416178
1905-11-01,7.4,8.090605276285125,8.639687680630345,9.059354156965611
1905-12-01,8.4,6.23983087146291,6.680809581230265,7.155106826279478
1906-01-01,6.6,5.289548274160404,5.713867874332931,6.1465837260253435
1906-02-01,6.0,5.285445839380826,5.668920322338674,6.1433580241353845
1906-03-01,8.5,6.9151247410052905,7.353447018975611,7.733009582837401
1906-04-01,11.3,8.802471421965105,9.284557540933292,9.694817525533683
1906-05-01,13.6,12.884704696827114,13.352269135840668,13.952187760565423
1906-06-01,14.5,14.476364853208572,15.011068379644149,15.433268833972516
1906-07-01,17.5,16.069703480695875,16.5528973564101,16.972827842012556
1906-08-01,17.1,15.80974600905513,16.23726351604011,16.631385364629992
1906-09-01,16.9,14.078382808827175,14.505636681405921,14.905489565405796
1906-10-01,13.3,11.471407331845356,11.906948388800803,12.347741997878131
1906-11-01,9.2,8.083326836390698,8.633414071761745,9.037303670659913
1906-12-01,7.8,6.2376642844633166,6.68633680781244,7.176396041530009
1907-01-01,4.4,5.274226402109116,5.713459536217201,6.153057599550053
1907-02-01,5.1,5.257708959618087,5.676438253365947,6.147407674107487
1907-03-01,8.2,6.900034123313579,7.366361083833666,7.7650050687841885
1907-04-01,8.9,8.759226496629914,9.278099639012034,9.68909918964347
1907-05-01,17.0,12.87740357872433,13.358137304991157,13.954961760131619
1907-06-01,13.6,14.475926941302424,15.018809972615932,15.435447070809639
1907-07-01,15.2,16.028120222008432,16.554880197801555,16.98783402246189
1907-08-01,17.8,15.782218579836723,16.24153791415479,16.653421373373163
1907-09-01,15.9,14.051365855203578,14.505638544238902,14.922064458716218
1907-10-01,12.6,11.463410749334056,11.918273183500151,12.334330021748732
1907-11-01,9.3,8.060965086701431,8.642835740699269,9.049412223741294
1907-12-01,7.2,6.238600787085913,6.695639493642441,7.180741841876105
1908-01-01,5.2,5.262479580398688,5.720734735826792,6.134932462053091
1908-02-01,6.4,5.259485823755181,5.67065471408568,6.143211862521117
1908-03-01,4.2,6.902176216189124,7.378662156892654,7.786626077418232
1908-04-01,5.9,8.783417492400403,9.280496336628484,9.731999927913813
1908-05-01,13.3,12.86879737509377,13.353632417242265,13.935476364129709
1908-06-01,17.3,14.496699640774903,15.007874831615226,15.445258458834479
1908-07-01,16.7,16.059168883392225,16.565711013137594,17.000067477734127
1908-08-01,15.9,15.796822683207514,16.25005952386683,16.645143217211803
1908-09-01,15.4,14.069857312873431,14.512187538664179,14.930471100655506
1908-10-01,14.2,11.469032226766034,11.930061242549158,12.343187304403083
1908-11-01,8.9,8.10125916195793,8.649061750751779,9.0820095545344
1908-12-01,7.8,6.262405963621146,6.710115268126186,7.203030300017691
1909-01-01,4.3,5.278916911403274,5.726000104519928,6.181762966397899
1909-02-01,7.5,5.270873080756011,5.684898616443644,6.144773004971177
1909-03-01,7.5,6.9269484276651125,7.3770794850425885,7.784057919857637
1909-04-01,10.1,8.811037662449003,9.301230889345561,9.729457558790715
1909-05-01,14.1,12.87507578270687,13.370626343079284,13.976856792972718
1909-06-01,14.8,14.53648302215349,15.01803198699804,15.44349220001039
1909-07-01,14.4,16.13484786904327,16.582883511551437,16.99627965336813
1909-08-01,16.9,15.836864804518335,16.254068881564365,16.672155924711067
1909-09-01,13.9,14.100909547049278,14.519662455920075,14.972512550702845
1909-10-01,14.9,11.494092287494489,11.940900322351363,12.356208406465056
1909-11-01,7.4,8.144664077445976,8.663761807763397,9.087651894364319
1909-12-01,10.0,6.2891187448519315,6.724417832248922,7.208480836259123
1910-01-01,7.3,5.325123493583678,5.7347931397924174,6.189536606638075
1910-02-01,7.9,5.2709892829328115,5.697682303781267,6.160804840563917
1910-03-01,7.3,6.956031623365978,7.3989345460811515,7.816415070506488
1910-04-01,10.1,8.824149385321272,9.317957649559242,9.741839792037323
1910-05-01,13.5,12.8914791639889,13.388766619950182,13.96736733409538
1910-06-01,16.8,14.56549406511896,15.029883772583693,15.48607018601698
1910-07-01,16.3,16.202284470754996,16.602734658783284,16.98634374977622
1910-08-01,14.5,15.878639283888841,16.267537546247567,16.652798968176604
1910-09-01,14.1,14.135889383260837,14.530689558562761,14.972038569896831
1910-10-01,15.0,11.564210543118506,11.952508523614474,12.377311243911933
1910-11-01,6.6,8.180714964708928,8.672307759103576,9.123222569514576
1910-12-01,7.6,6.287710765174921,6.723073931246086,7.219664274188443
1911-01-01,5.1,5.347265093448291,5.755642322680044,6.183465270890888
1911-02-01,7.0,5.2796799711658915,5.704226526533553,6.160292125224695
1911-03-01,9.1,6.948574111472147,7.418948858331367,7.798736592324856
1911-04-01,8.7,8.884995006520878,9.32401681027577,9.744862171869437
1911-05-01,15.8,12.902045677841382,13.400516911010854,13.965210089630395
1911-06-01,14.6,14.5482519434767,15.036729210828163,15.494264063802241
1911-07-01,20.9,16.203614705477676,16.625477457660217,17.011960919005887
1911-08-01,20.9,15.876058500579227,16.28815515715345,16.677361117726488
1911-09-01,16.0,14.171652767738097,14.549445629360264,14.973654607128259
1911-10-01,10.8,11.561533556327776,11.957597394247461,12.353659680888507
1911-11-01,8.9,8.219694759035464,8.683565681807586,9.131700414020036
1911-12-01,8.0,6.299732746971848,6.741722541527144,7.20289393718691
1912-01-01,6.8,5.37158177578498,5.770281549175062,6.237922600239793
1912-02-01,9.9,5.289805133856281,5.715777424902094,6.178496191420771
1912-03-01,9.7,6.943274990869566,7.426934854681044,7.808587325934922
1912-04-01,9.8,8.900378354026094,9.325718824812373,9.746566478959616
1912-05-01,12.1,12.913158810031165,13.433309368427121,13.955450574444685
1912-06-01,14.3,14.525034961177635,15.035495367365968,15.510811636505048
1912-07-01,21.1,16.234749376469317,16.628385960829014,17.02838914198812
1912-08-01,14.1,15.860359349518241,16.28702266675092,16.66576839070944
1912-09-01,11.1,14.159173615133342,14.56327492980264,14.996019564101392
1912-10-01,11.8,11.570467417279103,11.96216666006238,12.386078935579855
1912-11-01,7.1,8.214486533145529,8.690465613713545,9.151793745040155
1912-12-01,10.6,6.324847758032576,6.744080145011325,7.200599621247795
1913-01-01,6.2,5.380413244540419,5.783527257269835,6.234771564845504
1913-02-01,6.8,5.320025694811909,5.7087819447499815,6.188048939891268
1913-03-01,10.0,6.953325272545842,7.440291741949357,7.821690624905865
1913-04-01,11.7,8.86559898572868,9.347120064337034,9.74660438313061
1913-05-01,16.0,12.93662460295673,13.438136642637648,13.977398596638396
1913-06-01,16.1,14.544100601391866,15.040592632058566,15.49964036252995
1913-07-01,15.1,16.24316693846209,16.64872967982135,17.028061673636728
1913-08-01,17.1,15.86814078561949,16.287499439451096,16.666766014038245
1913-09-01,13.1,14.167536838214764,14.57378951829191,14.9951908954165
1913-10-01,13.1,11.571380445113382,11.970362176028063,12.379196982022075
1913-11-01,10.5,8.225915841231254,8.708643407688886,9.153815806264692
1913-12-01,7.3,6.327888796308465,6.746216299867926,7.206488852279234
1914-01-01,4.9,5.4144452827770175,5.794529489284333,6.256254442042281
1914-02-01,7.7,5.304503370065265,5.7079774024499095,6.177746440093471
1914-03-01,9.6,7.028068436674032,7.463435305622336,7.821281051755276
1914-04-01,10.2,8.872399717819091,9.356377422966766,9.744815806713836
1914-05-01,14.0,12.93420970349159,13.45443480167804,14.021030880930779
1914-06-01,13.9,14.561131074017279,15.055311170827258,15.488314703908607
1914-07-01,17.7,16.285414478449713,16.652806070803948,17.064459570829655
1914-08-01,17.0,15.872902025585457,16.288718880286957,16.667860614186928
1914-09-01,17.2,14.186715976027909,14.586544518578604,15.019904257940711
1914-10-01,10.2,11.569898687566143,11.974106072413562,12.363941692227485
1914-11-01,10.3,8.228451649967575,8.714311028649492,9.170072190544587
1914-12-01,9.7,6.36746875564814,6.744994546939233,7.168093824243431
1915-01-01,7.2,5.413412470667882,5.820955208055013,6.258999508273094
1915-02-01,4.5,5.312093852110441,5.710580617294132,6.1285375192932054
1915-03-01,9.7,7.0426378081802445,7.4575464746395,7.837201998314514
1915-04-01,8.2,8.908424684171743,9.349361567664312,9.735386194416776
1915-05-01,14.4,12.934771370859975,13.450603773931366,14.02180570220565
1915-06-01,17.2,14.58378779608685,15.042696415710502,15.512831512925535
1915-07-01,16.9,16.28704658677662,16.65624011047384,17.048144217602495
1915-08-01,15.8,15.87404160988648,16.29866617647917,16.67193756134693
1915-09-01,16.4,14.18806254510197,14.586736356512347,15.002544515983617
1915-10-01,10.5,11.577900283122412,11.972950999580835,12.361035687744769
1915-11-01,7.4,8.256226815687187,8.725930239592364,9.16596118972181
1915-12-01,9.2,6.364069574973258,6.739177332597366,7.189917443456017
1916-01-01,7.6,5.448500942682391,5.8245004275270995,6.256943134000513
1916-02-01,6.0,5.306501445663364,5.714293343689689,6.120815045563714
1916-03-01,10.3,7.025946439035098,7.453085205722076,7.839371565524302
1916-04-01,11.9,8.897879723744513,9.348940609850509,9.742924416765954
1916-05-01,15.3,12.936399159389033,13.454395120010211,13.96925711406045
1916-06-01,14.4,14.542806817203466,15.045522056766153,15.505290297901242
1916-07-01,14.3,16.283356832981674,16.665940799349592,17.053917577578645
1916-08-01,16.8,15.833275886015455,16.295662587677093,16.65780645007776
1916-09-01,14.7,14.187491788949657,14.586013900256066,14.992466821888256
1916-10-01,14.1,11.567157306124956,11.964830457778987,12.357155842555688
1916-11-01,11.3,8.247094111681534,8.736196006337586,9.163123832908106
1916-12-01,6.4,6.337135298372849,6.742185980090376,7.195846569805105
1917-01-01,8.8,5.405978859520235,5.823131442291125,6.282795506941543
1917-02-01,2.9,5.303080360332992,5.7013486630002665,6.1526876727315924
1917-03-01,5.5,7.026158444801261,7.459299656758947,7.863509078154035
1917-04-01,7.2,8.862332120297063,9.358817837593115,9.742033960802207
1917-05-01,17.3,12.93537520691086,13.453007575942872,13.985606781864977
1917-06-01,18.1,14.55038472978272,15.05503133921787,15.52073752700543
1917-07-01,16.2,16.289833354550694,16.67644955836925,17.082431941167375
1917-08-01,15.3,15.85263491772435,16.294160639051853,16.661245566829347
1917-09-01,14.5,14.17896359135535,14.587373301974647,14.997357658790015
1917-10-01,13.2,11.575616368569255,11.974375022585262,12.377480473424017
1917-11-01,9.6,8.26858129737742,8.727718299217052,9.172951680584415
1917-12-01,4.1,6.344515203601434,6.750204906970241,7.183475874203494
1918-01-01,9.1,5.429730662225314,5.837195278887513,6.279571181952765
1918-02-01,8.4,5.310940450944839,5.697216339392581,6.110460401378521
1918-03-01,6.9,7.014073603221706,7.468629067468546,7.887484305973611
1918-04-01,9.2,8.911948034635445,9.370911460450852,9.765457444169373
1918-05-01,15.5,12.9477531484804,13.44266520783164,14.016803660335775
1918-06-01,13.8,14.5678456512359,15.05956671731439,15.51027558594297
1918-07-01,18.1,16.31361864094705,16.682247008647483,17.10743936544222
1918-08-01,17.7,15.869275790817563,16.294117088699146,16.68420184525206
1918-09-01,15.2,14.220162590255965,14.605384414854617,15.013981207097975
1918-10-01,9.8,11.601175631076888,11.977715263154941,12.378114635276214
1918-11-01,8.3,8.279686369575199,8.75001321613787,9.160047967592698
1918-12-01,10.5,6.35918948823366,6.75330480567573,7.174412668202867
1919-01-01,7.9,5.424830776508254,5.84986747788561,6.284532315790226
1919-02-01,7.1,5.348623817232198,5.710808296448356,6.100324339764107
1919-03-01,8.9,7.067578025445307,7.475787106968227,7.881028622936399
1919-04-01,7.5,8.955875783392488,9.378993241728985,9.769193329710227
1919-05-01,13.2,12.954258196797026,13.462146541602964,13.982228530438297
1919-06-01,18.4,14.556826438759336,15.068462727426994,15.525955418850323
1919-07-01,14.6,16.33200628174703,16.710489460233774,17.09000257118611
1919-08-01,17.0,15.890583318989519,16.304981948423027,16.67506810311372
1919-09-01,18.2,14.232022519750732,14.613226223428569,15.037149103042669
1919-10-01,12.3,11.636075465539074,11.987245064388848,12.376465688142037
1919-11-01,7.8,8.302909797607422,8.767096298838336,9.172718888047216
1919-12-01,8.4,6.361366826634038,6.765542473105921,7.174319525611308
1920-01-01,7.2,5.486243871961246,5.871583951928372,6.30839238853861
1920-02-01,6.5,5.344540558314782,5.7279712469229995,6.1132601480494575
1920-03-01,10.5,7.093860680800642,7.496534878815418,7.892345448024299
1920-04-01,10.6,8.949713893991838,9.405231546279342,9.77798384843052
1920-05-01,15.8,12.958087264486936,13.464792994105945,13.987382300628159
1920-06-01,14.5,14.574835504435683,15.082120283530156,15.508294933705983
1920-07-01,16.6,16.343238422857063,16.720698905034077,17.10533314956581
1920-08-01,12.6,15.878364856563403,16.312396027299883,16.669636259312316
1920-09-01,13.5,14.236040375963492,14.61834177119493,15.031780295933233
1920-10-01,13.3,11.65316949933715,11.996207884126981,12.402464210986123
1920-11-01,8.7,8.338582659704956,8.773273430670365,9.197183174113208
1920-12-01,8.9,6.36407059619116,6.768486272570742,7.180176832943009
1921-01-01,10.9,5.487116212808413,5.885640285063145,6.307179647550534
1921-02-01,4.8,5.33173068605678,5.7360838272877315,6.118672484456541
1921-03-01,7.0,7.09586401238581,7.502505384134857,7.9048586969442205
1921-04-01,10.4,9.000758266311824,9.41008834123107,9.810462711532878
1921-05-01,13.2,12.98761097881577,13.47178694067653,13.974756237267519
1921-06-01,14.9,14.618907020420343,15.09431211311313,15.512521032597377
1921-07-01,17.9,16.378894519889354,16.744163755332707,17.14014452347233
1921-08-01,16.0,15.894134117815257,16.318985258433074,16.691844106536696
1921-09-01,14.5,14.289256868614766,14.652958725163622,15.035567603511426
1921-10-01,14.8,11.644252489882748,12.019948086565986,12.41190367363179
1921-11-01,7.6,8.354463886061588,8.800323750949037,9.216193780854105
1921-12-01,7.6,6.3757272444863515,6.777304418217984,7.175967926537902
1922-01-01,4.7,5.488887576649057,5.902932210907215,6.301585177071941
1922-02-01,8.9,5.344386688821222,5.739727905699701,6.1251770568879085
1922-03-01,9.2,7.1012717992487255,7.516146079966466,7.940847853397872
1922-04-01,11.4,9.02233780547527,9.435353497847721,9.82045764862723
1922-05-01,19.8,12.992204550532303,13.48505611108027,13.98261883892959
1922-06-01,13.8,14.590693544284907,15.109970744243274,15.540569938757505
1922-07-01,15.1,16.40047990227441,16.752874511202805,17.17368305644222
1922-08-01,15.2,15.877295157071474,16.317134920838228,16.68848181589034
1922-09-01,13.2,14.27408708489132,14.647329677748104,15.063794727047503
1922-10-01,13.0,11.647984569444567,12.015132035111625,12.39795374958876
1922-11-01,6.9,8.345169522993627,8.806159198981966,9.236090910745276
1922-12-01,5.9,6.368534643370838,6.7845516627790605,7.201027340076063
1923-01-01,7.3,5.4851057420379945,5.901504621429753,6.337192815534581
1923-02-01,8.6,5.354687227428669,5.751197309243567,6.144939040929981
1923-03-01,10.1,7.086848333584225,7.528498328594881,7.92418808047083
1923-04-01,9.3,9.024424512490201,9.440499430076565,9.831187437291536
1923-05-01,14.2,12.99466699021977,13.456260164810951,13.981158968328133
1923-06-01,12.6,14.590613325207002,15.115001673965518,15.540217862584099
1923-07-01,22.7,16.381046590320526,16.753329574065432,17.170593030809837
1923-08-01,16.9,15.892493111544038,16.325141561847815,16.711834889832467
1923-09-01,12.0,14.27931807637438,14.64681105052347,15.06819565578979
1923-10-01,14.0,11.647073966216013,12.013034272335386,12.387578040592992
1923-11-01,8.7,8.361647671235225,8.80919418894113,9.234505561265161
1923-12-01,5.2,6.338530943125476,6.775046339743675,7.1850664156689685
1924-01-01,6.6,5.500928836398557,5.909843299871311,6.3172066602874395
1924-02-01,4.2,5.359674113570946,5.7321061030201825,6.135040566658244
1924-03-01,8.0,7.059634238902439,7.520489402957918,7.921783826934212
1924-04-01,10.3,9.022980617527454,9.447767777475033,9.820599452088578
1924-05-01,15.1,13.000721290122696,13.423403129830227,13.971374902147488
1924-06-01,15.2,14.605374006616827,15.116619550859856,15.527612411781693
1924-07-01,16.2,16.38577253066235,16.75207881600278,17.168202503627487
1924-08-01,15.1,15.898617064676642,16.32196559124933,16.681114029818687
1924-09-01,15.9,14.282801713174672,14.635125908427044,15.091618755155999
1924-10-01,11.2,11.63906611334473,12.006239038118167,12.38760155473065
1924-11-01,10.8,8.381531553817913,8.82138319474165,9.201891708304524
1924-12-01,7.1,6.317115187593188,6.785775907934616,7.182735995499858
1925-01-01,6.8,5.490434117540189,5.908592196962861,6.315296587746927
1925-02-01,8.3,5.3461106427992755,5.741780522438496,6.124114896219966
1925-03-01,6.2,7.080853893750148,7.521747517421184,7.933535930874549
1925-04-01,9.6,9.033102763247005,9.467919182213155,9.844433667101818
1925-05-01,16.1,13.004742951569968,13.423268441822996,13.982323021323825
1925-06-01,15.0,14.603817827710358,15.11824744739178,15.514616978112695
1925-07-01,20.7,16.38881560628684,16.752063727533617,17.162698019503427
1925-08-01,15.9,15.936047834826297,16.33216949151528,16.70171315799066
1925-09-01,12.7,14.288704271018728,14.639260451227305,15.077384850782423
1925-10-01,14.1,11.605094349869756,12.008572196778841,12.373249803286008
1925-11-01,8.0,8.418750829395723,8.832235641068833,9.213932050524582
1925-12-01,10.0,6.353891010334232,6.768045082307296,7.17335684254581
1926-01-01,8.3,5.495087639560424,5.904894140909619,6.3372239620847735
1926-02-01,8.0,5.360919822549107,5.728955215758615,6.109887601540427
1926-03-01,8.1,7.077881525189421,7.532668568969843,7.891121066313696
1926-04-01,12.5,9.036449000901277,9.46494282180178,9.821766807686695
1926-05-01,12.4,12.996955248346358,13.399188601455942,13.917010240319849
1926-06-01,14.1,14.595876044791538,15.120291530741497,15.512022498511758
1926-07-01,17.8,16.395462301887864,16.744158430431888,17.157997682218838
1926-08-01,17.7,15.90267112786747,16.32862820191106,16.699642644557844
1926-09-01,16.7,14.26046471962961,14.636097461067287,15.068208699370414
1926-10-01,12.2,11.603112139227463,11.998978795560657,12.356181270842281
1926-11-01,11.6,8.407572686908999,8.816091696682424,9.238059417443298
1926-12-01,4.7,6.322047560621876,6.755811674154247,7.174247012389253
1927-01-01,6.8,5.470805588985559,5.896150296044404,6.3294937721065985
1927-02-01,6.1,5.358094151272214,5.720406960897108,6.0946207678641855
1927-03-01,7.7,7.061885731213774,7.526405345988996,7.879569733302468
1927-04-01,8.5,9.001236958707057,9.44259472841858,9.833748373865141
1927-05-01,13.4,12.981666386914924,13.382456381889805,13.869432821410777
1927-06-01,13.0,14.610595036537962,15.117242171327586,15.517560017285648
1927-07-01,16.4,16.35629907335712,16.736182407026355,17.140815918289974
1927-08-01,16.4,15.904057952905463,16.308838700771634,16.723270040139617
1927-09-01,16.3,14.267254688204005,14.626670068425703,15.068614650432691
1927-10-01,13.1,11.602977872136837,11.979950317311506,12.34877244181313
1927-11-01,10.9,8.357026964845968,8.826658106258847,9.2499368569467
1927-12-01,7.3,6.317765323883482,6.733216519826,7.150390712925266
1928-01-01,4.9,5.4800340735344015,5.890475453088523,6.313051489602988
1928-02-01,9.3,5.33652833952611,5.706811853234285,6.087632818189135
1928-03-01,8.0,7.04555779455837,7.513802845769522,7.883415850640533
1928-04-01,10.9,9.008951465358802,9.447204476805515,9.836289186712172
1928-05-01,13.4,12.97609361960731,13.367651739406359,13.846885257185171
1928-06-01,13.4,14.631715156315476,15.118945141541923,15.518771101599473
1928-07-01,16.7,16.33885089944552,16.739711586406752,17.14056169435888
1928-08-01,15.0,15.904185122616582,16.313699127768214,16.716018744969983
1928-09-01,16.3,14.250933498948482,14.629249522713991,15.040045600012917
1928-10-01,11.3,11.588779041715219,11.977851051837103,12.357697286195785
1928-11-01,10.2,8.374666733318596,8.821768219185477,9.214420999683803
1928-12-01,7.0,6.3126980506257455,6.740876866994791,7.152695530645057
1929-01-01,1.2,5.476672435673487,5.899948062220908,6.300149613572985
1929-02-01,1.7,5.317290086695045,5.708175495152821,6.094107277927016
1929-03-01,9.2,7.058746313084877,7.527975947741718,7.881316212056453
1929-04-01,9.1,9.03950428248017,9.457481761014002,9.844367971636638
1929-05-01,15.9,12.97655840094385,13.372123097948432,13.831341479840136
1929-06-01,14.1,14.619780935818014,15.149407158891023,15.538241563508196
1929-07-01,17.5,16.324780610504696,16.74799352686464,17.127666357759868
1929-08-01,18.0,15.922717701893342,16.326364945300746,16.713317624792843
1929-09-01,16.7,14.261519370393518,14.637145836060526,15.063523910698503
1929-10-01,12.1,11.61258424852335,11.992899733671202,12.362561381524062
1929-11-01,9.8,8.450544417988883,8.839592771516077,9.234451262522981
1929-12-01,8.3,6.332359285278809,6.757449759502146,7.168385563970637
1930-01-01,10.0,5.503488390512266,5.918011128803167,6.330814547745502
1930-02-01,4.8,5.352751375490779,5.719548993584769,6.100254646197862
1930-03-01,5.8,7.076487729259292,7.5371027917764,7.925442068848326
1930-04-01,10.7,9.102176902800242,9.478441777915313,9.862401279085944
1930-05-01,12.3,13.008482035215536,13.371717180638843,13.805886958957744
1930-06-01,16.5,14.700130905296172,15.157726701030652,15.552232747851164
1930-07-01,17.2,16.346370890493585,16.766797894378733,17.139055619718793
1930-08-01,19.6,15.946463129894475,16.341741428676972,16.732594276800647
1930-09-01,14.1,14.314509477881234,14.66584932900615,15.072881586374413
1930-10-01,13.4,11.623528665611879,12.003381000159091,12.390899590954762
1930-11-01,10.2,8.475107297153343,8.862256710770946,9.254026156445688
1930-12-01,4.8,6.329486301979517,6.77129424625119,7.1795951039613275
1931-01-01,6.8,5.509099446798409,5.92445881389968,6.35776760364514
1931-02-01,4.2,5.330671136143907,5.7270088333434375,6.1050247657699375
1931-03-01,8.6,7.112177671372132,7.553569752025239,7.932023214745137
1931-04-01,8.4,9.11869469383218,9.496783371816782,9.891492851230419
1931-05-01,15.3,13.016471685729051,13.391317746097558,13.814133293253361
1931-06-01,15.1,14.752484752676782,15.194217072771053,15.588645319212853
1931-07-01,16.5,16.370990556625227,16.77779055063114,17.172594648560423
1931-08-01,17.0,15.97261166674773,16.362211220115434,16.76156451141742
1931-09-01,13.2,14.31796305224631,14.68827777539489,15.11883273533738
1931-10-01,10.1,11.631454491674436,12.026959387770543,12.405365889529225
1931-11-01,11.6,8.494407706968651,8.88078008887156,9.271067700184322
1931-12-01,8.7,6.37389936657803,6.801100447803654,7.208244111854444
1932-01-01,10.1,5.560674427568429,5.958793072216044,6.380806734317694
1932-02-01,5.0,5.358881568823817,5.7450912361367585,6.109183619905373
1932-03-01,6.5,7.137915135075494,7.591829469522079,7.969005046323944
1932-04-01,9.9,9.157997586715892,9.522256028723454,9.9014935469961
1932-05-01,15.4,13.021241879837977,13.397337595766711,13.808958146393346
1932-06-01,16.9,14.761387698709411,15.217506509023998,15.62057137410683
1932-07-01,17.4,16.387173024511632,16.79011079913647,17.211022039574182
1932-08-01,21.4,16.02009629106027,16.379734459759486,16.76908125171547
1932-09-01,16.7,14.341640156939128,14.698048032153864,15.15198858162554
1932-10-01,12.5,11.609540069172498,12.033993221241975,12.416566483126363
1932-11-01,9.5,8.506647605495537,8.889451869050308,9.304801244978533
1932-12-01,8.1,6.356055286514815,6.804384460544537,7.205275263825377
1933-01-01,7.7,5.569777632614588,5.973721611962436,6.389973622193207
1933-02-01,9.5,5.364290413301905,5.757646104565677,6.153714814688586
1933-03-01,10.1,7.138086405266248,7.598742589911231,7.966806306603028
1933-04-01,9.5,9.156939999470191,9.549309986033597,9.936634955018341
1933-05-01,13.3,13.012493773179044,13.391356594885142,13.807102654065046
1933-06-01,14.8,14.800207105988651,15.244031891844237,15.647187371261895
1933-07-01,19.3,16.366416134265762,16.80261644936052,17.204252846711242
1933-08-01,17.1,16.021144638316432,16.38624662509945,16.780425340583975
1933-09-01,14.5,14.339660887730574,14.706473131416558,15.156472705783903
1933-10-01,14.6,11.63397136990853,12.039030938785519,12.430687011081138
1933-11-01,6.2,8.504579789596805,8.900898952962265,9.30141122600014
1933-12-01,0.3,6.374399944441346,6.809924590726011,7.205073453868624
1934-01-01,9.1,5.5612623105341426,5.962212293997207,6.406824454390255
1934-02-01,5.0,5.3368054045972535,5.759927212192327,6.171924143024161
1934-03-01,6.0,7.146775239367234,7.5965946955586405,7.973896432691181
1934-04-01,11.6,9.153220736551566,9.5583100048954,9.951893636089606
1934-05-01,14.6,13.014922906500155,13.385093384206353,13.791250661161627
1934-06-01,15.5,14.804046415892692,15.24882216358387,15.666496416151627
1934-07-01,17.2,16.413688186181663,16.812841878476775,17.197940284691967
1934-08-01,15.5,16.00681326996901,16.388085757876674,16.80473930944006
1934-09-01,18.2,14.357916782739894,14.727897680981231,15.140420196108206
1934-10-01,14.4,11.6525519704606,12.049516728947381,12.433123311034384
1934-11-01,6.9,8.54725706859705,8.921751084729994,9.325265317355928
1934-12-01,10.7,6.412923455020049,6.825665588242192,7.238727835870133
1935-01-01,6.9,5.574079724183688,5.97716019542713,6.4110802718542335
1935-02-01,7.8,5.3638727851896615,5.776966033718397,6.156041856339195
1935-03-01,7.3,7.177420849854542,7.619867753715037,8.012414209290867
1935-04-01,10.8,9.200888457884325,9.57204880712035,9.977239354020005
1935-05-01,12.9,13.003285169628906,13.388282270570443,13.800122003387294
1935-06-01,19.2,14.81910637889894,15.280099457241192,15.72301909204108
1935-07-01,17.0,16.430613980885724,16.827528814197215,17.218065245702466
1935-08-01,17.7,16.02021704183374,16.404996764050615,16.828281756837303
1935-09-01,15.7,14.360710619726715,14.750551213249476,15.175340112465868
1935-10-01,12.0,11.629710003991349,12.057306398828377,12.464818759037131
1935-11-01,10.9,8.52137133051523,8.933889637099373,9.363018856674184
1935-12-01,8.0,6.417188942311603,6.838407452714865,7.261369764897958
1936-01-01,9.6,5.54200734424446,5.984221317354143,6.411975068595522
1936-02-01,6.7,5.3688919438359415,5.776000969764522,6.17722707908705
1936-03-01,10.8,7.182309409256945,7.629837806570494,8.03997489395443
1936-04-01,9.2,9.231766830858655,9.583351610022609,10.012528978080667
1936-05-01,12.3,13.022942133381667,13.381389835169173,13.77529730604957
1936-06-01,18.2,14.83936750844645,15.29191880703879,15.74802667800416
1936-07-01,17.1,16.43812746663585,16.83346428655213,17.222925738941044
1936-08-01,16.2,16.02065650739582,16.412304003431327,16.829474256470114
1936-09-01,15.4,14.374905167259325,14.737929930114781,15.218912403905152
1936-10-01,10.7,11.647202826484872,12.071690078837234,12.466877736188474
1936-11-01,9.2,8.555149021599512,8.94408219282194,9.38538871897665
1936-12-01,10.0,6.427453160585903,6.854257503706244,7.266409866694399
1937-01-01,8.9,5.58883634648867,6.001232562234942,6.422682025489485
1937-02-01,7.3,5.3758186106183246,5.788443573873119,6.185176469709065
1937-03-01,6.9,7.222567849549792,7.639788700428588,8.079495745326923
1937-04-01,9.7,9.235364026051512,9.604663232550148,10.016650292329803
1937-05-01,16.5,13.007686214376983,13.376565902141987,13.792896149434265
1937-06-01,18.0,14.883710405495338,15.317314379057805,15.768904231053666
1937-07-01,15.8,16.442390854810924,16.82875222900823,17.235099288930066
1937-08-01,19.3,16.058278823377904,16.418300673532833,16.85142754193232
1937-09-01,14.2,14.36484877945017,14.764680809555735,15.215223384117776
1937-10-01,14.4,11.650565469258497,12.081174557893629,12.489301384526934
1937-11-01,8.6,8.573184000502257,8.959032622750577,9.40244053003913
1937-12-01,5.8,6.46667464290595,6.856035089160649,7.257038352403586
1938-01-01,7.7,5.593853701535613,6.002159330407238,6.4143241518489535
1938-02-01,5.8,5.386666281850162,5.7967519484561425,6.15569870737677
1938-03-01,8.9,7.209252857009779,7.650878559033295,8.04381244787742
1938-04-01,6.8,9.261123384957234,9.608213780583087,10.026485955213564
1938-05-01,13.7,13.011022824112418,13.370645448758722,13.782911995263394
1938-06-01,15.6,14.90724297243242,15.314560752676279,15.75277221855038
1938-07-01,15.0,16.445750497806063,16.827588065322832,17.22563401467703
1938-08-01,18.3,16.049582166312398,16.412846725438477,16.859154220615505
1938-09-01,17.3,14.38820647688541,14.762096850087806,15.253776067600231
1938-10-01,12.9,11.664347654797373,12.077093970587834,12.463786119909402
1938-11-01,13.0,8.574024446888734,8.959309083866827,9.412845208446672
1938-12-01,10.9,6.481736517481977,6.868425971704056,7.255737217494057
1939-01-01,9.3,5.581722645886373,6.000203009053667,6.43310225427229
1939-02-01,8.3,5.394343530617619,5.79417314795953,6.177882887719129
1939-03-01,7.1,7.24263528329279,7.647762998440532,8.061178478300063
1939-04-01,13.8,9.271232685048462,9.62072654169599,10.005545985991931
1939-05-01,10.8,13.00275817414554,13.363032968514414,13.76688523718549
1939-06-01,17.3,14.905597134303424,15.336670953500988,15.759327051904787
1939-07-01,16.5,16.479312477765735,16.827113999294134,17.247990292705804
1939-08-01,16.3,16.04457519874858,16.41609572435144,16.83195011723384
1939-09-01,17.2,14.385832506252065,14.75734067839094,15.230855235448267
1939-10-01,10.5,11.667971023269699,12.078016470629485,12.464339896824097
1939-11-01,12.4,8.544076576057323,8.965109970619693,9.403304531534554
1939-12-01,9.1,6.474037536964469,6.863936138627171,7.249302557649615
1940-01-01,-0.3,5.571476715957128,5.993999769736507,6.387488525896056
1940-02-01,7.3,5.391659849320852,5.789111806791428,6.17086523921957
1940-03-01,10.7,7.242991498461858,7.648652570878952,8.05930694856817
1940-04-01,15.2,9.255949414877497,9.626014731945045,10.006156345139107
1940-05-01,13.6,12.975798833638514,13.334687553107756,13.770579669655646
1940-06-01,15.4,14.894423527688478,15.326091440923545,15.762492690999087
1940-07-01,15.2,16.468950008967926,16.828146808901277,17.26558646384935
1940-08-01,14.4,16.033143799667762,16.409463769042738,16.814961531352527
1940-09-01,13.5,14.381514595220477,14.755660007112361,15.216552116523827
1940-10-01,13.4,11.677564090284477,12.074085126370848,12.444752683411336
1940-11-01,10.1,8.546119125794814,8.969756420785437,9.432794096107132
1940-12-01,3.4,6.467675876215142,6.851169781534179,7.230574809860822
1941-01-01,6.3,5.577019831328323,5.980791132914703,6.418589570860921
1941-02-01,8.7,5.382932322259207,5.782802534377136,6.168097713403206
1941-03-01,8.5,7.242625357279141,7.652995094678606,8.087386321074096
1941-04-01,7.9,9.254909011820597,9.636326044284623,10.006741893142902
1941-05-01,10.4,12.961490528445829,13.335719823190997,13.751871663472187
1941-06-01,20.3,14.942915733093026,15.330814535377254,15.744587690951317
1941-07-01,18.9,16.448791892014228,16.845972145949005,17.263055423191133
1941-08-01,15.1,16.00680838655586,16.420028089466133,16.81762997391384
1941-09-01,14.6,14.387784057723358,14.761001274420032,15.19342541501304
1941-10-01,13.9,11.684496642773498,12.062426662669534,12.464679389787058
1941-11-01,9.4,8.531787636389005,8.978548852043824,9.398074769846803
1941-12-01,8.8,6.465809693003723,6.874397083060167,7.2591239912097665
1942-01-01,1.7,5.596392350307941,5.983434972090783,6.418478059240103
1942-02-01,-0.5,5.39568563802952,5.779916344059359,6.163063525671207
1942-03-01,8.4,7.273654010036984,7.654055336120548,8.074944423437643
1942-04-01,9.5,9.27067231488492,9.641322355620456,10.07485780061279
1942-05-01,12.3,12.932584653147323,13.342748145555245,13.748692126461053
1942-06-01,16.2,14.935426158155558,15.341683662197852,15.79437617886175
1942-07-01,17.4,16.47038537464918,16.85977693986805,17.273059085806175
1942-08-01,19.4,16.03977025861461,16.441368344541697,16.828161737616785
1942-09-01,17.2,14.395197271169598,14.779549845745262,15.211699313057998
1942-10-01,14.3,11.690143349413555,12.074266153478957,12.483332152612206
1942-11-01,8.8,8.572925606441796,8.989010071561413,9.44844584999036
1942-12-01,7.5,6.465157129143204,6.879042334856622,7.279476449998099
1943-01-01,8.1,5.640056568781453,5.998434992965114,6.38969859160461
1943-02-01,7.0,5.430291298830604,5.80455279658931,6.202953309863947
1943-03-01,11.2,7.266072788008335,7.672576376148078,8.103152199458581
1943-04-01,11.5,9.29149543568268,9.663528113707851,10.08513694983383
1943-05-01,13.7,12.987877727355903,13.353392406536912,13.782457266289102
1943-06-01,15.5,14.959900331101245,15.373990563728402,15.795235606287891
1943-07-01,17.2,16.501308146230453,16.89414761536287,17.298816458531796
1943-08-01,18.7,16.042418988599376,16.457479317631073,16.856516927556857
1943-09-01,18.3,14.429325365307218,14.799437139793536,15.255186466423664
1943-10-01,12.2,11.685519003605037,12.084006686418562,12.509929952288127
1943-11-01,9.8,8.593575563910926,9.007359724868035,9.484405026222268
1943-12-01,4.9,6.471486822787574,6.90448490579908,7.281413828378399
1944-01-01,7.7,5.655621596822325,6.018521295542348,6.443625686173609
1944-02-01,5.7,5.452435243084869,5.821090597703976,6.19207299903737
1944-03-01,4.8,7.296633456404002,7.700997008536112,8.105956423712623
1944-04-01,10.2,9.32590295039463,9.680385541020607,10.115901507887124
1944-05-01,17.4,12.992158126055099,13.361906739638973,13.781500415067446
1944-06-01,13.4,14.98874713191029,15.377761083684517,15.81543364558573
1944-07-01,16.7,16.51890088056278,16.905779721165423,17.30055930603079
1944-08-01,19.0,16.05663575501556,16.468720604285622,16.885094285383982
1944-09-01,14.6,14.453315700510018,14.81201880063461,15.265513442025663
1944-10-01,9.2,11.68899286637825,12.10938623846454,12.556904779476302
1944-11-01,11.0,8.601910144976658,9.036216727551508,9.467082475775157
1944-12-01,6.6,6.512326137716487,6.93340969647652,7.338370944619069
1945-01-01,2.8,5.670739020244326,6.047499437904735,6.475710926022527
1945-02-01,8.3,5.466611935505979,5.847211348687646,6.273610023130901
1945-03-01,12.7,7.336293285359878,7.717279771073996,8.148763744901201
1945-04-01,13.0,9.355961773100411,9.703119511394528,10.131440913268795
1945-05-01,17.4,12.992867113533578,13.372858531839626,13.81424672391231
1945-06-01,17.5,15.015189958652002,15.406217822964829,15.867715716646494
1945-07-01,20.4,16.553894076010646,16.942353470044942,17.370314959871735
1945-08-01,17.2,16.060502010057068,16.494903621735165,16.93575117588233
1945-09-01,19.7,14.468351074076962,14.828689353319353,15.336509692160684
1945-10-01,13.1,11.677249629298212,12.127167153917243,12.540733742791225
1945-11-01,10.5,8.599911304967883,9.058824113846558,9.498627633025373
1945-12-01,7.7,6.511795006369604,6.950832267344156,7.410785365690076
1946-01-01,8.5,5.6927590410968545,6.066815726754472,6.510441468909257
1946-02-01,8.2,5.470170708126983,5.851503138979336,6.301576031196054
1946-03-01,9.4,7.3257554885440905,7.727350089410768,8.18310892781925
1946-04-01,12.1,9.373566539071565,9.734656358205978,10.182139110271924
1946-05-01,12.4,12.985351773522018,13.383429035616444,13.821739847712399
1946-06-01,13.1,15.035296423665114,15.41586273925593,15.8738821922929
1946-07-01,17.6,16.572736643508648,16.937424136575626,17.38884840036495
1946-08-01,16.0,16.06169706712379,16.497210341835498,16.909478456845243
1946-09-01,16.4,14.467981346814698,14.845011812151029,15.336308562239937
1946-10-01,14.3,11.689858082515483,12.140482762079984,12.565504665713625
1946-11-01,9.4,8.599042110061662,9.053755017047438,9.536684781713687
1946-12-01,3.4,6.515803875616026,6.9573753027774305,7.429416523116089
1947-01-01,7.7,5.684786445278989,6.077218518996389,6.522060270704305
1947-02-01,0.3,5.4697009577387785,5.857909356373739,6.308188600445744
1947-03-01,8.1,7.336762043401611,7.746195568771613,8.177886193069261
1947-04-01,9.1,9.384216012996198,9.737468124617166,10.202938266814298
1947-05-01,16.6,12.991559677866384,13.39441519140302,13.818082104930903
1947-06-01,20.6,15.032089817492727,15.446381448752499,15.904121609445168
1947-07-01,19.3,16.58864485621553,16.949337346149637,17.412583462926477
1947-08-01,19.1,16.063617086257228,16.517516262162296,16.96321924723508
1947-09-01,18.7,14.475928510458662,14.84730426826152,15.368290769050247
1947-10-01,12.2,11.70323831557057,12.146259995425407,12.619994006784506
1947-11-01,12.3,8.649903275114003,9.059505564652323,9.528548661536247
1947-12-01,6.8,6.517957417686726,6.979147057753638,7.414860397935676
1948-01-01,10.5,5.6981606835370275,6.076660574208975,6.520518517397404
1948-02-01,8.3,5.488057348781374,5.870028878819824,6.294415421598893
1948-03-01,10.3,7.339867639689676,7.742529576316548,8.198186262433882
1948-04-01,11.6,9.373325663267606,9.742934502065303,10.250457691135509
1948-05-01,12.8,12.979396076471243,13.376541965417662,13.803060050421788
1948-06-01,15.5,15.065672099698505,15.44733710864316,15.88191590412159
1948-07-01,20.9,16.576844514952224,16.95089352408396,17.396914394582875
1948-08-01,18.1,16.060143348755954,16.509523803778105,16.938922032534283
1948-09-01,15.0,14.45798312556277,14.854793041702926,15.310941590891726
1948-10-01,11.6,11.705435263603432,12.140370384220077,12.591747819526226
1948-11-01,10.4,8.61573256379039,9.06135868272146,9.546191259734798
1948-12-01,9.2,6.534237958995915,6.974177625548968,7.397414801747107
1949-01-01,6.8,5.63778119597344,6.061548150483068,6.500209018404353
1949-02-01,6.5,5.511082579586575,5.858825801075462,6.301186349338181
1949-03-01,6.3,7.333843690397902,7.734781978419885,8.15441665939456
1949-04-01,14.3,9.352891278772258,9.721534162537012,10.206820124156113
1949-05-01,10.6,12.963880906375737,13.359257578672725,13.759381630706573
1949-06-01,14.1,15.065407904561258,15.432616113159796,15.862002814242445
1949-07-01,17.7,16.58495136710285,16.94901564915784,17.35412452923415
1949-08-01,16.2,16.058867380575442,16.496922745353555,16.88794997849728
1949-09-01,20.7,14.471126042123421,14.83308933795394,15.277903517776688
1949-10-01,15.0,11.70765413173767,12.124563395163017,12.53905017302268
1949-11-01,7.0,8.600884886163312,9.032135578629923,9.541450765436622
1949-12-01,7.1,6.548003370100837,6.957546036325713,7.3936539014849405
1950-01-01,7.3,5.634722152014634,6.04099768833947,6.490343844740502
1950-02-01,7.8,5.489022152486228,5.839175233096712,6.199008819211743
1950-03-01,8.2,7.305007155923358,7.715274021010999,8.142912587265204
1950-04-01,8.4,9.343717447331157,9.71421314803034,10.186273371404784
1950-05-01,14.2,12.924182072541674,13.336831871301264,13.733798767734651
1950-06-01,18.0,15.033430046244435,15.424821834288966,15.860129691754175
1950-07-01,16.9,16.564778438256106,16.922759778842362,17.334413777491495
1950-08-01,17.8,16.06917738551126,16.48141672668824,16.87609852991341
1950-09-01,14.5,14.43624309205133,14.786444845543057,15.267210411070895
1950-10-01,11.6,11.719412147745606,12.113767963705932,12.495518662001915
1950-11-01,7.2,8.58931865151316,9.016176657671611,9.490169585364258
1950-12-01,6.8,6.552179315834942,6.934324466093521,7.399853528222389
1951-01-01,6.6,5.592249437739656,6.033990907337724,6.454822418156347
1951-02-01,5.0,5.4933525225035,5.824916471891468,6.23912812821951
1951-03-01,10.4,7.313710704956039,7.7011806551803454,8.135575519224465
1951-04-01,9.3,9.323046739751112,9.716446199030699,10.162911077931115
1951-05-01,13.6,12.891523833364126,13.31196629356684,13.712965020999437
1951-06-01,16.4,15.04037218804047,15.425234405934749,15.86108954374791
1951-07-01,19.3,16.54848568127048,16.916853211631988,17.339188071872687
1951-08-01,17.7,16.054346884615146,16.473465365194414,16.85461082153719
1951-09-01,17.5,14.428762324088051,14.781846561781506,15.257945469508323
1951-10-01,11.1,11.719207885533912,12.115710036024172,12.483324928854302
1951-11-01,11.0,8.593191047861293,9.00328487468492,9.468925320550976
1951-12-01,7.8,6.524726543953096,6.930216086137985,7.353170825486477
1952-01-01,4.2,5.618556403225309,5.998672445997862,6.435403974820366
1952-02-01,3.7,5.4767549969899845,5.803864660978669,6.235384000703278
1952-03-01,7.4,7.289622388618573,7.691780364022154,8.118099158514068
1952-04-01,12.5,9.335232818621089,9.701685348650805,10.148219364043584
1952-05-01,13.3,12.877154237220086,13.291135741641513,13.735136716683243
1952-06-01,16.1,15.02233517819598,15.417687254587104,15.813710505512718
1952-07-01,20.1,16.55009405002624,16.89939470011423,17.310561924011825
1952-08-01,17.9,16.07749662924614,16.467998753908553,16.852717835550248
1952-09-01,13.3,14.40820237799979,14.764286566106346,15.23442975106424
1952-10-01,11.7,11.716044793376703,12.108867901598629,12.461762402447357
1952-11-01,7.7,8.61879312835111,9.002989832742557,9.452204792369459
1952-12-01,5.0,6.528382414794504,6.934379876963181,7.338768740591717
1953-01-01,6.9,5.620159747827904,5.991766163407865,6.400022847673113
1953-02-01,7.5,5.484808404750856,5.802104708836183,6.224425491194059
1953-03-01,9.6,7.2820410208066955,7.686032685625354,8.08869332989656
1953-04-01,10.3,9.282263564609924,9.693993516206444,10.11098344419777
1953-05-01,16.1,12.880284279966133,13.274519463857864,13.714310777504812
1953-06-01,19.5,15.017757707031683,15.41524481116194,15.823239355054893
1953-07-01,18.3,16.534253359037816,16.884073357001437,17.325426498599303
1953-08-01,17.1,16.04341011220778,16.460538614635524,16.87283260276038
1953-09-01,13.2,14.413925854349541,14.748505977118135,15.184985610561695
1953-10-01,12.5,11.719448924174456,12.10961996631675,12.461429469638064
1953-11-01,9.0,8.612262173824076,9.00162614570134,9.432551294144377
1953-12-01,10.8,6.5177607198732925,6.922045859412735,7.32450980890867
1954-01-01,4.9,5.585249662104797,5.9785443759125325,6.42008020009216
1954-02-01,4.9,5.452125665583041,5.801205450945638,6.240295605835093
1954-03-01,9.2,7.265514756189596,7.682905568080235,8.092044216786421
1954-04-01,9.5,9.284398109394417,9.680781337478066,10.093995555042916
1954-05-01,14.7,12.846495894638679,13.257944559234627,13.686312078395627
1954-06-01,15.5,14.99223785843726,15.405832335861957,15.789220117789919
1954-07-01,15.9,16.540563452101168,16.880350525227513,17.31341855077051
1954-08-01,17.8,16.046593071549093,16.447292200202554,16.894229129094736
1954-09-01,15.8,14.357580415970723,14.748591541415053,15.153651399903183
1954-10-01,14.2,11.73031880127106,12.099555924140812,12.479119001947026
1954-11-01,7.8,8.604049622026425,8.998577130370622,9.436723249454712
1954-12-01,8.2,6.515615550730601,6.91985178473131,7.340486406768964
1955-01-01,7.0,5.5820575940346675,5.972587917539032,6.4119569742219085
1955-02-01,6.1,5.443691316762334,5.798591145683048,6.211145347151517
1955-03-01,11.3,7.2495891246453725,7.678950431530298,8.08438955303266
1955-04-01,11.7,9.290948775519821,9.68424133611061,10.089676177109222
1955-05-01,11.5,12.82807422397421,13.25023869098727,13.68669678976447
1955-06-01,14.3,14.971500044216244,15.400573657168161,15.781740930190452
1955-07-01,18.5,16.515803741127172,16.852895495194495,17.31321178809771
1955-08-01,18.1,16.042275950429055,16.436341739401,16.858337659761705
1955-09-01,16.3,14.358808291584268,14.732977796221748,15.1545794944509
1955-10-01,10.3,11.715754006037987,12.08978761266849,12.449284250743304
1955-11-01,12.7,8.577380241802544,8.98818088485275,9.422785990825307
1955-12-01,8.4,6.500036205085442,6.916067070918229,7.324370548799861
1956-01-01,5.2,5.577513775588689,5.9558815061947925,6.370865593771354
1956-02-01,2.9,5.429632617022961,5.798906478851901,6.208651010772414
1956-03-01,8.1,7.220684029231082,7.668824345445408,8.09828770881066
1956-04-01,9.9,9.269594293011986,9.674824151813361,10.090797897317175
1956-05-01,13.7,12.8123741122532,13.247106983660569,13.692130218212125
1956-06-01,14.2,14.988201535870342,15.405902824045073,15.7918882408882
1956-07-01,16.5,16.50505580103716,16.85986908086209,17.283582544739666
1956-08-01,14.4,16.02636246263308,16.42840996284786,16.869477839751543
1956-09-01,15.2,14.34670927286443,14.726619021600058,15.160145778163006
1956-10-01,14.3,11.69486863929935,12.085883249797845,12.44731335727092
1956-11-01,7.7,8.597166697885514,8.98594851445889,9.389349114592047
1956-12-01,10.3,6.516510159790847,6.913171361395448,7.310619403694819
1957-01-01,10.2,5.540449143447767,5.950573907034759,6.3952819985967055
1957-02-01,8.8,5.425770441844427,5.796043805603328,6.223905788436511
1957-03-01,9.9,7.2391880035038145,7.664834452304609,8.107688693230013
1957-04-01,8.2,9.25720605924279,9.678562949042437,10.09431023109249
1957-05-01,10.2,12.832204922542942,13.228202275685055,13.708849126480187
1957-06-01,18.9,14.98806638892533,15.399479629618817,15.789495107861171
1957-07-01,20.3,16.503021565837177,16.85368709414948,17.288693021391147
1957-08-01,16.3,16.027805620714688,16.42357258607076,16.88232232990131
1957-09-01,15.6,14.353735498766856,14.707013397169705,15.128946647352917
1957-10-01,12.3,11.68089496875737,12.081048676834085,12.457792015730698
1957-11-01,9.4,8.596426700125289,8.980863376687346,9.373146258638492
1957-12-01,7.4,6.513197534807163,6.900019498800347,7.289676069584617
1958-01-01,6.2,5.5511901707497255,5.935550803354093,6.376844660951764
1958-02-01,11.2,5.4250518789347595,5.80104999816168,6.203151471499586
1958-03-01,8.5,7.219322479101987,7.648481141203029,8.08632622329842
1958-04-01,7.3,9.260475080575459,9.664247191585147,10.09579286823123
1958-05-01,13.9,12.801540303310746,13.216416831072006,13.640990234699899
1958-06-01,14.0,14.926324882255926,15.393551968476945,15.764257349349315
1958-07-01,16.8,16.482420836784335,16.848636051375117,17.272618218253587
1958-08-01,17.3,16.016036053384962,16.41164001189913,16.884852883966303
1958-09-01,17.4,14.295505022059823,14.704221221411208,15.11388005062566
1958-10-01,13.4,11.685698112419944,12.079617197487774,12.438263680859869
1958-11-01,7.6,8.592960842676304,8.978141743162515,9.395061061671221
1958-12-01,8.4,6.51884072003911,6.887521834914293,7.326212561227181
1959-01-01,5.8,5.529224126861214,5.940740464183051,6.333612537134013
1959-02-01,6.1,5.415732799457192,5.790978016396291,6.198037217639106
1959-03-01,8.4,7.223583261444636,7.641490240086988,8.095241464042301
1959-04-01,11.8,9.277151340174335,9.659159890984721,10.081547964613463
1959-05-01,15.5,12.77406506810312,13.209281772768566,13.656383329390003
1959-06-01,15.3,14.940269457300618,15.388699126609941,15.790185326953928
1959-07-01,19.6,16.47744267922614,16.85026689267518,17.256553110832407
1959-08-01,17.1,16.003802654686112,16.41935294514972,16.84952093201187
1959-09-01,14.1,14.286378462625487,14.684969335210775,15.094098975620179
1959-10-01,12.1,11.659606481251572,12.073541704750301,12.435863487182015
1959-11-01,8.1,8.566760448728925,8.967055541062901,9.365041187796413
1959-12-01,6.4,6.506147394352443,6.88229250760136,7.289152078361969
1960-01-01,8.5,5.522162607636066,5.922661802479236,6.30871654707613
1960-02-01,10.5,5.407643357939966,5.792598499934715,6.182828061037161
1960-03-01,8.0,7.202973771969825,7.622650417529372,8.0519589405804
1960-04-01,11.0,9.249423434885504,9.651566494303376,10.071423085205753
1960-05-01,13.5,12.760177333661316,13.197973816763168,13.635785625089138
1960-06-01,16.5,14.925051233987581,15.372609776276228,15.756607388465962
1960-07-01,15.2,16.44019497399209,16.841725643219085,17.23379817978938
1960-08-01,16.5,16.003430193838287,16.41963016559131,16.85953024542562
1960-09-01,14.1,14.274408440294955,14.669732416519864,15.067750618007661
1960-10-01,13.9,11.63352219203574,12.064618274556455,12.438830992379273
1960-11-01,10.7,8.54804606375515,8.944147328270239,9.348883204673603
1960-12-01,6.9,6.493139697845381,6.8482221936921865,7.282328799841781
1961-01-01,7.1,5.496785154423982,5.912658944722835,6.30920389128366
1961-02-01,8.3,5.395713808430336,5.7873549361011545,6.154122539736206
1961-03-01,9.1,7.20147777514584,7.612264365186509,8.027014318664826
1961-04-01,12.3,9.227012213031072,9.643347423262218,10.075907191208685
1961-05-01,12.4,12.738042718520365,13.18766496817937,13.608530316423238
1961-06-01,14.3,14.948767684455893,15.358813677578222,15.748509360848615
1961-07-01,16.5,16.433724255343474,16.826581561032626,17.236981058761845
1961-08-01,17.0,15.996493576390067,16.40455545066832,16.85387640001983
1961-09-01,16.6,14.237498282719553,14.654102533681563,15.039572205964703
1961-10-01,14.6,11.636409383275538,12.052893095921888,12.44702656497598
1961-11-01,9.2,8.529479630165422,8.932981190522325,9.350930830600614
1961-12-01,11.5,6.466287103435645,6.864005026120139,7.277334223924267
1962-01-01,8.9,5.477959355718629,5.896164846483648,6.293108234806087
1962-02-01,5.3,5.357484868459511,5.77233423611373,6.155837860998324
1962-03-01,5.8,7.17862452810989,7.589798314435038,8.021299002994727
1962-04-01,10.1,9.197552689267916,9.635163725944516,10.058944251700053
1962-05-01,13.1,12.696369598236796,13.162601588796775,13.550553609404322
1962-06-01,14.8,14.917015132391958,15.345982623796003,15.734890495732156
1962-07-01,15.1,16.38841271994761,16.809733583647407,17.206736032278823
1962-08-01,15.3,15.978116168276184,16.39263287936216,16.832631129581014
1962-09-01,15.3,14.179621114758055,14.629446687976943,15.03461097053927
1962-10-01,15.4,11.581291111437626,12.044026443909782,12.439964322000224
1962-11-01,9.2,8.500323678900044,8.913134347754221,9.340558534712429
1962-12-01,6.0,6.467278260333314,6.8265781645602335,7.253863686941916
1963-01-01,0.5,5.446244426404153,5.878685343090551,6.281068909202642
1963-02-01,1.9,5.330912900956924,5.752752396668114,6.1189592653581
1963-03-01,7.4,7.1294350434992335,7.577205729340275,7.991172345829714
1963-04-01,10.1,9.191119960645027,9.615955405146545,10.072484787592742
1963-05-01,14.5,12.670518966213859,13.150982739075019,13.566903078538868
1963-06-01,14.6,14.906391395121235,15.335264606637978,15.71314114498797
1963-07-01,19.4,16.375958995214756,16.80953952469438,17.210618145121565
1963-08-01,18.4,15.965355649823687,16.37973646664347,16.834935133680013
1963-09-01,15.2,14.195910606902752,14.617629983391737,15.032841640244401
1963-10-01,11.6,11.598038529068809,12.027902151393437,12.423577792984347
1963-11-01,11.7,8.539734786989605,8.927958907641766,9.370950543725941
1963-12-01,2.3,6.468202190277706,6.8268440823852075,7.278719362769117
1964-01-01,4.0,5.454317353342798,5.890472749133124,6.290828027290501
1964-02-01,8.0,5.334052664783729,5.755210938588328,6.150872750730873
1964-03-01,6.7,7.136253785982434,7.574241331400799,8.008361691405309
1964-04-01,13.4,9.211037317472561,9.62783764691627,10.093299065294351
1964-05-01,15.0,12.647550329380957,13.152338619587233,13.554460836223246
1964-06-01,14.3,14.913056297760052,15.354938176036661,15.747861122715646
1964-07-01,18.4,16.360635727724024,16.820390099810332,17.223652724461726
1964-08-01,18.0,15.93885122630056,16.38785483460077,16.83263066508067
1964-09-01,16.8,14.18199175196881,14.622576677149988,15.029362295677801
1964-10-01,9.7,11.583238691925569,12.030847896708888,12.41063512708052
1964-11-01,9.8,8.512227640500557,8.930977927897011,9.381267550062912
1964-12-01,8.6,6.447926288047923,6.854251495943528,7.287710985747543
1965-01-01,6.7,5.4671840086996095,5.892909789987764,6.29043873542393
1965-02-01,3.4,5.349198336316138,5.75438366915818,6.150968330023787
1965-03-01,8.6,7.118486228119433,7.5834546293858915,8.018162122577627
1965-04-01,7.5,9.20312048776406,9.640660251690552,10.072744020805196
1965-05-01,12.8,12.646676926657207,13.1627753668057,13.540191107378165
1965-06-01,13.7,14.92407525479174,15.357010968891375,15.76658378740138
1965-07-01,15.5,16.39528861706566,16.831883066396934,17.229053259620596
1965-08-01,16.3,15.94687585096944,16.41753751737252,16.832598058572074
1965-09-01,15.1,14.210609827079603,14.620453768368805,15.016272253711916
1965-10-01,12.7,11.65144005210679,12.05530331193713,12.418805381522668
1965-11-01,8.2,8.542008558524715,8.950923399344294,9.38677760481672
1965-12-01,10.4,6.448650916050754,6.86063576480276,7.294510054408197
1966-01-01,9.7,5.512869458811967,5.908112808755083,6.321216461561993
1966-02-01,9.3,5.366577527916342,5.774264410663391,6.1737886313285495
1966-03-01,6.2,7.170214493259864,7.597199413101389,8.009814570455053
1966-04-01,10.7,9.232740303607452,9.662440477231485,10.08006577153925
1966-05-01,12.9,12.669460344751457,13.16222955264764,13.56600144613532
1966-06-01,18.0,14.996341820985405,15.367874771170099,15.799523290459723
1966-07-01,15.3,16.42335101536249,16.842804571270555,17.25679719161776
1966-08-01,16.6,15.972160419529251,16.43749800247147,16.830690787840982
1966-09-01,15.6,14.22422846480212,14.638394155536036,15.069852844842181
1966-10-01,15.4,11.65874386789733,12.080905392640071,12.491207293622775
1966-11-01,10.7,8.564349163892917,8.975034179298813,9.368958496475642
1966-12-01,6.9,6.460710040169385,6.892299531238926,7.298947653679884
1967-01-01,8.6,5.4823548843272425,5.924100954344517,6.356784965659515
1967-02-01,9.3,5.367636665435988,5.789255470274783,6.193560397463706
1967-03-01,9.1,7.178016552739884,7.612713904110084,8.018376307541999
1967-04-01,7.2,9.244576940536144,9.679510193838837,10.11515239280102
1967-05-01,13.9,12.70111006956526,13.179715202830394,13.577553979848227
1967-06-01,15.4,15.010474039153237,15.388782337248877,15.815174203966697
1967-07-01,18.5,16.440494680962747,16.85952958077278,17.27302897657831
1967-08-01,16.2,15.990102399981938,16.466542576983095,16.848784317696136
1967-09-01,15.1,14.220222911308213,14.657339576465166,15.044151898906218
1967-10-01,15.1,11.689835883315691,12.097765091349205,12.498091838994144
1967-11-01,6.9,8.584696092110793,8.986641538137313,9.41791525599584
1967-12-01,9.6,6.480387715797724,6.909212670594556,7.320753556484087
1968-01-01,7.7,5.493281672595409,5.941865126431224,6.369106414946861
1968-02-01,3.5,5.391585438763018,5.804171344257422,6.194821644430026
1968-03-01,11.6,7.199307048860691,7.624279727792047,8.035141720374929
1968-04-01,15.1,9.236496769820187,9.687886593649615,10.132777831021006
1968-05-01,11.6,12.655873308624287,13.194608683444912,13.581544925425428
1968-06-01,14.5,15.002890222259905,15.41482248672052,15.835232833463817
1968-07-01,17.9,16.44930089708515,16.868871197460287,17.265540799470433
1968-08-01,16.1,16.023012394957963,16.472212047612196,16.854049928808198
1968-09-01,15.1,14.216645136998102,14.655049961676902,15.048370161747085
1968-10-01,14.3,11.669912000086622,12.110848312233566,12.514229199019217
1968-11-01,13.2,8.612235486712821,9.004447634706253,9.42111893904779
1968-12-01,5.4,6.48412140361223,6.9066247169223,7.348183529620435
1969-01-01,7.9,5.530357775487892,5.954196451165256,6.349773914324322
1969-02-01,5.1,5.393665886717113,5.801806153225,6.193384106881604
1969-03-01,7.5,7.23871110408658,7.630854172546705,8.020120516270072
1969-04-01,9.7,9.264114610129555,9.704582459673173,10.148929574496236
1969-05-01,16.9,12.68401732006019,13.196533226782059,13.594997708439507
1969-06-01,14.3,15.00730073486378,15.42807954233745,15.875270379449997
1969-07-01,18.7,16.46495372388804,16.8837587748955,17.28099593871327
1969-08-01,16.7,16.00701045449492,16.494249882917984,16.875043118017285
1969-09-01,16.0,14.23191162748333,14.652050172217606,15.048103806089145
1969-10-01,13.2,11.682957738297873,12.114946575558415,12.515477259901687
1969-11-01,13.0,8.614882506295665,9.012829870234606,9.43812558318065
1969-12-01,4.5,6.524609285632855,6.927260437715629,7.322397242773853
1970-01-01,7.4,5.526099629549477,5.95518695810263,6.330788784415263
1970-02-01,6.3,5.394522768976859,5.824475933148598,6.195412120285653
1970-03-01,6.7,7.231743058684952,7.6403164658352996,8.043824549381764
1970-04-01,10.1,9.263663643688139,9.697499876911518,10.164519439805682
1970-05-01,12.2,12.630227574012144,13.19198545906515,13.599999748908516
1970-06-01,17.2,15.013293760390441,15.438042253038557,15.866763909833045
1970-07-01,16.3,16.453031905648796,16.88180203986662,17.28853661163184
1970-08-01,16.7,15.986159733113434,16.495930194867917,16.872205208600068
1970-09-01,14.8,14.21285751247877,14.654844881197974,15.037520367037605
1970-10-01,13.3,11.66972714108553,12.112075793351554,12.507584959721594
1970-11-01,10.7,8.58403544938925,9.008878790946241,9.483079097054487
1970-12-01,6.3,6.525009385792451,6.9253393982570035,7.356732385338013
1971-01-01,6.1,5.511249346321275,5.944018168172972,6.357621524614508
1971-02-01,6.0,5.392030752969576,5.823282485689116,6.2031559196683785
1971-03-01,6.9,7.250400614961265,7.635794163021295,8.055313763454553
1971-04-01,12.3,9.25284044079788,9.708419173004842,10.165697430502657
1971-05-01,14.7,12.61091143202612,13.196460289860447,13.604810215130598
1971-06-01,15.7,15.028950461520754,15.45202338183098,15.899926818063586
1971-07-01,17.7,16.45166816141958,16.89407470367722,17.30454939735824
1971-08-01,16.5,16.008774778973255,16.51258039955667,16.905602144230436
1971-09-01,13.8,14.210818312635405,14.670706248955026,15.052059573942863
1971-10-01,12.4,11.693964653170253,12.127738981753025,12.500140528718644
1971-11-01,7.8,8.623275391854246,9.020653148147908,9.45345997604184
1971-12-01,11.0,6.531228116318763,6.940186170725547,7.346666339205552
1972-01-01,6.5,5.512507317722499,5.954418673454359,6.360237797291411
1972-02-01,5.8,5.406814423478415,5.837272094858495,6.237947758104219
1972-03-01,8.1,7.246784949548366,7.6293648402573595,8.076333100546176
1972-04-01,8.9,9.286947850612776,9.728136038302702,10.186820906465199
1972-05-01,11.0,12.607407614967546,13.194250032760381,13.618676779432052
1972-06-01,13.8,14.999633138241327,15.471625612840963,15.912084010308439
1972-07-01,19.9,16.467921510375255,16.90445085664053,17.322672634750834
1972-08-01,15.8,16.03084216204526,16.529405193879064,16.926625404306474
1972-09-01,13.5,14.202913726758608,14.671809764247946,15.059581476836026
1972-10-01,11.3,11.705706144055602,12.124290806342014,12.52319426679818
1972-11-01,10.3,8.626981190556416,9.035595641138377,9.465423319149696
1972-12-01,8.7,6.507117924812537,6.9607021476922135,7.374821302137671
1973-01-01,6.4,5.518185553769381,5.967033094784075,6.362378267790835
1973-02-01,6.5,5.413638034317492,5.865349630416631,6.267061339063137
1973-03-01,6.0,7.265966228475267,7.657336518801531,8.101058438617796
1973-04-01,7.7,9.320371656026357,9.751575305816955,10.162994905627727
1973-05-01,12.7,12.63088219493624,13.212384276542405,13.63014242630793
1973-06-01,19.4,15.080258363842862,15.488248886713773,15.938570212354902
1973-07-01,17.4,16.4744404372351,16.92049217265646,17.331169107901193
1973-08-01,17.8,16.05988489344643,16.551768075538707,16.967136787441145
1973-09-01,17.3,14.243813707974661,14.69087106032667,15.081571474150959
1973-10-01,11.9,11.739260998511218,12.147589221789023,12.567252394079565
1973-11-01,8.9,8.647098629668221,9.06553541432585,9.520873771190528
1973-12-01,6.5,6.5357782689208035,6.9897498068978985,7.427393008098599
1974-01-01,7.9,5.555907785372512,5.985737117590469,6.393701032139901
1974-02-01,8.3,5.45652951716566,5.879050010955245,6.2793235015772995
1974-03-01,8.3,7.290244391544128,7.684029210232418,8.109538583586584
1974-04-01,10.3,9.34822392568905,9.772458668470886,10.183274777686604
1974-05-01,11.0,12.616127484298616,13.22142210347878,13.664759466378325
1974-06-01,14.8,15.117684673665773,15.521584579437452,15.92623594397595
1974-07-01,13.8,16.481479660838836,16.937701166218627,17.356488482612907
1974-08-01,18.3,16.07780597278244,16.562454829741185,16.983338718639676
1974-09-01,15.1,14.266742076473012,14.69962759626134,15.093494297440484
1974-10-01,8.0,11.746498917355053,12.167038235348748,12.58884469549302
1974-11-01,11.6,8.648831774825958,9.089534453110696,9.53306046929612
1974-12-01,10.0,6.593813765320058,7.020047067305727,7.423689410110812
1975-01-01,9.1,5.552878915575542,6.027485538433732,6.41048742398147
1975-02-01,7.3,5.501858791352006,5.903222370634545,6.302485193766048
1975-03-01,6.9,7.325313201537823,7.724283048569548,8.144266276831932
1975-04-01,10.6,9.348434955683995,9.798755354098303,10.22180677998608
1975-05-01,11.5,12.683514199950165,13.24527066925118,13.689003433268585
1975-06-01,15.4,15.147237865606396,15.555110122615627,15.971607394921854
1975-07-01,16.7,16.531879492756083,16.965977154648638,17.409198134973995
1975-08-01,19.9,16.100979863430485,16.60423118745492,17.00561197677212
1975-09-01,16.1,14.292822026435676,14.730651571764886,15.09683668856171
1975-10-01,10.4,11.810719312115397,12.201810995386191,12.620581904644213
1975-11-01,7.5,8.725526369022027,9.107737360497154,9.56156157204974
1975-12-01,5.8,6.626999063346686,7.04869633143881,7.447696763864232
1976-01-01,8.8,5.589246668566949,6.0566536176935575,6.427615094525041
1976-02-01,7.0,5.539149321598041,5.936396827625089,6.366836695189988
1976-03-01,4.9,7.328412509456362,7.753985914610643,8.164097484544742
1976-04-01,8.5,9.379140618633162,9.83421609581183,10.233363763692676
1976-05-01,15.8,12.733959336201421,13.280111169310935,13.721522687124017
1976-06-01,20.9,15.200177745222279,15.600805856337516,16.004731065796317
1976-07-01,19.1,16.57423572548129,17.011124565221408,17.446727276423005
1976-08-01,16.5,16.157924278977244,16.639575931889354,17.048661170555746
1976-09-01,14.9,14.339585403079733,14.767792194933786,15.130010803165291
1976-10-01,14.1,11.862614826831793,12.257112950125679,12.652191904838682
1976-11-01,7.7,8.747813497116207,9.155114866092223,9.603934825339795
1976-12-01,4.7,6.664519995953177,7.100652801706593,7.483578587511123
1977-01-01,7.0,5.635297599749373,6.090357319961061,6.477371293913228
1977-02-01,7.5,5.575762587292799,5.966756179083768,6.389179224188117
1977-03-01,9.7,7.362274029432652,7.789430839695111,8.205629727503673
1977-04-01,9.3,9.419324636126728,9.87428835361593,10.278500114031022
1977-05-01,12.8,12.77892739134498,13.31438431180956,13.729209375166093
1977-06-01,14.3,15.218169059777757,15.636978697807098,16.037290601288266
1977-07-01,16.9,16.625703917927975,17.045074497923355,17.472541708910665
1977-08-01,15.2,16.19701523285453,16.676460423184697,17.07077937763863
1977-09-01,14.2,14.361195661270585,14.794033895343958,15.156410142828458
1977-10-01,14.7,11.901265611894832,12.299794504573814,12.677716753387672
1977-11-01,11.1,8.780138391200259,9.199530893332916,9.64993037304084
1977-12-01,8.3,6.7316803767734585,7.135761616426983,7.5343967463950134
1978-01-01,3.7,5.669888362110087,6.1263373829401,6.504558489058764
1978-02-01,9.2,5.591783920428758,6.0252224633606986,6.436214451393086
1978-03-01,7.8,7.424874561852573,7.839948001782496,8.239190846946954
1978-04-01,9.8,9.459122532489202,9.91778133539298,10.317304680667803
1978-05-01,14.3,12.7951884195866,13.349956046842163,13.770307438022465
1978-06-01,16.9,15.269918215752956,15.679182398571541,16.123092304913396
1978-07-01,19.2,16.64523514990998,17.091674743280755,17.504889814096323
1978-08-01,14.9,16.253676568781273,16.719466259511755,17.133044006166326
1978-09-01,14.8,14.412173072726295,14.81950982609073,15.198921162278785
1978-10-01,13.5,11.964045896045816,12.345340315589084,12.721163512401596
1978-11-01,9.4,8.811141371471665,9.24700037940254,9.697447356930285
1978-12-01,9.5,6.765236715620674,7.1803573945485475,7.596664134674361
1979-01-01,1.1,5.718618051546227,6.165592563891801,6.555419784614519
1979-02-01,5.7,5.642474408121669,6.064644277210624,6.4650090200366135
1979-03-01,8.6,7.477225694292821,7.884055483821426,8.285950780867513
1979-04-01,11.0,9.522781296746887,9.955704946940344,10.341004637605575
1979-05-01,16.2,12.833409874968686,13.395312614870424,13.844958175367653
1979-06-01,17.8,15.347981468493726,15.742118870749369,16.152500620004457
1979-07-01,17.5,16.720521248783125,17.135303818206793,17.526366627830594
1979-08-01,16.8,16.322417038660472,16.770297581003035,17.162395826861772
1979-09-01,16.1,14.475906064129457,14.85451589092401,15.23857885880374
1979-10-01,14.7,11.99928655472956,12.39089162923926,12.773212268941506
1979-11-01,8.1,8.872212515239092,9.290278351152097,9.732133240340362
1979-12-01,9.6,6.827897710570984,7.226662633813163,7.659396161370429
1980-01-01,4.9,5.789953380479965,6.209376108506287,6.58009704493003
1980-02-01,7.9,5.680317631653041,6.10968256294762,6.491644735742677
1980-03-01,7.3,7.525087787731804,7.934662085775232,8.329164319855863
1980-04-01,9.9,9.576518297913648,10.010114980186625,10.407568658618734
1980-05-01,10.7,12.901636540680268,13.440451956340567,13.87557120793869
1980-06-01,16.8,15.402538474201988,15.77135787534337,16.198640929892704
1980-07-01,17.6,16.781355523192754,17.175534252199164,17.586493079374794
1980-08-01,16.3,16.372224637860793,16.817690312569695,17.224140056699675
1980-09-01,16.9,14.520222338399474,14.908744193341915,15.280077732421503
1980-10-01,11.7,12.056319377093777,12.439925145778787,12.835292262416669
1980-11-01,11.0,8.95500271579173,9.338896043917904,9.758730164613736
1980-12-01,9.4,6.890931431834883,7.28340901376654,7.719070602402263
1981-01-01,6.5,5.841904834407555,6.251408772338665,6.6331927676774045
1981-02-01,7.7,5.767714918695898,6.161424277446359,6.544793106094308
1981-03-01,12.8,7.598067984825757,7.979772408835188,8.36755809887429
1981-04-01,12.8,9.624361911493788,10.05144917622539,10.475041093161744
1981-05-01,15.4,12.930676455556805,13.48685768137181,13.906983516995313
1981-06-01,15.6,15.459672118189983,15.831718564918459,16.24967418581099
1981-07-01,18.9,16.82837926015571,17.236829936256832,17.64292831077906
1981-08-01,19.5,16.448167504186323,16.863319806893884,17.26616145624854
1981-09-01,14.9,14.54935472511268,14.94736544491344,15.31496850871389
1981-10-01,10.5,12.108477875974405,12.47870524609706,12.902261498599767
1981-11-01,12.1,8.978007338597232,9.393116510312982,9.829303932923306
1981-12-01,5.7,6.936822450924218,7.324717053134749,7.7710162892464245
1982-01-01,8.9,5.8884236983301665,6.312817276748959,6.6944304254676785
1982-02-01,6.6,5.825671979251029,6.191606875378312,6.589074934020551
1982-03-01,6.1,7.611770861057865,8.019050406786569,8.396401274022043
1982-04-01,9.2,9.676286327569061,10.11399537174129,10.520127327704376
1982-05-01,14.0,12.985467203875436,13.528882214894416,13.96056975815906
1982-06-01,17.4,15.476577623417931,15.885255329489215,16.301483129827663
1982-07-01,19.1,16.876485366365532,17.2749938467661,17.7006731907605
1982-08-01,18.2,16.461121494849763,16.902956755632626,17.303105142638277
1982-09-01,16.1,14.601813707142858,14.978210391053718,15.370494003854132
1982-10-01,11.0,12.159774370276091,12.527202566417422,12.944747421018018
1982-11-01,12.2,9.041088647575974,9.427424934428176,9.884534935866265
1982-12-01,5.9,6.979027255357778,7.373074151732803,7.806706151839802
1983-01-01,9.0,5.9569083273138075,6.353455391094352,6.734735858554703
1983-02-01,5.1,5.861899903850413,6.243587451720562,6.6232671763540765
1983-03-01,8.8,7.679026719945871,8.083386612100718,8.446398258666163
1983-04-01,11.1,9.769610479874476,10.149820551534393,10.59736876191587
1983-05-01,12.4,13.041650310115221,13.559565080748591,13.979392260730306
1983-06-01,15.9,15.54856513508344,15.931400351779555,16.359573233129318
1983-07-01,19.8,16.956051271342908,17.303350761621402,17.743108668764577
1983-08-01,18.4,16.52448714286594,16.94343075625178,17.366046131065055
1983-09-01,15.9,14.614435804748293,15.032422881812163,15.415355509951514
1983-10-01,16.8,12.198900404259524,12.5762562879689,13.023862379797116
1983-11-01,12.3,9.063778322351782,9.469534277551723,9.912077818739213
1983-12-01,9.1,7.026994288853158,7.422099899933871,7.857543630744778
1984-01-01,6.4,5.967446453472901,6.391867161796789,6.7831311335394835
1984-02-01,5.1,5.893170606948875,6.28329544335015,6.667221038647049
1984-03-01,5.2,7.7379842523165365,8.124338215119373,8.511556843328533
1984-04-01,12.4,9.811387146254487,10.197251587828887,10.628630500557879
1984-05-01,10.9,13.066901827758626,13.603891816248794,14.048535996825942
1984-06-01,16.0,15.599983728453546,15.980764984191921,16.397205280697644
1984-07-01,19.1,16.990590470054652,17.345301130752034,17.7768970252582
1984-08-01,17.0,16.568017603882417,16.99700063609837,17.401922740236767
1984-09-01,16.8,14.663338492877182,15.061287987510944,15.45460519958154
1984-10-01,13.4,12.26702603731592,12.622541666900888,13.069029674492171
1984-11-01,12.2,9.125039993971434,9.510330387708773,9.988442497990286
1984-12-01,8.0,7.062995604074192,7.4752609393746505,7.894552224408215
1985-01-01,6.9,6.022520718171439,6.443674623121913,6.833704661467584
1985-02-01,7.6,5.917904780713671,6.325291496824033,6.7402230030326304
1985-03-01,8.3,7.771848574387798,8.17259933978016,8.56338800071558
1985-04-01,10.4,9.839649335214652,10.23676097606786,10.66246017064673
1985-05-01,15.2,13.09789677372115,13.639005907916584,14.099179490798896
1985-06-01,16.6,15.655133864560511,16.026942395298462,16.45480051478577
1985-07-01,18.5,16.995167867345085,17.396790116346537,17.833458693947
1985-08-01,15.9,16.61189957524031,17.05290089676754,17.463887955285767
1985-09-01,15.6,14.70239642235702,15.092569990936052,15.49043943281349
1985-10-01,17.2,12.289959996896057,12.673922425818592,13.130255089030863
1985-11-01,11.5,9.136595104592343,9.56270654360471,10.008912843780191
1985-12-01,11.2,7.121904978563759,7.515132316286213,7.918486713855535
1986-01-01,5.1,6.0564056417071646,6.47099037752476,6.8931454057746695
1986-02-01,0.8,5.962342120176012,6.361070240909958,6.7518508046913395
1986-03-01,7.2,7.833001785698609,8.21888472874145,8.59251514995389
1986-04-01,8.2,9.875195823091158,10.281143734231431,10.713133177496323
1986-05-01,13.5,13.15072763813067,13.688071983096961,14.143368391242381
1986-06-01,18.8,15.691050107183132,16.06866304893893,16.493882705910394
1986-07-01,16.7,17.03040609694978,17.437183971825085,17.871020138083434
1986-08-01,15.0,16.660746985183657,17.10532226963996,17.522161052165252
1986-09-01,12.2,14.727557207580189,15.130514219067724,15.555130956435224
1986-10-01,14.4,12.323946223402602,12.737049685479924,13.150561241905967
1986-11-01,10.8,9.208526759082197,9.610493295604599,10.073792970441453
1986-12-01,9.8,7.1598180185442795,7.563217312559557,7.979116858432836
1987-01-01,6.4,6.136513353360876,6.531055520258874,6.945476927451487
1987-02-01,7.7,6.057453602467899,6.413583159029914,6.807178919021093
1987-03-01,9.0,7.875541375305779,8.27073726060388,8.649305599172406
1987-04-01,15.2,9.92704164963129,10.347439479013783,10.80427214186916
1987-05-01,12.1,13.222971632971127,13.751007347559927,14.183968572823446
1987-06-01,18.2,15.743409649813335,16.13791764080597,16.525157737556516
1987-07-01,17.7,17.076616210554263,17.495331086720288,17.916793496719837
1987-08-01,18.0,16.73917907903596,17.161619386464732,17.590102385174678
1987-09-01,17.9,14.78153548619401,15.176336222921577,15.608874791612148
1987-10-01,13.8,12.374269657043296,12.78910639216808,13.23754498426434
1987-11-01,8.9,9.256189436222119,9.65983731493625,10.154245609828243
1987-12-01,10.3,7.24116846033637,7.624816954834593,8.027208676458343
1988-01-01,8.3,6.174306464630372,6.5659383360839785,6.989959889623982
1988-02-01,5.0,6.096782635341946,6.471750921220504,6.86150649235593
1988-03-01,9.1,7.921268491717122,8.32830903811837,8.709123485484623
1988-04-01,12.9,9.988328562822815,10.394271008073215,10.842723577221834
1988-05-01,16.0,13.244840833885416,13.806293558083187,14.249589270620435
1988-06-01,14.9,15.794625920138296,16.183144950577177,16.61863232096662
1988-07-01,18.3,17.13236342609776,17.55340127237565,17.965181447838603
1988-08-01,18.9,16.800627751819828,17.219387108233377,17.656645029341895
1988-09-01,14.7,14.819498164551222,15.236034579890203,15.684417224442802
1988-10-01,14.0,12.443386828791608,12.861290499716983,13.269607490735954
1988-11-01,12.5,9.312273737467951,9.720146131620542,10.25738644045752
1988-12-01,9.0,7.293457147069016,7.684349803156812,8.085575232647242
1989-01-01,8.0,6.2316565379769395,6.620707622422614,7.082322581719394
1989-02-01,10.3,6.133331909366937,6.533726688627359,6.961167462858993
1989-03-01,9.7,7.980204594758629,8.377471080528585,8.789689969780802
1989-04-01,9.3,10.04528090717239,10.438226356167196,10.950731487268973
1989-05-01,15.4,13.304589382191935,13.858168771264939,14.289255671647801
1989-06-01,16.5,15.838249449819601,16.235230389962698,16.711528971930125
1989-07-01,20.9,17.17783514727039,17.599951901219526,18.022278797130955
1989-08-01,17.8,16.869594601645314,17.272019508770057,17.713503942794006
1989-09-01,16.9,14.82682259247998,15.28726823375144,15.703503835326424
1989-10-01,14.5,12.498658180476797,12.906804842657028,13.359804586690656
1989-11-01,10.6,9.363907239785783,9.76395277544844,10.25779835507215
1989-12-01,11.6,7.344419734767155,7.729162646759879,8.165234044902544
1990-01-01,9.4,6.305595604841946,6.671124000596169,7.109933286029692
1990-02-01,11.0,6.188856891332532,6.576198263597599,6.98846532040418
1990-03-01,12.3,8.045711155042312,8.423307044948904,8.845084481328
1990-04-01,9.7,10.108789390976648,10.478243070121877,10.974356521578002
1990-05-01,14.8,13.349254838257824,13.895689652995785,14.334799780404106
1990-06-01,15.1,15.879169686395135,16.29644950316177,16.747232624525164
1990-07-01,17.3,17.233617258448408,17.639737446661414,18.056249219672267
1990-08-01,19.9,16.894838055167764,17.31977316688785,17.775858244212227
1990-09-01,14.7,14.878001191809503,15.310234232005865,15.756540158310326
1990-10-01,16.9,12.546042210506196,12.939384001523498,13.427086157635278
1990-11-01,10.3,9.403213452845026,9.801794282708848,10.284672695278275
1990-12-01,8.2,7.3565716349667785,7.754357978757303,8.192869034011224
1991-01-01,7.7,6.328902191935374,6.703006670666841,7.133007153572886
1991-02-01,7.0,6.225582286664866,6.599382098197016,7.0231795343092225
1991-03-01,13.0,8.076551786132379,8.464583725694393,8.910045996707309
1991-04-01,11.0,10.121724524176889,10.514027271223569,10.982478730763784
1991-05-01,9.9,13.381540006729898,13.92468716649458,14.344905293283773
1991-06-01,15.9,15.905783901239849,16.320313108687714,16.746300509026604
1991-07-01,19.8,17.27431524558439,17.66865738732543,18.10315637845527
1991-08-01,17.3,16.92066389315721,17.36837027978804,17.80292479037355
1991-09-01,17.0,14.910519890647622,15.339628267304214,15.7423840292052
1991-10-01,13.1,12.561727837032617,12.968088264401771,13.397072042595942
1991-11-01,11.3,9.441275274081525,9.847127069600251,10.32793385605083
1991-12-01,10.3,7.408386527010973,7.797130088942513,8.242689489057403
1992-01-01,5.9,6.374053059723064,6.758724266253115,7.17392754031332
1992-02-01,9.1,6.255231361442226,6.640097090498655,7.075476841154478
1992-03-01,8.9,8.085106134225237,8.507929204366315,8.93644147413398
1992-04-01,10.8,10.154310861265104,10.545265516618693,11.021263589034628
1992-05-01,15.7,13.412722619621897,13.954928021196103,14.419543544265306
1992-06-01,17.1,15.958028414860296,16.36073086071352,16.811933565876792
1992-07-01,17.7,17.30318352731298,17.700821125035766,18.10528283670725
1992-08-01,18.4,16.965448201529313,17.409338120746835,17.846262635028324
1992-09-01,15.9,14.91035140637994,15.347998464878927,15.782487444320886
1992-10-01,10.0,12.578441464815395,13.011822290026537,13.448389471901532
1992-11-01,11.1,9.4673076955788,9.882119302385076,10.347226677647862
1992-12-01,6.8,7.4332528303789465,7.826424839708233,8.267820833768905
1993-01-01,10.2,6.409114311390618,6.784294612040656,7.197375964345917
1993-02-01,5.3,6.269331916650647,6.684966385684289,7.103738132224993
1993-03-01,9.4,8.115605415246597,8.542386060936488,8.950318864135193
1993-04-01,14.8,10.198658014685291,10.57231627716634,11.036635014660993
1993-05-01,15.6,13.416845155053654,13.996417861109766,14.45022484592285
1993-06-01,16.6,15.972053671370345,16.391024765953205,16.828923831516153
1993-07-01,16.7,17.335566488316054,17.730789773760975,18.12488726059471
1993-08-01,16.0,17.00550096461522,17.44463423175472,17.904301161751537
1993-09-01,15.0,14.948748409809555,15.381129606955263,15.807837915912486
1993-10-01,13.1,12.633410780342938,13.042969516489677,13.477982829677208
1993-11-01,8.0,9.508990277271812,9.914950736407,10.34677033878623
1993-12-01,8.4,7.4793826617680885,7.867089592197464,8.30947438261209
1994-01-01,6.8,6.410269351499281,6.796940794742643,7.242725972455869
1994-02-01,7.5,6.295329192751014,6.711494628687717,7.135491497196626
1994-03-01,10.0,8.14291331675826,8.58829510846014,8.959497694254516
1994-04-01,11.8,10.206658954353964,10.600167678208713,11.067164019828917
1994-05-01,12.9,13.47206618619227,14.01786883637915,14.460355409294191
1994-06-01,17.7,16.02251703746838,16.437078639840855,16.903150010028302
1994-07-01,20.8,17.38679434411531,17.761272498404818,18.17082854539292
1994-08-01,19.2,17.07841220183232,17.483665336902508,17.946909245917077
1994-09-01,14.3,15.016017948921224,15.429351064124596,15.85712944609138
1994-10-01,12.0,12.68471602417839,13.093273441089506,13.530842865533662
1994-11-01,13.4,9.548937098455108,9.975353950100484,10.436380990301208
1994-12-01,12.0,7.540148857413915,7.900754915659638,8.348143650405211
1995-01-01,7.4,6.467413839984209,6.855678244751312,7.316269383015424
1995-02-01,8.7,6.370523037147273,6.760315536298812,7.158856480457218
1995-03-01,8.0,8.19638392168832,8.626341070606234,9.007524496464665
1995-04-01,9.4,10.243131782740011,10.659304170817549,11.13036557748499
1995-05-01,14.3,13.563721950543044,14.05588525690304,14.51211165480888
1995-06-01,18.7,16.0687143388036,16.479185908943442,16.947262569856132
1995-07-01,20.8,17.419746504872453,17.80388473086537,18.20668880442046
1995-08-01,20.7,17.078076802329274,17.53431396464905,18.023191119404657
1995-09-01,14.2,14.992841324636716,15.462481229647672,15.896133427739192
1995-10-01,15.0,12.75232980394559,13.124342075642875,13.599392265749414
1995-11-01,11.0,9.581452984547413,9.990876823114764,10.456631627856549
1995-12-01,9.0,7.589306751512768,7.926422327689249,8.384612071286641
1996-01-01,8.0,6.474356242111454,6.895776647169666,7.358764561244798
1996-02-01,5.9,6.400394529253519,6.802289111086601,7.203571096556503
1996-03-01,7.2,8.217762646440677,8.659641005710153,9.021032497469015
1996-04-01,13.2,10.274741198308547,10.689397010244763,11.120734250605683
1996-05-01,13.7,13.58280685513534,14.091614944641687,14.543778414922674
1996-06-01,19.8,16.11199226071946,16.511725977886876,16.982058643907333
1996-07-01,16.7,17.43455251079673,17.832408064003598,18.268323893815086
1996-08-01,18.8,17.14563968903983,17.57327056294062,18.060621738420227
1996-09-01,12.4,15.010378919092794,15.485402702427479,15.902638516421382
1996-10-01,13.5,12.756599215882739,13.15630890644464,13.635961274867048
1996-11-01,12.7,9.613025507303403,10.021597118243161,10.514349855679612
1996-12-01,8.4,7.592669388882835,7.963194538180138,8.422107423534785
1997-01-01,5.1,6.500196826084731,6.928487410148786,7.362596189279394
1997-02-01,8.7,6.43954588641098,6.834424194900742,7.263031255460035
1997-03-01,9.9,8.241364439426716,8.697214135822247,9.08306085268738
1997-04-01,9.7,10.30335646877766,10.719104999103951,11.16381481831914
1997-05-01,16.2,13.607177753217035,14.119577972320295,14.581405788017621
1997-06-01,18.0,16.143139884552404,16.552695917185993,17.003880829619998
1997-07-01,15.7,17.450102706791164,17.875220448318004,18.289232200114437
1997-08-01,19.6,17.186932390396834,17.612331796324405,18.116361921204206
1997-09-01,15.4,15.032645884759607,15.546009439632352,15.949323636011407
1997-10-01,16.0,12.819738906013765,13.189705452245502,13.665978641652568
1997-11-01,10.3,9.650723909834268,10.062724195025837,10.56096033719206
1997-12-01,9.9,7.604862003251667,7.985668535321372,8.449787185843347
1998-01-01,8.8,6.542761141556312,6.966635841510081,7.3993222368616065
1998-02-01,8.7,6.470311216300617,6.877260785426278,7.289014972551938
1998-03-01,12.9,8.293000405898031,8.729291822916734,9.135384376345081
1998-04-01,11.9,10.347453825322063,10.765224941902634,11.20431718889163
1998-05-01,18.6,13.648987108963858,14.166249756230389,14.619838738589284
1998-06-01,15.9,16.19054321381667,16.60000810456799,17.037378424243038
1998-07-01,17.9,17.476682265314306,17.90838825521486,18.317780569871175
1998-08-01,17.6,17.247590583660234,17.656466949010657,18.11053282607778
1998-09-01,15.3,15.05314218495107,15.584361832301887,15.988898405078126
1998-10-01,13.0,12.85826834084751,13.23261027457379,13.683005287106534
1998-11-01,11.0,9.666734763825136,10.09927447607513,10.623016103150295
1998-12-01,8.0,7.6386186883659635,8.020294940913548,8.46942642309027
1999-01-01,9.8,6.578431811161484,7.008189402340689,7.436441117480821
1999-02-01,7.3,6.508447386378622,6.909725368472957,7.302161957337849
1999-03-01,9.6,8.298977543089128,8.767032991884,9.174890200428342
1999-04-01,11.3,10.395435636067843,10.79109891463703,11.238699552054802
1999-05-01,15.9,13.649692996009279,14.197501076495023,14.645122127892092
1999-06-01,14.9,16.219226717940156,16.63368848182295,17.069739875173056
1999-07-01,19.4,17.49808779093072,17.94105339459096,18.333282544017
1999-08-01,18.0,17.266176690771864,17.676799352668336,18.148711149493867
1999-09-01,17.9,15.038564113112539,15.603746897756253,16.01729007093462
1999-10-01,13.3,12.88028854987156,13.252904732284257,13.69996814958143
1999-11-01,8.5,9.72059602048522,10.123048998709193,10.635565301635717
1999-12-01,5.9,7.688470199227819,8.050142183228031,8.489325176910263
2000-01-01,9.4,6.627173466694543,7.017453164563853,7.482186551903807
2000-02-01,7.8,6.532518165804136,6.925593434433383,7.338115338166234
2000-03-01,9.9,8.372446480332584,8.792225732512989,9.200334962462245
2000-04-01,12.8,10.404664180635221,10.821112314011138,11.284422701727491
2000-05-01,17.0,13.646480851298753,14.224995302840863,14.678832088973317
2000-06-01,20.2,16.239789285807454,16.667571068970428,17.140581604411754
2000-07-01,15.6,17.528666962677548,17.96211925303553,18.375007240568035
2000-08-01,18.4,17.28863136539846,17.71523466750415,18.208384910207425
2000-09-01,17.0,15.064088374299438,15.624810844316713,16.039553029792913
2000-10-01,12.6,12.919127016684415,13.295769525714126,13.750313546894683
2000-11-01,11.0,9.743881642675182,10.166188938776088,10.673165321126872
2000-12-01,11.2,7.720978144907639,8.095888107586322,8.51079344101991
2001-01-01,7.1,6.6463526937234505,7.054190408264514,7.520381735681276
2001-02-01,9.8,6.581331098650014,6.964319609845784,7.428123193989808
2001-03-01,9.0,8.383127906260729,8.813281145335763,9.242874882708985
2001-04-01,10.0,10.427454145101475,10.846141917063761,11.337845450897824
2001-05-01,13.5,13.720001828051332,14.259197528119309,14.696057474099025
2001-06-01,15.8,16.260603776906688,16.710735010983512,17.197126070233
2001-07-01,18.2,17.55091706906805,18.002593266985077,18.43249390677669
2001-08-01,21.0,17.320267793166256,17.749120225753625,18.27079995115427
2001-09-01,12.8,15.10630876871519,15.650537231434889,16.08666541594696
2001-10-01,16.0,12.951158334393066,13.330221317130167,13.796999010224313
2001-11-01,10.2,9.77714461686518,10.192829936651975,10.69397084238042
2001-12-01,7.6,7.722691009681512,8.121013248118818,8.531126600028138
2002-01-01,10.1,6.680927417120486,7.080042159138903,7.510307616132812
2002-02-01,9.5,6.619073784266928,6.9730139411521055,7.4471392482653
2002-03-01,10.2,8.412728568166784,8.84410271797303,9.262790096950088
2002-04-01,10.8,10.47646868699234,10.886555472360886,11.345465392764249
2002-05-01,15.1,13.75790981656046,14.264282188486636,14.725130455651977
2002-06-01,17.4,16.298640723595785,16.736799759553165,17.219708286358127
2002-07-01,18.7,17.57858322716509,18.01751945205221,18.476609676191195
2002-08-01,19.3,17.35415141801492,17.762857671987113,18.27619123164616
2002-09-01,15.8,15.121832057159084,15.688593965957995,16.12775473479459
2002-10-01,12.8,13.002870911281198,13.349598572353923,13.852587976551602
2002-11-01,11.4,9.807072282377002,10.23375609606411,10.790489605330329
2002-12-01,9.7,7.764111342904234,8.149556262687831,8.579793631894336
2003-01-01,8.3,6.693755626956069,7.129091382683975,7.572398726650951
2003-02-01,7.2,6.665178116918753,7.014499443047908,7.492253225151357
2003-03-01,11.6,8.4692524385816,8.874215697469484,9.31154648751244
2003-04-01,14.0,10.522070262447873,10.913319535386712,11.412989363793347
2003-05-01,15.3,13.771233371258582,14.318372504544085,14.766666189302246
2003-06-01,17.4,16.354860809104416,16.770603837568423,17.269663317612522
2003-07-01,18.0,17.61274300783822,18.055863083045963,18.502391474539863
2003-08-01,22.3,17.393505005443895,17.802198678033417,18.27884822583729
2003-09-01,14.0,15.164384661029139,15.709000499627795,16.157556390307775
2003-10-01,12.9,12.991851713791934,13.386193746875708,13.863543937734619
2003-11-01,12.5,9.843068487625862,10.266301534377334,10.785201214618159
2003-12-01,8.3,7.792940754504968,8.179671138437236,8.634962378537049
2004-01-01,5.0,6.720411835888068,7.154107962067943,7.628986462053938
2004-02-01,12.4,6.686212394268077,7.048351880313084,7.516715263014496
2004-03-01,9.8,8.448146941790275,8.897519119301291,9.333956519126888
2004-04-01,12.4,10.570081562116588,10.936775282078681,11.414126001370413
2004-05-01,12.0,13.815195982757261,14.353127300878581,14.778076711214178
2004-06-01,17.1,16.350446818407217,16.790261347057303,17.322886850185167
2004-07-01,16.8,17.631865822999302,18.096623275849364,18.532166869370965
2004-08-01,21.5,17.45176695765159,17.827327213405706,18.34842859734001
2004-09-01,16.5,15.178649464468615,15.748260185029988,16.190002938250394
2004-10-01,15.2,13.047355011697427,13.429029290258608,13.890064437446782
2004-11-01,9.4,9.88594064663291,10.285956922406708,10.820572650269575
2004-12-01,7.0,7.833040753257921,8.20425811450161,8.676340278500485
2005-01-01,8.2,6.744844022035462,7.184580813527512,7.640876798623969
2005-02-01,7.5,6.717991542828159,7.077725367442744,7.5039376403362175
2005-03-01,10.7,8.484870745257084,8.92686784599097,9.34007110704231
2005-04-01,14.0,10.571751465878375,10.948520942588527,11.476138533676737
2005-05-01,17.0,13.832821411387423,14.362421502662597,14.803221440810159
2005-06-01,20.1,16.379079907861282,16.822659867639707,17.331574236381606
2005-07-01,18.4,17.66161391432737,18.116456451811015,18.54598066100742
2005-08-01,18.0,17.437602522318148,17.846103729859358,18.367879455947712
2005-09-01,17.8,15.199220347715618,15.771001414903235,16.228308283133288
2005-10-01,15.9,13.059920532937094,13.453437212977699,13.924792068517668
2005-11-01,13.0,9.89060099239017,10.316877034236608,10.793417105273413
2005-12-01,7.0,7.829854212482882,8.229067977106975,8.685759746878183
2006-01-01,3.7,6.759927518072566,7.211157193440051,7.645124553745577
2006-02-01,4.7,6.709945984529742,7.091964259684959,7.551481558182255
2006-03-01,11.9,8.505871650312514,8.94587143896877,9.365035301724111
2006-04-01,10.0,10.583770109581545,10.977788435934398,11.509315795954711
2006-05-01,15.2,13.866097813696609,14.388523888543713,14.83047615686094
2006-06-01,18.0,16.408324357478488,16.843811040624715,17.338946469453145
2006-07-01,21.1,17.688052804181904,18.13971179562666,18.562581219688624
2006-08-01,16.3,17.461010474179826,17.867330882351574,18.35892054938103
2006-09-01,17.8,15.231131161010786,15.791451696740722,16.22889358166149
2006-10-01,15.0,13.097516607089355,13.47986966939834,13.920406564727086
2006-11-01,12.5,9.940232881477657,10.349197640937033,10.85825098481011
2006-12-01,10.9,7.88310539387784,8.256447976157421,8.698641896922503
2007-01-01,12.1,6.796398790007366,7.237340261502567,7.685906186178511
2007-02-01,8.4,6.702382960232628,7.126318356832072,7.556060118315681
2007-03-01,7.5,8.504448539165773,8.973003310696615,9.423759250288022
2007-04-01,13.9,10.591772263586286,11.012698180279706,11.500145998847435
2007-05-01,16.5,13.874954133244346,14.42074413257435,14.86058118551096
2007-06-01,17.6,16.449517020134458,16.86665643973186,17.370273330276948
2007-07-01,17.5,17.69904444506271,18.16160633914116,18.573711042232816
2007-08-01,17.9,17.479497487947246,17.89906237871699,18.368109985174232
2007-09-01,15.4,15.25554425196767,15.819172140949163,16.254635705626523
2007-10-01,13.0,13.071183172387348,13.491266614130872,13.98358739398376
2007-11-01,10.3,9.957011956244397,10.364564479464665,10.819926285152572
2007-12-01,9.2,7.897322181918226,8.267747295023101,8.71820440558951
2008-01-01,11.6,6.803244035223259,7.246404599909779,7.687663270662175
2008-02-01,8.7,6.725577436809339,7.133581961999281,7.560516371910341
2008-03-01,8.7,8.526417185007883,8.98570896730676,9.430525502522562
2008-04-01,12.7,10.60410753869945,11.032038433081304,11.519349960680351
2008-05-01,15.6,13.869360842255764,14.41046112969488,14.856361217774719
2008-06-01,16.1,16.464534320636535,16.887210274820973,17.39908771000615
2008-07-01,19.3,17.723565557617817,18.181340473200628,18.605966243919784
2008-08-01,17.6,17.483805965061496,17.893596682415843,18.38842127792288
2008-09-01,16.8,15.243672393983875,15.81949720327598,16.263806603652753
2008-10-01,13.4,13.070580441736615,13.50391933711611,13.966244477478886
2008-11-01,11.5,9.963477636778839,10.368724333664801,10.834906883029527
2008-12-01,7.8,7.889587802915899,8.274956904941844,8.726911540799517
2009-01-01,4.1,6.754093147778606,7.25268996939405,7.703376740692135
2009-02-01,5.9,6.712038342549091,7.139843250010698,7.560414555280602
2009-03-01,7.3,8.515028466965617,8.989338648633055,9.437802490705817
2009-04-01,14.0,10.600857621701637,11.048984071184483,11.499332051662684
2009-05-01,13.7,13.842116270706626,14.440404663628707,14.858316439849961
2009-06-01,17.2,16.42145628392787,16.90945642532195,17.459187888166348
2009-07-01,19.0,17.721266917136866,18.200128178469434,18.629973832818035
2009-08-01,17.4,17.48469674014641,17.90972811984123,18.374805858320588
2009-09-01,15.1,15.250300608713978,15.837493772998975,16.291555843784458
2009-10-01,16.2,13.103078389396527,13.518604768159285,13.991474153154803
2009-11-01,11.8,9.990622255774277,10.389747308837576,10.862198752405948
2009-12-01,7.4,7.9236228894909235,8.294550337771323,8.729227631133766
2010-01-01,4.9,6.803149884488464,7.275464914296778,7.7380508766894085
2010-02-01,7.6,6.72597261185471,7.15896140133314,7.586367373405801
2010-03-01,12.3,8.532908402193973,9.028805063199513,9.454160677936091
2010-04-01,12.7,10.61469150751827,11.066995973159923,11.522728196123955
2010-05-01,12.7,13.854764768834436,14.45176110912873,14.890018053539533
2010-06-01,16.3,16.480731826435047,16.92828388879677,17.5038431712251
2010-07-01,21.9,17.741470773889347,18.21600694810511,18.639948877262736
2010-08-01,17.5,17.500115280413976,17.932476386307385,18.369173597198255
2010-09-01,15.2,15.277485961788553,15.855743775929483,16.30983269374162
2010-10-01,15.5,13.12265961449709,13.544944319930625,14.006715757294792
2010-11-01,14.0,10.007410821224159,10.411384463017331,10.914560517834635
2010-12-01,4.4,7.90604625250476,8.322998030459487,8.776145539668942
2011-01-01,10.6,6.788035585993035,7.3246962331118475,7.7590290482283395
2011-02-01,9.3,6.726593302525636,7.182837555571018,7.619013124679122
2011-03-01,10.0,8.519013968981007,9.054375171898357,9.503094789332033
2011-04-01,12.3,10.62040029339855,11.087759975492936,11.53388387537047
2011-05-01,14.9,13.905894644077778,14.479663486291674,14.913376955891305
2011-06-01,18.9,16.480623089456795,16.96136683849173,17.51307782708766
2011-07-01,15.2,17.781325735807926,18.24678989936976,18.683161114218148
2011-08-01,17.3,17.52216153159354,17.95606590955787,18.447710352387613
2011-09-01,17.4,15.330520789288137,15.878941407335464,16.370353059339017
2011-10-01,15.5,13.13430724747555,13.563343252169002,14.056883425960324
2011-11-01,14.4,10.049071840489898,10.4460138158732,10.92927948107195
2011-12-01,8.2,7.9488729916682574,8.351762465742386,8.805922496540358
2012-01-01,9.8,6.816339188952887,7.350773330510758,7.796149661804764
2012-02-01,8.1,6.753546906467833,7.210451428878045,7.657597981488804
2012-03-01,7.4,8.57802253300379,9.066386943365362,9.549130151728423
2012-04-01,10.3,10.647212643013287,11.118112086631292,11.568117584520527
2012-05-01,15.6,13.893970746623307,14.516824590674169,14.946608900384717
2012-06-01,17.4,16.530111926819135,16.989016763405196,17.567111989102152
2012-07-01,17.9,17.809496627026455,18.281480969081432,18.701336144522813
2012-08-01,23.1,17.53008337552194,17.985597129816234,18.475669460095304
2012-09-01,15.5,15.31509801627226,15.906398222901874,16.373164048633814
2012-10-01,14.2,13.136277565520476,13.584309770793201,14.073626179704782
2012-11-01,8.4,10.021758796927005,10.458856821307165,10.92572246283009
2012-12-01,8.7,7.957436235770503,8.376475995506171,8.82969108579039
2013-01-01,7.9,6.8386889438614356,7.348808207916763,7.821130392978488
2013-02-01,5.7,6.745999749025893,7.229042139558107,7.6885824643394685
2013-03-01,9.8,8.5711532548767,9.108089143703127,9.548446932377946
2013-04-01,12.1,10.6505036901757,11.14043482824157,11.564866875739995
2013-05-01,11.7,13.922915034578786,14.526347084425623,14.975631406119206
2013-06-01,18.8,16.546938224504,17.011940102301857,17.571904372493584
2013-07-01,20.1,17.784692021124208,18.310949611493164,18.728529583418823
2013-08-01,20.9,17.550628530354,18.00531509902173,18.469346378477457
2013-09-01,17.2,15.313142858079278,15.93407088158005,16.402052487151096
2013-10-01,15.3,13.190350518991561,13.62323720570902,14.062958974291636
2013-11-01,9.6,10.051216261491467,10.485168928780945,10.967610496563905
2013-12-01,7.4,8.006070149307309,8.41712223421138,8.885230176440874
2014-01-01,9.4,6.883451197613104,7.366349853335969,7.839864829628655
2014-02-01,7.0,6.736161175032739,7.251154160284582,7.696681762481286
2014-03-01,11.8,8.630186444799554,9.125143638526785,9.621907017741284
2014-04-01,12.7,10.688981852379385,11.168917318461588,11.586116562429632
2014-05-01,14.4,13.930442185444067,14.573434749006402,15.003600779978905
2014-06-01,18.0,16.54768585469437,17.040993476290012,17.597087390306427
2014-07-01,21.8,17.828013514692966,18.34152864059213,18.762766000907256
2014-08-01,17.0,17.510238690459623,18.030365162133023,18.49487821601324
2014-09-01,17.2,15.33894489667813,15.961183915962419,16.443714658070178
2014-10-01,14.3,13.151773353986055,13.658050653596604,14.090651903135894
2014-11-01,13.3,10.053758517589566,10.502805366831579,10.972387183246767
2014-12-01,10.5,8.033509234264864,8.431538540421238,8.920032595350571
2015-01-01,6.5,6.872960481445677,7.390922846255549,7.857027803462989
2015-02-01,4.5,6.75669962412186,7.281577531478487,7.6866410666232134
2015-03-01,7.6,8.608350833579532,9.146830565091632,9.690445613770446
2015-04-01,10.1,10.701068179726272,11.18432830431031,11.63798730271958
2015-05-01,13.6,13.938907249333209,14.590476330169949,15.032364417155073
2015-06-01,16.3,16.5422610354883,17.069048964086782,17.619759152684132
2015-07-01,21.7,17.86740325655433,18.36771219804759,18.815773882879125
2015-08-01,18.6,17.55439290024246,18.04339057575617,18.537186527187252
2015-09-01,13.3,15.400339332098138,15.981535213104216,16.46246282820052
2015-10-01,13.9,13.212482597709302,13.657235118963342,14.12466589141001
2015-11-01,14.0,10.065240311071147,10.50916710142899,10.978390370209313
2015-12-01,12.8,8.05280431564745,8.474512166364107,8.938476601311708
2016-01-01,9.0,6.911938865156484,7.413501482734041,7.893192419552247
2016-02-01,9.7,6.810104434066021,7.300365159800539,7.734007458376473
2016-03-01,6.0,8.625514204806906,9.180585884264259,9.67794894147053
2016-04-01,12.1,10.726201656297642,11.19879915423609,11.67183539139462
2016-05-01,14.1,14.016644932677933,14.626420082172249,15.056756303169202
2016-06-01,18.3,16.587607292433102,17.08757903226102,17.678603416721383
2016-07-01,20.2,17.887704251043136,18.372037838452442,18.827483645787467
2016-08-01,19.5,17.555395602043685,18.072251143948435,18.60947116382497
2016-09-01,18.3,15.436397789945012,16.02515710113786,16.495915913464827
2016-10-01,11.1,13.23407064591991,13.701446086646936,14.190633766476068
2016-11-01,10.3,10.110961573487597,10.535955930935243,11.01285250972038
2016-12-01,7.7,8.049417508232752,8.507341624001945,8.993657223914646
2017-01-01,4.6,6.941646074514484,7.440212538825054,7.943253421578031
2017-02-01,9.2,6.833593786442441,7.32523204275804,7.783536392362008
2017-03-01,10.5,8.641311652135743,9.210759472413805,9.735506723876517
2017-04-01,8.5,10.766654025626744,11.218395440390417,11.679629434348398
2017-05-01,19.2,14.001095019043461,14.657458998513087,15.102212795005311
2017-06-01,20.0,16.622814353418143,17.12818928851621,17.723044075746643
2017-07-01,19.2,17.914241480545154,18.41245879583657,18.858055729400757
2017-08-01,17.6,17.57004539112199,18.10984725407797,18.61484213148964
2017-09-01,16.3,15.459745264642923,16.03944520206204,16.53594220622937
2017-10-01,16.1,13.25986181344566,13.723382007772383,14.232813205924689
2017-11-01,9.4,10.148026739817764,10.573386147880905,11.097125749584489
2017-12-01,8.4,8.119452159519605,8.543540208525393,9.051095284797265
2018-01-01,7.5,6.972951405423062,7.473741541702786,8.01052508641555
2018-02-01,2.3,6.866658495061142,7.363575303111819,7.819100312364152
2018-03-01,10.1,8.700263539294689,9.252082064787658,9.778512216561792
2018-04-01,15.0,10.787994383696809,11.26305932336502,11.731240211197122
2018-05-01,18.5,14.083569288374191,14.678289126993162,15.167294285722651
2018-06-01,17.9,16.627388678391142,17.17597231220812,17.762137728414725
2018-07-01,21.4,17.983493976225805,18.451034499691822,18.909985775003427
2018-08-01,18.6,17.61036953085892,18.139267151247793,18.656053954175768
2018-09-01,17.6,15.505926962941363,16.062834617486345,16.60055792225195
2018-10-01,16.9,13.300926119803014,13.759925605514255,14.292189700676142
2018-11-01,11.9,10.149870810690901,10.608418741960493,11.157780948355422
2018-12-01,10.0,8.13363108224246,8.590904492034515,9.120595003572411
2019-01-01,6.7,6.9772328878688255,7.508623783337541,8.052198869158508
2019-02-01,6.3,6.911705229098861,7.401961165887262,7.899873634436844
2019-03-01,9.3,8.752597728071702,9.2824147388576,9.849501996176027
2019-04-01,12.0,10.795508104560746,11.286442825388054,11.765684763054459
2019-05-01,12.5,14.073887489663601,14.709087784633269,15.230114880729241
2019-06-01,20.7,16.66929073226655,17.1918917938657,17.790796765577657
2019-07-01,23.5,17.974244379806965,18.492895817579708,18.954298319568007
2019-08-01,19.6,17.65776107860361,18.176663401931407,18.713908148796012
2019-09-01,16.0,15.493550514227387,16.109875670009657,16.626164508080407
2019-10-01,14.6,13.328524742164296,13.791810711468937,14.325270879652953
2019-11-01,10.2,10.174918773923052,10.637530847271687,11.14885284253274
2019-12-01,10.1,8.143732382649771,8.617760686086527,9.154600786322245
2020-01-01,10.6,6.992026334240239,7.542431146632081,8.100331503323085
2020-02-01,7.7,6.9368573417358075,7.434367093438101,7.949913837376769
2020-03-01,11.3,8.776108345185026,9.315997622146089,9.87739464578189
2020-04-01,11.0,10.784755070658177,11.311846413661677,11.807437966204303
2020-05-01,14.4,14.124090223641467,14.729017373992047,15.26397375666326
2020-06-01,18.3,16.67450422077059,17.240239085996436,17.834174412673203
2020-07-01,17.0,17.94735253775577,18.517783656161647,18.995691711154958
2020-08-01,21.6,17.670373401902353,18.202160726703475,18.73424346756382
2020-09-01,18.2,15.47894843588148,16.151562594486222,16.662515598264566
2020-10-01,12.7,13.336317301307705,13.824200982981598,14.361690448240095
2020-11-01,11.3,10.187805785492444,10.653667806540412,11.14482886653598
2020-12-01,11.5,8.143711180558606,8.645726762182717,9.187266386693889
2021-01-01,7.7,7.022096246599337,7.559223597783944,8.109273710589123
2021-02-01,12.1,6.936000096495821,7.456934019630767,8.032080515500917
2021-03-01,10.1,8.779399353102843,9.347611673867199,9.894918208748996
2021-04-01,6.2,10.775318764728985,11.321427622171285,11.84379981060004
2021-05-01,12.7,14.12156553952174,14.748009457477835,15.282680661991309
2021-06-01,21.0,16.659364081027217,17.255942061649847,17.90025896636065
2021-07-01,15.8,17.955087750348415,18.534771406275897,19.023505486692866
2021-08-01,15.7,17.65468009432986,18.222532041309385,18.79018918539436
2021-09-01,17.5,15.533464092445923,16.166456046720473,16.70600030810563
2021-10-01,14.4,13.326909060973248,13.84653485240076,14.423662345957313
2021-11-01,9.3,10.153190238149266,10.668315128318106,11.240062994263036
2021-12-01,12.8,8.162034130736538,8.685886431823976,9.244211240166784
2022-01-01,9.9,7.0346952235131734,7.598121657638595,8.141561414478147
2022-02-01,8.4,6.943414245159664,7.485717269774972,8.06433642606284
2022-03-01,8.3,8.797695838407646,9.372919235500529,9.934913534386286
2022-04-01,10.1,10.78843986842188,11.355813186580093,11.885769951791781
2022-05-01,16.5,14.120779026254297,14.790331818671753,15.340116399386293
2022-06-01,19.3,16.676200772358776,17.285698393736936,17.949058417996632
2022-07-01,20.4,17.99593532822607,18.570411224913194,19.10403050828974
2022-08-01,18.7,17.676955140522807,18.2620292831824,18.85148429648561
2022-09-01,17.0,15.563560389015615,16.203664722181898,16.74504294597407
2022-10-01,15.1,13.375172295391234,13.867118229073174,14.43565705268545
2022-11-01,11.5,10.12084063975851,10.713790444502418,11.267891294066594
2022-12-01,13.8,8.192570758198597,8.710125022967148,9.29778307542212
