date,observed,lower,median,upper
1892-01-01,9.6,8.750384881708218,9.46012291563431,10.235164502331981
1892-02-01,13.1,10.031547093986765,10.756943644513253,11.381548504716466
1892-03-01,16.5,14.441867794372452,15.218148376087871,15.885848376246724
1892-04-01,21.5,18.790475574112694,19.43764690177272,20.119614148442377
1892-05-01,29.9,23.49557000435955,24.186404380681047,24.941291129775877
1892-06-01,27.3,25.887419567780306,26.507084475564895,27.155521498268836
1892-07-01,30.2,27.341271733274073,28.04586757755981,28.707451862006753
1892-08-01,33.4,26.5246012255126,27.247640539350652,27.893280583583962
1892-09-01,24.4,23.337476357678767,24.005733334848212,24.789645131203436
1892-10-01,17.3,18.279424631705844,18.965961139167895,19.62517968262922
1892-11-01,15.2,12.658568348056658,13.340219511341488,14.019483856085339
1892-12-01,9.5,9.725490932932939,10.37093754127296,11.069539319930048
1893-01-01,7.5,8.856387676502683,9.479791983150719,10.167876930278972
1893-02-01,14.0,10.11314311332003,10.720182737925718,11.325492303799649
1893-03-01,16.2,14.476282193510203,15.203590968692273,15.838350032045165
1893-04-01,23.7,18.8259330508093,19.424113018731127,20.077398605495283
1893-05-01,26.1,23.548716713693437,24.19245467607393,24.91132080635384
1893-06-01,29.3,25.872425211507245,26.505818428048144,27.13954537491628
1893-07-01,32.1,27.27319502222913,28.01545212867922,28.706215860224994
1893-08-01,32.8,26.520956004002613,27.212981378207118,27.841546669540286
1893-09-01,24.1,23.327281388937937,23.993491823718863,24.75994863091615
1893-10-01,17.5,18.23407429310641,18.940330664106355,19.57579675611778
1893-11-01,12.3,12.6777544423205,13.305630817352425,13.900104392301442
1893-12-01,13.0,9.69431576311046,10.352447108504,11.01813104251527
1894-01-01,9.3,8.831347952256593,9.426775608510507,10.085095873738007
1894-02-01,10.8,10.07688659607629,10.669722848978637,11.26942798163439
1894-03-01,18.0,14.422947478626806,15.16142300369401,15.737193359081049
1894-04-01,23.0,18.778721418105558,19.369599723033833,19.964698494793325
1894-05-01,26.3,23.472754353203538,24.157621255038165,24.860282345747496
1894-06-01,26.6,25.84945066494597,26.42966623860645,27.038311717557566
1894-07-01,29.9,27.2086897090608,27.960038453531368,28.550665761191294
1894-08-01,27.1,26.438053323826377,27.145029203981842,27.801824235000673
1894-09-01,22.6,23.251429231728665,23.92099133162983,24.662912629191315
1894-10-01,17.2,18.21828976181765,18.874255394038407,19.451166416563815
1894-11-01,14.7,12.614299262546806,13.227291414811692,13.839127973691502
1894-12-01,9.2,9.67813436458406,10.254984198588616,10.931945559074542
1895-01-01,10.4,8.713882994900485,9.363248240682273,9.958958633126795
1895-02-01,3.7,10.017591470289684,10.598871462311932,11.182989103908161
1895-03-01,12.2,14.38639114589777,15.061871359443202,15.642307847449839
1895-04-01,20.6,18.68845026889762,19.287632904444294,19.911353238650715
1895-05-01,26.5,23.47386413348155,24.07913478062722,24.795310530150935
1895-06-01,26.1,25.798338537813976,26.397345670488207,27.00048835739858
1895-07-01,24.8,27.204809028489652,27.905187151913907,28.5624094590576
1895-08-01,29.1,26.413473131411404,27.11625252755598,27.730058027450337
1895-09-01,28.5,23.261311283305456,23.900271270111805,24.57879922329911
1895-10-01,21.9,18.189482284276764,18.850651916012907,19.46157284926427
1895-11-01,17.9,12.605163257606383,13.222071145088234,13.839227718649639
1895-12-01,11.5,9.646909877564996,10.25810616548336,10.86664800423388
1896-01-01,8.4,8.694859267239718,9.362097757470142,9.899638410395113
1896-02-01,13.9,10.016293096716094,10.614777543301283,11.228370857823514
1896-03-01,20.0,14.374235383965809,15.087949823256372,15.642563733483051
1896-04-01,17.9,18.712544056396574,19.262767306210783,19.89467155353232
1896-05-01,21.1,23.47878187891056,24.060344473561283,24.75789476679906
1896-06-01,27.1,25.734881538999076,26.388608101565133,26.932473413707775
1896-07-01,28.7,27.224065949289574,27.89753144630965,28.48337288946229
1896-08-01,21.3,26.400992505426583,27.076257683038868,27.67900065474008
1896-09-01,22.9,23.29686704846963,23.870879308154063,24.54215657752674
1896-10-01,19.9,18.20493787214847,18.824446538772385,19.420883561202825
1896-11-01,10.2,12.61171358687001,13.208941625008013,13.83081240290108
1896-12-01,8.7,9.645523825364458,10.244235921697276,10.867709289802931
1897-01-01,8.3,8.709454477158644,9.352188768569379,9.933192869239818
1897-02-01,14.3,10.01524239921184,10.604629072773413,11.18752300442344
1897-03-01,17.8,14.455193625160002,15.095829692224296,15.63282942067878
1897-04-01,24.3,18.688091293016367,19.341743307068313,19.891896847979122
1897-05-01,25.1,23.50483784507276,24.090130279946727,24.76626392992842
1897-06-01,28.3,25.835751047937087,26.413256886452803,27.031623501659105
1897-07-01,25.1,27.287980521439597,27.927917976554706,28.52387806594021
1897-08-01,28.6,26.497262776052015,27.133720876642016,27.748579047310706
1897-09-01,23.3,23.33651574554286,23.913355153595234,24.564753024280325
1897-10-01,19.0,18.217850350221358,18.862529349504236,19.44089673201655
1897-11-01,17.3,12.630492499032414,13.23870172645285,13.815607850680145
1897-12-01,12.7,9.70451211118757,10.32293715338573,10.89355594641855
1898-01-01,10.4,8.780057448449352,9.385740158051256,10.018490160350051
1898-02-01,9.9,10.070784252589903,10.65177543566612,11.189456855434578
1898-03-01,9.8,14.509028902165216,15.124544422480998,15.668355711316876
1898-04-01,19.4,18.744338004788506,19.35464867172601,19.941574483421444
1898-05-01,23.5,23.55185889083488,24.142692809286107,24.81421125505941
1898-06-01,24.2,25.919123707816656,26.44174899356559,27.091668252631933
1898-07-01,25.3,27.34568417568298,27.98821647134617,28.555952574420026
1898-08-01,32.2,26.60053502901781,27.18710789140495,27.79307884047347
1898-09-01,30.2,23.41653679285089,23.982527215325817,24.663619765264766
1898-10-01,18.9,18.328094428361307,18.94503816746473,19.579093516766154
1898-11-01,17.1,12.710415976661206,13.336405472735095,13.945994950598541
1898-12-01,12.0,9.815148367763742,10.39737966445064,10.995017558978999
1899-01-01,12.8,8.940581114280738,9.457681309404311,10.092594126855408
1899-02-01,18.4,10.216888268323288,10.73405225737147,11.307822598616553
1899-03-01,14.5,14.531696327622473,15.217673109397388,15.773811269993374
1899-04-01,15.5,18.81759348862167,19.43479032557076,20.02574874099643
1899-05-01,22.5,23.626767377391218,24.230669517311917,24.872447464279976
1899-06-01,26.4,26.002265021831086,26.524434826888488,27.163623927316863
1899-07-01,28.7,27.41489177709262,28.07101955282722,28.68758487836263
1899-08-01,30.1,26.674511906871633,27.266741558952102,27.898529033492824
1899-09-01,28.5,23.478125105074437,24.030058058531623,24.74431959162249
1899-10-01,18.0,18.32705670857483,18.987850637560918,19.638878964033367
1899-11-01,19.0,12.796931533222185,13.365115737469178,13.993472863129295
1899-12-01,9.2,9.841185926582632,10.446698706075146,11.06725013438463
1900-01-01,11.5,8.941105598145958,9.503634226964252,10.156105643595032
1900-02-01,17.2,10.267656147884118,10.762836744671379,11.336069607650426
1900-03-01,14.3,14.641202812691999,15.233097808504127,15.863928877183097
1900-04-01,23.2,18.919163627254857,19.462104522765557,20.15269767866375
1900-05-01,25.9,23.631648844336738,24.25475947742216,24.954543553151154
1900-06-01,29.2,25.997581886251762,26.547669240100003,27.23659407949427
1900-07-01,32.0,27.402745802004805,28.093835442817564,28.716808354822675
1900-08-01,27.2,26.665870529251194,27.272814262929533,27.89471009789116
1900-09-01,26.1,23.455969672227457,24.06555275131484,24.736012316625303
1900-10-01,23.0,18.418234632487987,18.989990614421167,19.63258888216215
1900-11-01,16.4,12.74107018908531,13.377028880250514,13.995673081994596
1900-12-01,13.0,9.796371360902898,10.439240855330851,11.041420322973241
1901-01-01,9.9,8.915986284093174,9.491681099429321,10.076401692749018
1901-02-01,8.4,10.218560493742576,10.736344235743019,11.336255425701976
1901-03-01,11.6,14.598011576807705,15.215835804342788,15.831112964242697
1901-04-01,22.9,18.875263761461344,19.434531169631686,20.09023733897718
1901-05-01,26.8,23.621688133000493,24.20798087801636,24.935814880286408
1901-06-01,27.5,25.904371632593318,26.516603654090297,27.173354530348544
1901-07-01,31.0,27.399293197368493,28.042325134702338,28.665670837670245
1901-08-01,27.6,26.63054846730029,27.233940526272644,27.865277452765465
1901-09-01,24.2,23.433151626445042,24.00084369597684,24.72727502039825
1901-10-01,22.8,18.349765104468062,18.952131779844006,19.553551534848843
1901-11-01,12.1,12.739059618211916,13.340305173493368,13.969656353537
1901-12-01,13.2,9.784889827338112,10.395474742180891,11.015267314976473
1902-01-01,10.5,8.921303572841888,9.46954989523196,10.059699000410038
1902-02-01,11.3,10.217108762913877,10.711959042055504,11.331587514626754
1902-03-01,13.5,14.592125451948109,15.186567435571215,15.818731057297946
1902-04-01,19.9,18.835185817385273,19.414307167057842,20.054684526854192
1902-05-01,24.3,23.645865621628523,24.184188538452634,24.90890859462785
1902-06-01,28.1,25.92138616447613,26.473434341894755,27.13527772298792
1902-07-01,27.0,27.357103956597292,28.010953721184737,28.62739614013479
1902-08-01,25.2,26.622637687521788,27.194609358115546,27.783741540297562
1902-09-01,25.0,23.41404242005651,23.969647850462998,24.6819683581368
1902-10-01,17.9,18.354330988164453,18.946298644569037,19.552962396112154
1902-11-01,16.3,12.663328398379187,13.325939169383735,13.926475955036652
1902-12-01,11.2,9.792551536975461,10.362182340415881,10.967961058932897
1903-01-01,11.4,8.910742336111353,9.415825657786687,10.012140325546117
1903-02-01,14.2,10.196556943058765,10.696174437712553,11.294766702983667
1903-03-01,20.0,14.602536249400474,15.16020637508425,15.832918543054394
1903-04-01,16.3,18.837429565984195,19.385161343168413,20.00112673651565
1903-05-01,28.4,23.63869984715263,24.185896701354594,24.904823898587065
1903-06-01,28.7,25.907038254162792,26.471384857598053,27.09834958763879
1903-07-01,27.4,27.33416891580021,28.008418278620496,28.638871801649096
1903-08-01,23.6,26.627008668531538,27.16494047933532,27.747031028138657
1903-09-01,29.1,23.40825952029204,23.963457779126998,24.661219695532314
1903-10-01,21.0,18.308507930861413,18.914601798673473,19.53623089386584
1903-11-01,12.4,12.693824613648736,13.310185056858675,13.860190651335248
1903-12-01,9.8,9.754621308923957,10.341799411577627,10.951193897519527
1904-01-01,10.2,8.858003020605148,9.408090788804355,9.927739548160767
1904-02-01,10.1,10.099166396959976,10.668868016074821,11.276517005331602
1904-03-01,14.0,14.505094853795816,15.1666397968859,15.752876295861435
1904-04-01,24.5,18.801982533537494,19.346221493040318,19.982953468010592
1904-05-01,28.4,23.55464395525166,24.162098872906554,24.893854128038072
1904-06-01,25.9,25.87816315802622,26.426590843564632,27.049803687774116
1904-07-01,31.9,27.290458089240744,27.977272550138224,28.54690472493116
1904-08-01,30.9,26.58727378059044,27.138794408891634,27.729682050492087
1904-09-01,23.4,23.353598214594708,23.94478480949583,24.605187975081765
1904-10-01,18.4,18.27263675927741,18.886406345042083,19.44847363758367
1904-11-01,13.3,12.651287901316206,13.240778857607603,13.818970996463348
1904-12-01,11.8,9.733028067372222,10.290961091620003,10.902254911018137
1905-01-01,9.9,8.80242020095445,9.38353130687236,9.917385489413794
1905-02-01,9.6,10.083510819470906,10.62297343054012,11.162527297294728
1905-03-01,15.6,14.487610145294306,15.107897895865628,15.705451065815268
1905-04-01,21.5,18.78866423372546,19.30370690474046,19.91232190839934
1905-05-01,25.2,23.50526597756306,24.105751393272385,24.827499211116002
1905-06-01,28.3,25.815068722655564,26.392352819876407,26.969919256828977
1905-07-01,28.5,27.273386336886023,27.925121488105574,28.522217926632113
1905-08-01,26.4,26.49382518828757,27.08386368353473,27.735798008387267
1905-09-01,24.0,23.310847329460007,23.890913948701876,24.57034196239861
1905-10-01,12.5,18.220339349238852,18.831674168320824,19.419770012077507
1905-11-01,13.2,12.60415723572155,13.186037476355105,13.77516637610107
1905-12-01,12.2,9.658584976722993,10.266524823176297,10.854200097034447
1906-01-01,11.6,8.756048865708866,9.354736055926567,9.858024414578688
1906-02-01,10.0,10.031272269460947,10.591263629114232,11.143857011851914
1906-03-01,16.5,14.421163180943832,15.076200863338055,15.698190907117825
1906-04-01,20.6,18.744041652239407,19.269611831172227,19.865000605261685
1906-05-01,24.2,23.48601087880715,24.07831160982387,24.74579433713089
1906-06-01,25.9,25.845605883582873,26.353813988126632,26.971860184324743
1906-07-01,29.3,27.24295597695997,27.91977284269478,28.510586271832747
1906-08-01,29.5,26.494290180920952,27.071832864890077,27.65980640760583
1906-09-01,30.8,23.29318322965018,23.869684475448736,24.49219927197154
1906-10-01,23.2,18.21244058931282,18.80595428407532,19.41333263875213
1906-11-01,13.3,12.6103587372284,13.200052612985928,13.746231707561694
1906-12-01,11.0,9.635917865043005,10.227141608007136,10.861565496057251
1907-01-01,9.2,8.707131606175261,9.32169626724721,9.88540611953659
1907-02-01,8.5,9.984352957056824,10.57457604362422,11.102171742119605
1907-03-01,19.4,14.413593827663943,15.037882161008621,15.631751816788894
1907-04-01,18.4,18.641111143276444,19.24761231592518,19.837187705828963
1907-05-01,27.5,23.4767182642964,24.051747510330422,24.705014407496073
1907-06-01,25.0,25.764173729530157,26.311125209380855,26.972288966350042
1907-07-01,24.3,27.19815833315549,27.875993577263987,28.491506660790186
1907-08-01,26.9,26.418377220204885,27.018453095830736,27.680636514128096
1907-09-01,25.5,23.201604342842217,23.818109938446362,24.470738510916412
1907-10-01,19.9,18.186671321443512,18.78256091413865,19.39380091587228
1907-11-01,15.9,12.565366410005465,13.15574192109113,13.761740414107857
1907-12-01,12.6,9.608474509567964,10.211359904277383,10.803171413769105
1908-01-01,8.7,8.585439093572282,9.304841609966097,9.87414954068286
1908-02-01,9.8,9.93434230385193,10.552598207498221,11.117816939808634
1908-03-01,11.8,14.352128376597037,15.010500322306694,15.663192093092665
1908-04-01,17.0,18.6113375763739,19.22255768829033,19.798275021778334
1908-05-01,25.0,23.39192992339824,24.01264049125198,24.699307395841164
1908-06-01,28.9,25.76337433097584,26.31761262972947,26.967789904454346
1908-07-01,27.0,27.186906936837147,27.83687432648578,28.45182643469447
1908-08-01,25.4,26.427438494480153,27.031870881997314,27.63237867258315
1908-09-01,24.5,23.18415696043766,23.80947523377725,24.492115027372673
1908-10-01,25.1,18.14028314563704,18.76242141858458,19.391756006591837
1908-11-01,13.2,12.538028311199055,13.140159191896744,13.738222130071795
1908-12-01,10.6,9.620924721374136,10.193454944358024,10.819953953937373
1909-01-01,9.2,8.677800748614995,9.290960298257826,9.832398408773903
1909-02-01,10.1,9.919795361608639,10.556526317661039,11.131270571246704
1909-03-01,14.4,14.444648555773421,15.03310939286864,15.708883518666573
1909-04-01,23.5,18.640069316021258,19.24308598746269,19.807264821100393
1909-05-01,27.8,23.372895943242046,24.019021351885186,24.73817470482618
1909-06-01,27.4,25.73992006944958,26.314968645300276,26.945050510274093
1909-07-01,21.2,27.154220868853635,27.857737939866496,28.43408528799093
1909-08-01,28.4,26.441474037247215,27.038918717188782,27.65306989975093
1909-09-01,22.6,23.22818868509645,23.827096096227862,24.433904492474905
1909-10-01,19.5,18.231707486028263,18.789135920753054,19.384108404758347
1909-11-01,11.7,12.58451070591385,13.179606980679477,13.733476622094082
1909-12-01,12.2,9.661639745648156,10.219372812655354,10.803130891981985
1910-01-01,10.6,8.65077681712554,9.320339354975156,9.873152281153864
1910-02-01,11.5,9.954658998491102,10.591561084926173,11.11968706632133
1910-03-01,14.3,14.439740967263115,15.03542815412263,15.66416892832407
1910-04-01,16.9,18.676704721698325,19.253977168249868,19.837580030066178
1910-05-01,25.8,23.420600336482675,24.07276537214088,24.74375325759836
1910-06-01,27.2,25.804025184424336,26.3605371053795,26.97857706968559
1910-07-01,25.4,27.239069663989785,27.92500486803649,28.47374334185185
1910-08-01,23.2,26.516359971243844,27.089564542709226,27.673719222636286
1910-09-01,23.7,23.295999937424444,23.88782992103542,24.523792011985392
1910-10-01,21.3,18.21884379056572,18.850661420414916,19.412823033181944
1910-11-01,11.4,12.665570262412938,13.244011340116097,13.796628355138873
1910-12-01,12.1,9.735132244641601,10.318097625301924,10.851322122629142
1911-01-01,8.9,8.819092672232108,9.399594488668292,9.918674130706695
1911-02-01,11.1,10.078129271447924,10.697288269187467,11.153604875641173
1911-03-01,18.8,14.614793075819515,15.141652689197645,15.774226841378908
1911-04-01,20.5,18.81886315665409,19.373845338189476,19.938245390817848
1911-05-01,24.9,23.612722243996597,24.198084684276424,24.75890770619903
1911-06-01,25.8,25.88869921321495,26.465987645535805,27.066647133542514
1911-07-01,33.9,27.45588700615266,28.042006937461927,28.607589698894728
1911-08-01,34.3,26.634204986186447,27.22374006460923,27.823134647174935
1911-09-01,31.2,23.482936543640992,24.000482581938996,24.640787210529254
1911-10-01,20.3,18.365569731355937,18.99603346883778,19.560995141200607
1911-11-01,14.1,12.744168877354813,13.337591736818325,13.9476080263611
1911-12-01,10.6,9.834680195643742,10.413372748091877,11.008522951335596
1912-01-01,9.5,8.895634149619168,9.483986954993162,10.075692229812576
1912-02-01,15.3,10.140503849810907,10.745116936006802,11.285051478125133
1912-03-01,16.7,14.64217598104121,15.226578610531243,15.813575159408234
1912-04-01,19.6,18.902240463940263,19.423982262956905,20.009286593041544
1912-05-01,28.4,23.59637545766566,24.252759262746395,24.910431135255035
1912-06-01,28.2,25.894266380341495,26.495522845719165,27.108665384475234
1912-07-01,31.5,27.437407286620086,28.06593561858485,28.64533912257895
1912-08-01,23.1,26.665161031612772,27.234301628449906,27.822784011165854
1912-09-01,17.2,23.40608926219189,24.01530190275421,24.640347625482107
1912-10-01,17.3,18.394835513049898,18.978722747718813,19.56559727430469
1912-11-01,9.6,12.748562246903637,13.359873662239576,13.992390298971761
1912-12-01,12.8,9.850937613881213,10.406689186679717,11.014669948558488
1913-01-01,9.9,8.93570305580613,9.505215113640002,10.067214565835659
1913-02-01,12.5,10.21178200876325,10.778443899529965,11.285288131212118
1913-03-01,16.5,14.680267070345913,15.274017228447502,15.820341834791996
1913-04-01,24.9,18.89153043981707,19.472171664258212,20.04243693079597
1913-05-01,27.7,23.667466704556862,24.27120946002216,24.922123170225156
1913-06-01,28.5,25.9889093530635,26.576204663561192,27.15708066631378
1913-07-01,25.6,27.509442237272506,28.10880840320279,28.704169374222904
1913-08-01,27.4,26.72010837335925,27.30113172232398,27.881295140817336
1913-09-01,21.6,23.51330217241487,24.04572880407984,24.714201796585193
1913-10-01,20.7,18.482757510750265,19.05621724702123,19.6227713981103
1913-11-01,15.2,12.85264671325543,13.416640653905628,14.013490357041986
1913-12-01,11.0,9.877451534886303,10.491892989258572,11.050730025706706
1914-01-01,10.5,8.950222746577456,9.555177829563474,10.13838764433359
1914-02-01,14.6,10.23880266792689,10.843854679082359,11.379896063958215
1914-03-01,17.8,14.723598189136329,15.325019497051624,15.85161133508195
1914-04-01,23.3,18.959284744708135,19.52304688889005,20.07729114819965
1914-05-01,26.5,23.691296612717867,24.339504007886887,24.980527547929658
1914-06-01,25.5,26.072202586128167,26.590513816838126,27.161215593832083
1914-07-01,29.0,27.526650394403095,28.14097797953709,28.707607912800864
1914-08-01,28.4,26.729320993186768,27.35625353369741,27.909177271769668
1914-09-01,25.8,23.516418549106035,24.10616788110046,24.74160797277172
1914-10-01,17.4,18.468292426552594,19.09354647637207,19.671849370955933
1914-11-01,15.9,12.835034988147449,13.470514567412799,14.050677109775656
1914-12-01,14.6,9.955205726786026,10.520561233608026,11.109404951080446
1915-01-01,10.3,9.039138365451173,9.601720116319541,10.147640374780154
1915-02-01,10.4,10.304754572629886,10.864539231339428,11.391197591787211
1915-03-01,14.8,14.735876493887332,15.3588888238242,15.91370251694787
1915-04-01,20.9,19.00794846134151,19.54461585211348,20.159199303611118
1915-05-01,25.6,23.77124620260514,24.368656735588075,25.008759917760795
1915-06-01,32.4,26.120337415794815,26.663810253188917,27.231112066993262
1915-07-01,29.6,27.603021209363916,28.190623604417283,28.788318271921675
1915-08-01,25.4,26.77510247760809,27.385212264019128,27.969888315681793
1915-09-01,25.1,23.587487218855816,24.139281484093296,24.820198734326322
1915-10-01,18.9,18.53272598239042,19.128320783750915,19.704437210045665
1915-11-01,12.6,12.877810230481975,13.479127267962566,14.116360308113045
1915-12-01,14.8,9.944634620384804,10.53566977123712,11.165089584147568
1916-01-01,12.4,9.079341870385731,9.6394625990201,10.17602195050202
1916-02-01,11.1,10.301080510762084,10.899549798170245,11.42079750821624
1916-03-01,18.3,14.73309192275815,15.381457872286951,15.932793976566035
1916-04-01,23.3,18.994776932980788,19.566021119157973,20.186487903603307
1916-05-01,25.9,23.7893971568317,24.387611055934677,25.038110831973082
1916-06-01,28.1,26.09344568990092,26.64030840754041,27.2481090825292
1916-07-01,25.9,27.567681706855545,28.212749887438747,28.77189837840162
1916-08-01,26.3,26.786454056975433,27.389507927086314,27.965953141337643
1916-09-01,22.8,23.628056201539287,24.145822678506878,24.814938351449367
1916-10-01,18.3,18.498861127871624,19.142550176123798,19.722724911315126
1916-11-01,15.5,12.849969426954024,13.477660796488976,14.102824767657083
1916-12-01,12.9,9.98861774178662,10.541945461366344,11.151673332313083
1917-01-01,10.3,9.069395186814779,9.631305997104235,10.168119084620068
1917-02-01,9.2,10.318593127454685,10.903526251653433,11.444416648321722
1917-03-01,15.8,14.711790748301945,15.3909209730603,15.98336404501879
1917-04-01,17.2,19.004559459538317,19.589035566254925,20.15814195413621
1917-05-01,27.6,23.80022290617165,24.40204139567964,25.03209863807404
1917-06-01,29.9,26.101543693313538,26.687244852504783,27.25430220874551
1917-07-01,27.1,27.605707521485446,28.261728147122195,28.80265684089666
1917-08-01,24.9,26.81384646393569,27.409468667953,28.016237383044665
1917-09-01,25.7,23.628128655601817,24.202242262021155,24.816539342609584
1917-10-01,24.3,18.57245701038351,19.164095206583738,19.762076971485907
1917-11-01,12.0,12.932937296347951,13.525479370724199,14.0897257541389
1917-12-01,8.1,10.024256317517999,10.593457976565364,11.192586197186069
1918-01-01,12.9,9.131115319740902,9.678672051491258,10.246682816491656
1918-02-01,12.4,10.391953154747792,10.93745033068315,11.491075070302532
1918-03-01,17.0,14.832310838100781,15.4289069416211,15.96328797174909
1918-04-01,18.3,19.040675735635276,19.61893114414827,20.203869875248497
1918-05-01,29.7,23.83843903585076,24.44597404796191,25.07981934942834
1918-06-01,22.9,26.150554877816443,26.700680017342613,27.307299958988693
1918-07-01,28.5,27.656874830353413,28.285444954356947,28.798897267884556
1918-08-01,32.0,26.863681696391957,27.45436394821325,28.04750232604199
1918-09-01,24.6,23.682528402782108,24.226943560634936,24.863215909176116
1918-10-01,16.4,18.601019886039914,19.22107715416031,19.77165540457113
1918-11-01,14.4,12.947543525332948,13.558478789869076,14.1523092753433
1918-12-01,13.3,10.05534067675165,10.64162211264862,11.208828725720448
1919-01-01,9.8,9.174208718405636,9.722906366346983,10.301860123371373
1919-02-01,13.8,10.420683368643578,10.986672388281958,11.594811292813873
1919-03-01,14.0,14.895473897264411,15.488841806614609,16.041799027444263
1919-04-01,15.3,19.087852724028654,19.688543737954028,20.27784869955465
1919-05-01,25.1,23.897573971043162,24.511233314286496,25.228155501960355
1919-06-01,31.0,26.19698857192523,26.776037967464738,27.43073248105851
1919-07-01,26.5,27.743863016588495,28.365920223391285,28.939955226821798
1919-08-01,28.8,26.927469983577367,27.51432928878667,28.15622883390135
1919-09-01,30.8,23.699372982861455,24.321115871125077,24.9893522126629
1919-10-01,19.4,18.676190027008268,19.2997046542931,19.942766229818243
1919-11-01,11.3,13.056810900336906,13.651902528776079,14.259112489700255
1919-12-01,11.6,10.114996313892235,10.72744228605928,11.352038641444883
1920-01-01,12.1,9.2521589665755,9.81050664500966,10.407836685592025
1920-02-01,16.8,10.516907744633198,11.096125445074772,11.69407740525725
1920-03-01,21.0,14.989955135686687,15.592864574156312,16.181878228530305
1920-04-01,17.1,19.168363475914152,19.779668583672866,20.3801465369711
1920-05-01,24.4,24.007041617026477,24.59498641265916,25.263520477405006
1920-06-01,26.3,26.279414892162873,26.860696462674188,27.499113496435264
1920-07-01,27.0,27.81857588918227,28.443843206565056,29.04516065817858
1920-08-01,24.0,27.051042267516923,27.60857043711661,28.22611199976696
1920-09-01,22.5,23.832019740435005,24.40444846555755,25.04576398373529
1920-10-01,23.6,18.764988682535517,19.376372699815207,20.053692335327476
1920-11-01,14.4,13.167618259894843,13.746560864757186,14.35589193433233
1920-12-01,13.6,10.21903016052388,10.807199873823738,11.392635509672992
1921-01-01,13.1,9.352849800448448,9.898629358967185,10.505012729201516
1921-02-01,14.8,10.630277807728463,11.162882558542382,11.823180865460639
1921-03-01,16.6,15.059144173414584,15.682478848912737,16.255551897833353
1921-04-01,21.5,19.263046472676955,19.876421913125142,20.488098048583435
1921-05-01,28.1,24.135690400372514,24.67515897043001,25.314365596956097
1921-06-01,27.1,26.377864233255146,26.963558544461122,27.63779141955098
1921-07-01,34.2,27.934301791619117,28.5455542548515,29.15747838662817
1921-08-01,31.6,27.12209938233024,27.694199583432862,28.378452082502623
1921-09-01,28.0,23.888538143431045,24.478412639758254,25.21587937386629
1921-10-01,26.3,18.85476667575078,19.4596239962056,20.137275233693856
1921-11-01,12.9,13.264965691146667,13.798115452625854,14.41701881195932
1921-12-01,11.9,10.277139408952172,10.846973170840792,11.475394859626265
1922-01-01,11.3,9.438924913810139,9.917828174455636,10.56021266178696
1922-02-01,16.3,10.632760530824001,11.193079206952355,11.835712448616883
1922-03-01,17.0,15.119557113314169,15.707932064480005,16.287460903573283
1922-04-01,21.6,19.30574483549695,19.87140408469825,20.447198441084126
1922-05-01,32.3,24.16543154174283,24.689021227783613,25.31200037103971
1922-06-01,27.9,26.399137539775232,26.946667927933916,27.53252406008751
1922-07-01,25.8,27.955392063808482,28.501384935353386,29.06952684213018
1922-08-01,25.4,27.098861420306072,27.65446037968784,28.268570206823174
1922-09-01,22.8,23.88562964840555,24.419533322909615,25.09820717157022
1922-10-01,16.3,18.809934757817615,19.38925153138065,19.996218270131855
1922-11-01,10.1,13.190748451410496,13.757019820933124,14.314472278991058
1922-12-01,11.2,10.227409348661563,10.784942356067027,11.372403903421187
1923-01-01,9.2,9.345824118919015,9.864409150602006,10.502970927720018
1923-02-01,11.9,10.583804944455544,11.149033984754324,11.708291262427489
1923-03-01,20.4,15.052883667401648,15.651117648855273,16.197636008972225
1923-04-01,22.1,19.215595611472214,19.82104380214262,20.44467185650377
1923-05-01,27.3,24.071937837383032,24.63097111867478,25.27758523893166
1923-06-01,22.2,26.329196738688985,26.914239313883677,27.517844108906655
1923-07-01,33.0,27.87482600765613,28.485822084277768,29.07960330237421
1923-08-01,30.3,27.035662803761163,27.620294979270298,28.249607002398548
1923-09-01,27.3,23.87486100355393,24.408219358797577,25.05369681795453
1923-10-01,22.7,18.80638416120877,19.367446750503824,20.00820996362797
1923-11-01,13.3,13.187124719697833,13.742281436260644,14.331724891535966
1923-12-01,8.6,10.236829761420784,10.769191557346664,11.366995689008887
1924-01-01,12.2,9.292909595891864,9.88797180497371,10.491226658196394
1924-02-01,7.9,10.593739109087183,11.138358478391517,11.683214873687788
1924-03-01,13.4,15.004961531717383,15.636908010387206,16.197984051987095
1924-04-01,21.5,19.271602534523833,19.801415937772283,20.415287890184832
1924-05-01,27.3,24.03397100975672,24.616786312442525,25.25583902941974
1924-06-01,25.1,26.300722563847298,26.88805118541807,27.430403518168163
1924-07-01,29.8,27.904156156362507,28.468342471620787,29.0925949696652
1924-08-01,23.2,27.07649972522989,27.613565942636374,28.22779088511862
1924-09-01,23.6,23.841047587121203,24.40817833835696,25.028177900007595
1924-10-01,21.2,18.803786801403305,19.39593382593626,19.974972346050855
1924-11-01,15.0,13.194759600090169,13.747197059383542,14.373791948932771
1924-12-01,11.7,10.245446317085083,10.785169310538679,11.378049216237716
1925-01-01,11.9,9.31257795966906,9.90852528695659,10.467078699792992
1925-02-01,11.6,10.635399253231988,11.155093611297183,11.736552713008072
1925-03-01,13.5,15.052006453515991,15.656635463469419,16.257191812861567
1925-04-01,16.8,19.25567909824784,19.841426157150057,20.44533605683008
1925-05-01,28.0,24.07653363426328,24.674801824689524,25.272172442258633
1925-06-01,27.9,26.359061136243543,26.94364652307118,27.520400341483
1925-07-01,32.7,27.92231095463732,28.518059963460097,29.115399199063553
1925-08-01,28.9,27.142407417363774,27.67736717053995,28.286196170517687
1925-09-01,19.9,23.88247624355309,24.4577066956193,25.039358559596135
1925-10-01,20.7,18.864037671517465,19.431954092510473,20.027659172446352
1925-11-01,17.9,13.29374845852164,13.79048555992384,14.403543160897984
1925-12-01,13.8,10.298142835998075,10.865802053854264,11.452101654552612
1926-01-01,10.2,9.375278129955618,9.946453094418043,10.558603949845782
1926-02-01,14.6,10.651601484698963,11.222581043013596,11.77126968434973
1926-03-01,15.8,15.116084409670338,15.71521462811377,16.29559807978783
1926-04-01,23.8,19.315529875521296,19.89771556050613,20.534793137567192
1926-05-01,24.1,24.124268187562155,24.706384471870777,25.29961830506664
1926-06-01,23.0,26.41411777921707,26.999401919943658,27.58099281626631
1926-07-01,29.2,27.982074889777405,28.5659819011324,29.15717204669025
1926-08-01,27.6,27.171464918150225,27.72659981084643,28.359194641720585
1926-09-01,29.2,23.930087912137754,24.50805391046451,25.14077108278351
1926-10-01,21.5,18.919724752163063,19.48122312261346,20.08899157506609
1926-11-01,16.3,13.31202982496914,13.861752024613205,14.48080187950181
1926-12-01,6.7,10.293605010031834,10.889047044413685,11.48362905411172
1927-01-01,9.5,9.43768731014246,10.006160154932425,10.59159261436294
1927-02-01,14.3,10.68689964893288,11.248335128723763,11.819085791191782
1927-03-01,19.1,15.19600499616438,15.780663915175227,16.38613058862535
1927-04-01,18.2,19.314657265643188,19.95767091997412,20.587442552855677
1927-05-01,24.1,24.20265936125605,24.75749051357592,25.353816669939135
1927-06-01,26.7,26.4994117141431,27.079414433563727,27.617824940910452
1927-07-01,29.8,28.051347627769157,28.660578876389867,29.24780762929634
1927-08-01,26.7,27.240299203747192,27.783625265710057,28.381193936841818
1927-09-01,24.7,24.020011061652074,24.59376932342458,25.242771768159106
1927-10-01,17.6,19.00417139870721,19.595490466061648,20.17532564460502
1927-11-01,18.8,13.40465953386953,13.928912459396104,14.550971763527542
1927-12-01,13.6,10.414887806710594,10.985769868588429,11.625491936797493
1928-01-01,10.0,9.55103069663526,10.103391532214324,10.65688569872194
1928-02-01,15.1,10.812812015457041,11.353243271165795,11.918331481958067
1928-03-01,16.9,15.257796098942816,15.874114896391955,16.450727196560237
1928-04-01,22.4,19.468238171578026,20.048700006328552,20.74138483427037
1928-05-01,26.2,24.277987381331307,24.86569696850333,25.450415794121252
1928-06-01,24.2,26.613635471783653,27.153419365646293,27.71019671603609
1928-07-01,32.6,28.14480740257401,28.727465788534424,29.35909965850754
1928-08-01,28.3,27.28177638936741,27.88334312891595,28.467184250974178
1928-09-01,28.4,24.11717442917678,24.662325295713437,25.303182017875997
1928-10-01,18.7,19.037832957439317,19.654627318124902,20.23401236006263
1928-11-01,13.7,13.412016294772744,13.99292786787343,14.640322958944143
1928-12-01,10.0,10.45726273591338,11.053552338354017,11.730877501863063
1929-01-01,9.3,9.630720065523251,10.165874424739574,10.755118896059942
1929-02-01,8.9,10.898410556206787,11.413187220170744,12.025959450543587
1929-03-01,20.1,15.324026067433879,15.941352114743813,16.539111722881547
1929-04-01,20.6,19.55471779622726,20.125522921862007,20.735890440127328
1929-05-01,28.2,24.347567810166737,24.91768848507451,25.58067424198681
1929-06-01,28.1,26.65893977059688,27.241387073183443,27.807099019957978
1929-07-01,31.0,28.19166355772308,28.80867880955551,29.44045401139536
1929-08-01,32.8,27.39837368698212,27.966284511228174,28.61841551711384
1929-09-01,32.8,24.15773837730322,24.747331803732408,25.418229107343464
1929-10-01,17.9,19.155049692976657,19.745865174288816,20.36918960097395
1929-11-01,14.1,13.511528354991137,14.088788511451511,14.702462564009027
1929-12-01,12.9,10.52034556899723,11.103955197629155,11.750985818525956
1930-01-01,14.4,9.66487589254572,10.228012993025652,10.839941814209816
1930-02-01,13.3,10.89666341373958,11.467325463751322,12.1512723529207
1930-03-01,17.3,15.328027802467712,15.970819162872075,16.58717113679213
1930-04-01,21.8,19.623105916792305,20.15252175713958,20.79995650565234
1930-05-01,24.5,24.363082413150142,24.94243408796541,25.616971493297758
1930-06-01,28.2,26.68525250333768,27.2501652928715,27.84940037350593
1930-07-01,29.4,28.228520734676334,28.828038599500655,29.423927160595266
1930-08-01,31.6,27.401687764381325,27.962126620034052,28.60538242587029
1930-09-01,25.3,24.15242885739547,24.747302746506016,25.404110898652267
1930-10-01,22.8,19.160368996477604,19.727571077590163,20.297581545772136
1930-11-01,16.0,13.54789351047835,14.0864852670931,14.662401625693867
1930-12-01,9.4,10.505341878424288,11.109319159706283,11.726196467252114
1931-01-01,11.0,9.635913304995928,10.182516753515191,10.812376435077102
1931-02-01,9.0,10.918569917569474,11.455899374205348,12.028688547017317
1931-03-01,21.3,15.37363936121466,15.999297982504219,16.55730534201791
1931-04-01,18.2,19.592935069004366,20.139902066980305,20.704213420001135
1931-05-01,27.0,24.32132614287335,24.929285551607688,25.56667747858889
1931-06-01,29.2,26.695197899382244,27.22141446326771,27.80772362575543
1931-07-01,27.2,28.215700536151978,28.80187558598142,29.41612939881476
1931-08-01,27.7,27.326209411088566,27.951094913284003,28.539482995789868
1931-09-01,21.2,24.09876269355608,24.710683119821233,25.344710608023558
1931-10-01,21.8,19.1253918363482,19.68752735011092,20.30930205867662
1931-11-01,17.5,13.470289463274822,14.071623547292187,14.666704018769602
1931-12-01,13.7,10.525203104259884,11.094125796165665,11.743516679684825
1932-01-01,11.8,9.617319973780281,10.176301608320554,10.801916534319208
1932-02-01,9.5,10.874735593956943,11.42101920827475,12.048466472352546
1932-03-01,15.0,15.360299227485095,15.95369697096336,16.558090338456747
1932-04-01,18.4,19.62519314123068,20.140112158448844,20.71923374892902
1932-05-01,28.0,24.352409476341773,24.914979177526526,25.553414020154545
1932-06-01,27.2,26.694572818772237,27.220429772123957,27.797136818567537
1932-07-01,29.2,28.229585491136863,28.816504362232344,29.395908073525277
1932-08-01,34.7,27.418884425825993,27.967228600685388,28.546749390319913
1932-09-01,25.7,24.135298347837043,24.733776511033632,25.347865236116892
1932-10-01,18.3,19.145013811123786,19.695329398793717,20.29553924587633
1932-11-01,14.1,13.540643564472072,14.081525158517575,14.704841064497268
1932-12-01,14.5,10.522744180584127,11.113663636301494,11.742658380302155
1933-01-01,11.8,9.65096974590914,10.213783074032772,10.812895058986198
1933-02-01,11.8,10.911932808364153,11.432943560754897,12.053335421700941
1933-03-01,18.7,15.40722041958709,15.970679089456697,16.627257514045073
1933-04-01,22.1,19.610877378006744,20.1725723774032,20.76442171450253
1933-05-01,25.1,24.317699541138033,24.926750550632704,25.537650058028795
1933-06-01,27.1,26.684739648892098,27.239953173160227,27.7876312826688
1933-07-01,32.6,28.251071866841713,28.789280013250067,29.474829791449498
1933-08-01,30.9,27.373784520903815,27.958643425869887,28.617871534337223
1933-09-01,24.1,24.115997021001803,24.714808127532216,25.398745838000828
1933-10-01,22.7,19.115115814354056,19.70597463712742,20.303984754162222
1933-11-01,14.8,13.469676663268794,14.069978168769559,14.689285977924646
1933-12-01,4.8,10.530541554856681,11.098200045786864,11.68053056948818
1934-01-01,11.8,9.620571124967665,10.198680264638067,10.746809686930673
1934-02-01,11.8,10.890222099178592,11.430415920240533,12.014500358277127
1934-03-01,12.7,15.376739574685862,15.956809423094036,16.580570187678727
1934-04-01,25.1,19.584141444326146,20.148953207225457,20.721637896903076
1934-05-01,26.6,24.337707784403307,24.914083180532447,25.52117697508229
1934-06-01,28.6,26.70193384767874,27.238641198126125,27.809732017600677
1934-07-01,31.5,28.18104254487903,28.800834071108078,29.429803160401175
1934-08-01,28.0,27.35497034996453,27.941719216798525,28.57127056065639
1934-09-01,30.0,24.128018729404847,24.709011414061045,25.38130983167829
1934-10-01,21.8,19.12267157901738,19.693558423023298,20.292344441460404
1934-11-01,11.1,13.523302168091298,14.065665436889967,14.658142616560605
1934-12-01,14.5,10.553979891270501,11.091060233509834,11.673300724121724
1935-01-01,9.0,9.636791357485727,10.20149293303498,10.809935924118644
1935-02-01,11.7,10.873714477137142,11.424236766037312,12.013359491048059
1935-03-01,19.1,15.351901017681477,15.959543430391014,16.54465909723186
1935-04-01,20.3,19.58225971361881,20.14550872405474,20.753608957600285
1935-05-01,23.4,24.343621269077346,24.925197039386223,25.508678522377657
1935-06-01,29.3,26.68049917990275,27.241956981020305,27.796273890590367
1935-07-01,29.6,28.205039270280967,28.801048363281254,29.352922725733112
1935-08-01,30.3,27.376638092816357,27.96424133301786,28.53474011591638
1935-09-01,26.0,24.142666346228996,24.70695573102438,25.353441522023605
1935-10-01,17.7,19.114133075806244,19.71752146175165,20.263256703815436
1935-11-01,17.5,13.517566728296812,14.08722601785212,14.643245051486286
1935-12-01,12.0,10.518086239080525,11.108481661347383,11.686991930804147
1936-01-01,13.6,9.663517554631303,10.205648932868185,10.781777458414068
1936-02-01,13.5,10.869697677040959,11.459670574139214,11.956987320036923
1936-03-01,18.7,15.355899325444508,15.976323194946316,16.56302102140464
1936-04-01,15.5,19.61450038533675,20.137607419123363,20.732282774967494
1936-05-01,24.1,24.33688967429894,24.922386882911024,25.551633661494897
1936-06-01,30.4,26.706543861008182,27.250136391452415,27.81129206422987
1936-07-01,27.0,28.204683605071775,28.815984221257832,29.40691506985494
1936-08-01,27.7,27.384399690955686,27.970426914295693,28.505643927023012
1936-09-01,28.0,24.131744655091943,24.71967995586907,25.371370264134825
1936-10-01,15.7,19.147420660714673,19.70007563271332,20.31998649402415
1936-11-01,12.9,13.53332160801536,14.076675375900443,14.675628906814355
1936-12-01,13.1,10.5464237560118,11.113201762449764,11.70683907981606
1937-01-01,13.8,9.698413798110012,10.213632287075697,10.78643077374496
1937-02-01,12.6,10.905637133804609,11.469889158675755,12.011666567073297
1937-03-01,13.6,15.383744609459892,15.997600311622893,16.568918311514324
1937-04-01,17.7,19.646628557452466,20.154499271941837,20.817843195028704
1937-05-01,28.5,24.367830005946086,24.959916724547824,25.56034146152752
1937-06-01,30.9,26.698773418695534,27.27614140378472,27.874232876558235
1937-07-01,28.9,28.223470273690875,28.843537073066837,29.434208642222803
1937-08-01,30.8,27.47162943724747,27.993157890841516,28.582022479077306
1937-09-01,26.7,24.181854432953077,24.771251462907248,25.38979283142388
1937-10-01,23.0,19.148382123928112,19.7543420699745,20.383328275823562
1937-11-01,13.4,13.552319889244387,14.124084881486905,14.71890790439888
1937-12-01,10.6,10.573437180967268,11.139367929272966,11.731309667680298
1938-01-01,11.5,9.694289774247256,10.248429662572715,10.83048443019542
1938-02-01,13.8,10.912114346797273,11.508330564999937,12.038437775812005
1938-03-01,19.8,15.446072075417637,16.01274458737315,16.600457041921466
1938-04-01,16.2,19.64591767264965,20.20662009093879,20.819609297144535
1938-05-01,26.6,24.317296398789214,24.994707709483368,25.551814640595435
1938-06-01,30.4,26.724974464072314,27.29510334939416,27.870413971326624
1938-07-01,31.1,28.19644217853563,28.88219828860515,29.473246287982487
1938-08-01,31.9,27.446852388899572,28.01377364248505,28.648212527665343
1938-09-01,26.2,24.138664887699765,24.78210766996006,25.380437099182817
1938-10-01,18.3,19.154156462459323,19.769711680366445,20.405820687440062
1938-11-01,18.1,13.5311882641374,14.138865820588947,14.716421424235609
1938-12-01,13.6,10.543493378217141,11.165025709151525,11.750662372680743
1939-01-01,13.9,9.665333031912704,10.262558212456145,10.850542925417363
1939-02-01,11.5,10.878438698566075,11.490786061604489,12.056078474090578
1939-03-01,17.1,15.369967013041524,16.042092576246944,16.571431118468176
1939-04-01,24.7,19.59755080651659,20.21495654589058,20.82999311422982
1939-05-01,22.2,24.307662523736937,24.965825724399036,25.53838099987936
1939-06-01,31.2,26.708063373677852,27.306516561857475,27.884824913417066
1939-07-01,27.1,28.183003263718774,28.866756026315745,29.439639838459918
1939-08-01,28.9,27.42791810473885,28.007900993641705,28.642239695465072
1939-09-01,27.3,24.128870177346883,24.7841892164084,25.38561802303994
1939-10-01,16.3,19.152432831257826,19.75150383168488,20.395581472233726
1939-11-01,15.0,13.540528781448335,14.128395414255463,14.708522018305375
1939-12-01,12.4,10.530183509050461,11.144752952411629,11.759717017627718
1940-01-01,5.0,9.651278520925601,10.247372901680063,10.84937636064831
1940-02-01,15.3,10.882238123915934,11.50371723643224,12.036747627607193
1940-03-01,19.6,15.38774277631102,16.003840070525197,16.624445258718133
1940-04-01,25.4,19.627243966030345,20.196685645441246,20.82065264326882
1940-05-01,24.3,24.336531280562514,24.972642885937077,25.58133980894043
1940-06-01,27.0,26.707287419983565,27.306391975526644,27.888060578201134
1940-07-01,25.7,28.20742031308589,28.875285433081352,29.441729509299446
1940-08-01,27.4,27.366632912866688,28.015509697151266,28.63160855840346
1940-09-01,28.8,24.10908827485476,24.785059016895023,25.3910030831971
1940-10-01,19.9,19.12240387111427,19.77122292407921,20.39489766103548
1940-11-01,15.1,13.52086956826666,14.135486690749822,14.726648485593616
1940-12-01,7.5,10.577301482488172,11.153219739765849,11.730495142043264
1941-01-01,9.5,9.633620603080162,10.261397525440866,10.869790106455675
1941-02-01,13.4,10.839546121485846,11.54903141934535,12.060578342006105
1941-03-01,15.5,15.380475811954986,16.046494610354088,16.67177299062125
1941-04-01,17.9,19.608198618374242,20.242715975796823,20.837100987591743
1941-05-01,21.8,24.325261357274098,24.990363123080762,25.601065384569395
1941-06-01,30.9,26.67972044339493,27.353594849163052,27.883779432114736
1941-07-01,33.4,28.234479301004516,28.903839018564554,29.5133552411963
1941-08-01,23.6,27.44495672613558,28.067543985876824,28.63838328182602
1941-09-01,25.5,24.17670725306143,24.849492485589636,25.476490697093617
1941-10-01,23.4,19.184277628619416,19.834691453943165,20.453670038823514
1941-11-01,14.6,13.562837495537412,14.219576109373415,14.819119007577859
1941-12-01,13.1,10.686953659526116,11.251594493288652,11.834561776872112
1942-01-01,6.2,9.70975157070355,10.345343843010415,10.936281259653164
1942-02-01,4.1,10.932837558822214,11.623513893742714,12.135186306131601
1942-03-01,16.4,15.509469216588753,16.140329650107894,16.746967760532065
1942-04-01,19.4,19.724103639721946,20.34190855078576,20.913009880964168
1942-05-01,27.0,24.45015927272901,25.111699560861574,25.703993887679708
1942-06-01,27.7,26.85085252565613,27.47130188794822,28.032307975235362
1942-07-01,31.3,28.391782452086865,29.042759692316558,29.651019760758974
1942-08-01,31.5,27.588855411399887,28.190460509944675,28.804311830427107
1942-09-01,29.3,24.36342726067896,24.983365875535654,25.598449040014728
1942-10-01,24.1,19.360879003693615,19.995149137958567,20.637659092173234
1942-11-01,14.2,13.773911791851873,14.351212736994267,14.981792182562813
1942-12-01,14.0,10.832399510161808,11.391061617073012,12.019514985814173
1943-01-01,13.5,9.912718912018937,10.520159315347875,11.093722297969654
1943-02-01,11.9,11.1733537662377,11.774571102119811,12.35683198418605
1943-03-01,19.5,15.685657929543341,16.279885343620492,16.91349232200619
1943-04-01,23.5,19.926886961534244,20.494974873790596,21.12304572318643
1943-05-01,28.8,24.6299500935804,25.254720147320874,25.86249400768226
1943-06-01,27.5,27.00663099417131,27.606985677377416,28.153249162841032
1943-07-01,31.7,28.5644423091267,29.176157050723845,29.79169655640238
1943-08-01,31.2,27.762645119052504,28.305072894000087,28.925734410245617
1943-09-01,28.6,24.505405516426308,25.092692305222993,25.745883036020345
1943-10-01,19.6,19.494405188319288,20.102956189387136,20.74941427969213
1943-11-01,17.9,13.917411484860517,14.449948057009347,15.081774738233701
1943-12-01,10.9,10.973573498905447,11.48606260913678,12.087102914554377
1944-01-01,11.3,9.993314935720141,10.598050856771835,11.19865881521725
1944-02-01,10.5,11.31882981972239,11.833653600634761,12.442516701308657
1944-03-01,14.1,15.800104787782876,16.37008914202288,16.98197083553215
1944-04-01,22.4,20.03320391324646,20.57428313755223,21.140376053157357
1944-05-01,31.8,24.736652440612826,25.333387086874723,25.92793852748121
1944-06-01,24.8,27.14032688784502,27.66425811079642,28.220259187159964
1944-07-01,30.2,28.66043114878414,29.266575714085498,29.843328087200195
1944-08-01,32.4,27.84427884466936,28.39420114364515,29.01690159214697
1944-09-01,23.2,24.535413844091998,25.152472201929005,25.831314372496838
1944-10-01,17.5,19.57488504316056,20.199369206681272,20.73697396846525
1944-11-01,14.7,13.972324790958462,14.531955239055405,15.11618688978303
1944-12-01,10.5,11.030662010880862,11.593355394333189,12.143669103335137
1945-01-01,5.2,10.081032052103605,10.680392566542286,11.294778065765346
1945-02-01,14.1,11.378488600420667,11.959351228518184,12.514169362453485
1945-03-01,21.7,15.879916937783412,16.47900202979549,17.08162486124069
1945-04-01,24.0,20.170801818107392,20.71847197416431,21.284205114753185
1945-05-01,29.7,24.838284222836137,25.43709601852003,26.108904243903062
1945-06-01,30.2,27.258196323998234,27.820532042347942,28.38004070990507
1945-07-01,33.4,28.775824241682248,29.392104855721904,29.993814147336153
1945-08-01,29.3,27.9564494912437,28.519725024829512,29.211900933947838
1945-09-01,25.8,24.649223155759767,25.27672494022512,25.93318415977731
1945-10-01,20.7,19.688753422535054,20.346306457658848,20.943595325594295
1945-11-01,16.5,14.112935432300594,14.674405985301153,15.254440701755854
1945-12-01,13.3,11.138993106519985,11.707753959602856,12.30113771745414
1946-01-01,13.3,10.213665628095452,10.82647732166566,11.433466683512048
1946-02-01,11.6,11.46445972625424,12.081311076702182,12.686203143953298
1946-03-01,20.2,15.955502570782734,16.608524233760683,17.180398303980017
1946-04-01,24.4,20.219122096635726,20.80263081741525,21.39983687306924
1946-05-01,23.1,24.89748229898707,25.501355784665286,26.18385803313593
1946-06-01,25.3,27.295524776079294,27.903238496421785,28.467475743879525
1946-07-01,30.6,28.861587053246378,29.48243400223807,30.08630960621885
1946-08-01,30.0,28.049464943076764,28.608360291767344,29.297892954788214
1946-09-01,25.7,24.743645079942553,25.367347928843564,26.011509536019283
1946-10-01,23.2,19.777178462789145,20.403175745668378,21.088674103524824
1946-11-01,15.2,14.2008185628564,14.7592712958628,15.345825608241631
1946-12-01,9.6,11.18967929599364,11.794229474963098,12.42190140950906
1947-01-01,14.8,10.26057044557563,10.891185851324973,11.5760825459706
1947-02-01,7.9,11.549161358354922,12.144415442276948,12.818418834437281
1947-03-01,16.2,16.05749019081824,16.69890125040682,17.323018307427002
1947-04-01,21.3,20.280158295276703,20.901415142209224,21.557253928290383
1947-05-01,30.5,24.98862885222984,25.629999520458824,26.306110789958193
1947-06-01,36.8,27.435706137513066,27.998008272288267,28.572323611674307
1947-07-01,33.1,28.947612242340067,29.58668875594366,30.19399448666289
1947-08-01,33.7,28.155580829083675,28.657114395650197,29.414186435728848
1947-09-01,29.3,24.81663660305032,25.431460390977307,26.122397431649443
1947-10-01,24.0,19.799422928415026,20.480938404601154,21.15639251792713
1947-11-01,15.6,14.191000282069622,14.811570915447021,15.425645678348285
1947-12-01,11.6,11.216122308319902,11.817289994778587,12.484953147665303
1948-01-01,12.5,10.316412501286248,10.927841864594253,11.567182531686525
1948-02-01,12.5,11.562656436446968,12.142908956752859,12.787370108780294
1948-03-01,18.2,16.041837413846924,16.655434586131136,17.255436033032083
1948-04-01,24.7,20.31420109417584,20.89458976737473,21.52573809316498
1948-05-01,24.8,24.95601149484683,25.56222420325745,26.212445104278906
1948-06-01,29.7,27.375106564270776,27.937998212165688,28.503727856769654
1948-07-01,32.0,28.89948593028943,29.500515540205058,30.10496101072665
1948-08-01,26.9,28.0592164110317,28.60162549070573,29.339632071266802
1948-09-01,26.5,24.729804644899325,25.35593156345261,26.01120395363981
1948-10-01,21.5,19.727534176007993,20.394242076634754,21.015660934908794
1948-11-01,14.9,14.135620012653995,14.725083977698455,15.34880327873523
1948-12-01,14.1,11.154889402334723,11.749263431297841,12.35289405865318
1949-01-01,13.4,10.250822549322285,10.837927623241919,11.434179115337075
1949-02-01,16.3,11.496603871894028,12.061530361506216,12.626475118680363
1949-03-01,17.2,15.922199077930903,16.579928382825003,17.211077890971325
1949-04-01,26.9,20.204437265526472,20.793458829591525,21.358767065584434
1949-05-01,22.4,24.850170756765152,25.44442642949242,26.135169087349798
1949-06-01,27.3,27.28543457067901,27.83089660255949,28.383234868166273
1949-07-01,33.0,28.829736625288337,29.39589704602172,30.021478480435576
1949-08-01,30.2,27.956916587834332,28.527942045898342,29.18078082955703
1949-09-01,31.7,24.622173473559577,25.251568784498787,25.884243902391066
1949-10-01,22.9,19.676469102728046,20.270589496221035,20.853997020419936
1949-11-01,12.8,13.98175594585118,14.606698293694379,15.171318018614436
1949-12-01,11.7,11.09976114142129,11.617519502378984,12.237338017786353
1950-01-01,10.3,10.088410563658503,10.701327043699138,11.253437363371386
1950-02-01,17.3,11.362275642354387,11.933323066420744,12.474701002013274
1950-03-01,15.6,15.78251220984389,16.443395377251647,17.05310749384016
1950-04-01,19.0,20.10572254373804,20.63998779123103,21.17145924343745
1950-05-01,25.6,24.73803781127692,25.327896691598554,25.935455877264722
1950-06-01,30.0,27.128588745464157,27.686379886900294,28.216229458672032
1950-07-01,29.0,28.701873209571886,29.232923685950418,29.860918588950987
1950-08-01,28.9,27.769536787214395,28.355787272843678,28.948737344794978
1950-09-01,21.5,24.495360937490172,25.118550842976944,25.65657161641426
1950-10-01,21.0,19.529947739383164,20.120566252951292,20.690315931537263
1950-11-01,15.3,13.847525853037238,14.45614440971991,14.996314770721497
1950-12-01,10.4,10.953216186036546,11.479241628285026,12.029699581536892
1951-01-01,10.1,9.989010160403922,10.574780720534463,11.130166459513122
1951-02-01,11.6,11.23857504265914,11.80204615949944,12.324646687330338
1951-03-01,17.2,15.678534322391247,16.315581512297754,16.895874521472148
1951-04-01,23.2,19.975263839116433,20.517697919104446,21.093317784249827
1951-05-01,25.5,24.583078083723162,25.204413796724978,25.77415430767112
1951-06-01,25.4,27.042112098229396,27.57701576673597,28.096249715311956
1951-07-01,28.7,28.59767140182421,29.13455289976584,29.687145987546497
1951-08-01,26.6,27.729333137985197,28.257261555633413,28.85078104058938
1951-09-01,27.0,24.402159838010625,25.01070233025364,25.545939748725917
1951-10-01,19.1,19.438143582941397,20.044117947074255,20.639318362458525
1951-11-01,15.9,13.744905757154612,14.367307384250932,14.917345289479808
1951-12-01,12.0,10.86989200926163,11.391334044845037,11.972790203533213
1952-01-01,10.2,9.917288322535494,10.491937472612708,11.050798071107646
1952-02-01,9.7,11.197776298299871,11.736530144936616,12.245735331883079
1952-03-01,17.0,15.606583646012044,16.25880094261734,16.822761021843846
1952-04-01,25.0,19.935259785974363,20.462387959637446,21.023309776449203
1952-05-01,25.5,24.527498591781516,25.150804414925354,25.80770648639689
1952-06-01,30.4,26.953200445659554,27.518042062689602,28.13161805561155
1952-07-01,35.1,28.525101691283208,29.109395415258042,29.618341738174923
1952-08-01,28.2,27.661131018099407,28.23074329258681,28.82800795603375
1952-09-01,22.6,24.36958602345661,24.96159333842084,25.50027621652346
1952-10-01,19.9,19.400332742867235,19.97791858192697,20.62834920874361
1952-11-01,12.1,13.70266121590169,14.32707443201605,14.886207687774515
1952-12-01,11.0,10.811090281262851,11.346665597825707,11.913806438438215
1953-01-01,9.4,9.889767935469827,10.439162730381913,10.994266922657513
1953-02-01,14.7,11.138126224473114,11.696529395074968,12.225028672914572
1953-03-01,19.6,15.565799995607875,16.19370493837345,16.77765060193231
1953-04-01,19.7,19.864969607338132,20.421158938009757,20.99804599265672
1953-05-01,29.3,24.462871227174276,25.08723567032918,25.739385132127044
1953-06-01,28.2,26.893897213163687,27.464193218707358,28.037819073718687
1953-07-01,28.1,28.43595056099691,29.054996956870113,29.592480155816553
1953-08-01,30.8,27.59740337298388,28.191079577272205,28.789047915428128
1953-09-01,26.0,24.33523300155625,24.91964556932381,25.450996164646675
1953-10-01,20.3,19.346412205898282,19.950169283897498,20.536466004361316
1953-11-01,14.5,13.64607940069441,14.3038983299322,14.85160428225062
1953-12-01,15.9,10.757576086026747,11.290987440122302,11.913191458392337
1954-01-01,11.9,9.794685955585383,10.396149538641112,10.962291748584402
1954-02-01,10.3,11.100198247422098,11.654531349118724,12.158550158650716
1954-03-01,16.5,15.508000460001213,16.138899418478402,16.74489760832041
1954-04-01,17.5,19.80884082395688,20.377455666827828,20.977246702174092
1954-05-01,29.4,24.427382686031777,25.05173998335477,25.692928131933666
1954-06-01,28.8,26.83858661678637,27.421501896721395,27.97995347684391
1954-07-01,24.3,28.38000526558891,29.011582324119303,29.555123022254893
1954-08-01,30.0,27.548235856452315,28.133120462687007,28.696880263380844
1954-09-01,27.5,24.227846693968054,24.88754739011414,25.390262241202777
1954-10-01,21.5,19.32082746819256,19.901272221651027,20.44948052387922
1954-11-01,16.9,13.610954942768087,14.225175346438927,14.801719236872326
1954-12-01,13.0,10.697567698238764,11.251226967074032,11.824002014353592
1955-01-01,13.5,9.74197238021762,10.333094660826314,10.908671949894748
1955-02-01,12.2,11.055229100957565,11.571993777999403,12.125495003739664
1955-03-01,19.8,15.469630129493504,16.119502451809673,16.667392163004823
1955-04-01,25.6,19.741742007967193,20.310186779646568,20.872011332921257
1955-05-01,22.4,24.331062049002913,24.989281132671444,25.601948115994873
1955-06-01,25.3,26.820781749152985,27.349043180512027,27.914396925353845
1955-07-01,30.2,28.33502863806786,28.97749917045875,29.4135902132447
1955-08-01,28.9,27.48321031501926,28.0576892695477,28.649157059309555
1955-09-01,25.2,24.142663276925973,24.78977538085684,25.31555634619006
1955-10-01,19.5,19.263262876202557,19.832698566123806,20.397975558160926
1955-11-01,19.4,13.574306748144712,14.157719752422203,14.734695882367083
1955-12-01,13.3,10.600097151536406,11.178529376783628,11.717357060134212
1956-01-01,9.7,9.677611978675426,10.261836922896975,10.855200240675508
1956-02-01,6.8,10.941979708187267,11.511888001312094,12.020767672193378
1956-03-01,19.4,15.390688633780293,16.026298743807605,16.603671243421683
1956-04-01,17.6,19.650721181814895,20.250410320542137,20.78478696307926
1956-05-01,28.1,24.28775728162441,24.906297090788783,25.483770107020188
1956-06-01,21.2,26.757017410674944,27.29479653171411,27.861496796627907
1956-07-01,29.4,28.266462644441415,28.892812728855972,29.373944125289526
1956-08-01,25.0,27.435542189439886,27.98861031356749,28.552863667525287
1956-09-01,25.0,24.083658014588593,24.7189201286573,25.257774574447115
1956-10-01,20.3,19.187695121911624,19.76531257363454,20.352195952950733
1956-11-01,12.8,13.495279801589268,14.13366501611739,14.674135485921443
1956-12-01,12.9,10.579695132639532,11.13054148046454,11.689297045102336
1957-01-01,12.6,9.670247672605237,10.245883014149594,10.75654282716752
1957-02-01,14.4,10.946723059319455,11.487213976612061,12.056181004437018
1957-03-01,18.5,15.384259824024689,15.987093691042315,16.59378218638968
1957-04-01,21.4,19.588843894430596,20.255103918405993,20.80236941702063
1957-05-01,20.9,24.30794154089986,24.890437009310084,25.488574971537677
1957-06-01,32.7,26.697292497062868,27.288921469772973,27.88518831470563
1957-07-01,34.4,28.308290876461342,28.897965100205937,29.4397767452726
1957-08-01,27.1,27.413580625690198,28.022116102109624,28.592906690809745
1957-09-01,24.3,24.08608554523641,24.731472381747235,25.294045952399905
1957-10-01,18.4,19.16649880883207,19.78200774196219,20.381676975413242
1957-11-01,14.0,13.480861690285563,14.11472798242073,14.699617945803444
1957-12-01,12.2,10.539081132117122,11.124729636197896,11.781596340410243
1958-01-01,11.6,9.656930436765073,10.224343517030416,10.81109231903902
1958-02-01,15.9,10.930162375395126,11.498000749346978,12.071000379901163
1958-03-01,18.2,15.384264496480164,15.991917708069284,16.63992452872296
1958-04-01,19.0,19.636261021967275,20.23843348273582,20.803729820894024
1958-05-01,22.1,24.311211604391726,24.893386092257693,25.4787687720292
1958-06-01,25.9,26.71895091071948,27.283791311828807,27.90330468964021
1958-07-01,27.1,28.27867674956229,28.864579683558826,29.519621781133058
1958-08-01,28.8,27.43701075208675,28.006551481062832,28.63420577090471
1958-09-01,28.5,24.132588005061933,24.72429391068794,25.32235580216045
1958-10-01,19.5,19.19559712282107,19.80825006815438,20.39701742228442
1958-11-01,12.7,13.52914578450294,14.121692803351658,14.70522469524096
1958-12-01,13.2,10.560074497932996,11.12754683508149,11.754189107807846
1959-01-01,11.4,9.676051282949672,10.251613912684371,10.794193961411954
1959-02-01,18.1,10.929796900330489,11.525682420607627,12.08447355251084
1959-03-01,18.5,15.398003211896182,16.0337637659081,16.638465915237898
1959-04-01,22.7,19.62785037921408,20.238968447643693,20.87567572414796
1959-05-01,25.7,24.341813180434787,24.902644843501452,25.539179218575704
1959-06-01,28.2,26.745352960291925,27.307932067235807,27.941102883426773
1959-07-01,34.9,28.323698008838708,28.888732989695487,29.516502150945538
1959-08-01,28.2,27.430650514085638,28.00703143777399,28.6395528815691
1959-09-01,29.2,24.115509622193894,24.70133417547261,25.284905507058895
1959-10-01,24.3,19.171364189556655,19.76627184853846,20.393886724600097
1959-11-01,14.3,13.490066296325836,14.109495194775917,14.706348761560747
1959-12-01,10.7,10.552313733307649,11.100411092553172,11.717232768164648
1960-01-01,12.3,9.670201953467133,10.221158579995945,10.774144211745911
1960-02-01,19.6,10.924391085406453,11.474948290019903,12.023580376747535
1960-03-01,15.9,15.353968848930602,15.970446284221623,16.589598110616038
1960-04-01,21.2,19.5730241471928,20.196078120662058,20.792479239530294
1960-05-01,25.2,24.2911923925987,24.823610534169255,25.440383491331627
1960-06-01,29.5,26.665687078909198,27.216397033716824,27.84374614122274
1960-07-01,24.0,28.206017456345187,28.795347353240892,29.397109174822432
1960-08-01,27.0,27.37417625167141,27.90708707650659,28.497279425702363
1960-09-01,24.9,24.013574538060812,24.614883974245434,25.166620134985376
1960-10-01,20.4,19.136723654661534,19.695155212053763,20.27116249387098
1960-11-01,15.7,13.399964717696744,14.005148661974102,14.540079581910451
1960-12-01,12.3,10.460800173668906,11.02011374879188,11.565457228841924
1961-01-01,9.9,9.538934582453605,10.123264399368718,10.635631839387845
1961-02-01,17.6,10.831880747470525,11.35115404258619,11.924890998643011
1961-03-01,20.2,15.265958162849667,15.873687497943797,16.389953931319308
1961-04-01,21.1,19.509005140195814,20.103035948625802,20.663884680057095
1961-05-01,21.6,24.181861254842932,24.73434897657187,25.268428739252382
1961-06-01,28.6,26.559770991315805,27.112999393770746,27.686764813288363
1961-07-01,31.0,28.078753894097602,28.710647736610113,29.251719620366323
1961-08-01,28.8,27.23768247942558,27.81067024451972,28.392615040317917
1961-09-01,28.7,23.93656667644086,24.50821239020095,25.119516328810402
1961-10-01,22.5,18.969991289309352,19.576298723004093,20.142272656092505
1961-11-01,11.4,13.240622558143725,13.867434220384581,14.445873643686886
1961-12-01,14.4,10.30513188650123,10.89449097539733,11.479166897716986
1962-01-01,11.7,9.341145699715192,9.983767232784857,10.450193438126137
1962-02-01,9.6,10.662837799228168,11.2302222939193,11.728658709643625
1962-03-01,12.9,15.119626363348475,15.71462933270502,16.29855050126466
1962-04-01,22.4,19.35921556708909,19.948493547909983,20.522182444514133
1962-05-01,21.3,23.982736708828693,24.592421054572696,25.158855922551258
1962-06-01,26.3,26.363100989573336,26.983119554830147,27.592266219048845
1962-07-01,26.1,27.94192029722513,28.557404601178295,29.09854745569574
1962-08-01,24.2,27.08163971090479,27.698468899413058,28.252544963492983
1962-09-01,29.0,23.77818798354498,24.36849956384411,24.927426041379757
1962-10-01,23.2,18.87036930707553,19.45209691044237,20.017883435409193
1962-11-01,14.6,13.148222797145065,13.762558023132417,14.313184621025966
1962-12-01,11.2,10.219613001506982,10.780713374640811,11.290448475595287
1963-01-01,3.5,9.212802701123753,9.871097938456286,10.38836681939921
1963-02-01,5.3,10.54580593326653,11.128830022047769,11.641681239345267
1963-03-01,14.2,14.96272865579283,15.653549558654575,16.24783623629718
1963-04-01,19.6,19.257740195503768,19.875244718941687,20.46120947998814
1963-05-01,25.6,23.846503771471557,24.552190907137373,25.11258820428919
1963-06-01,26.3,26.308220809023283,26.931512166709584,27.519619809282588
1963-07-01,28.8,27.886723266342965,28.526508592047083,29.071596119602223
1963-08-01,27.8,27.065561617697536,27.65821985938209,28.219608974492452
1963-09-01,25.2,23.76526634598747,24.352065041708514,24.950194133492076
1963-10-01,18.2,18.86743792413206,19.422889812378862,19.9774297327126
1963-11-01,17.8,13.147676760211036,13.76154120027158,14.357254950403105
1963-12-01,8.8,10.222827954519001,10.80148928323429,11.32334558676456
1964-01-01,7.6,9.27353671733552,9.892976663383608,10.420874598298335
1964-02-01,15.9,10.551399785592853,11.162126563011011,11.654801999797606
1964-03-01,14.4,15.038980534955366,15.65388809717123,16.242021552964815
1964-04-01,22.0,19.303508722045496,19.920598153507115,20.496461908820276
1964-05-01,27.1,23.94843374947742,24.5887367583259,25.146450642907382
1964-06-01,28.8,26.36364404829262,26.97205829007103,27.522082022952972
1964-07-01,33.3,27.975670112067608,28.56103876209761,29.11396795207016
1964-08-01,32.0,27.114263942730844,27.70340516668236,28.29770908321045
1964-09-01,28.3,23.788707662856034,24.37094759225899,24.958614364310996
1964-10-01,19.9,18.90166102562628,19.466444963135437,20.06075018922829
1964-11-01,14.5,13.135284929261621,13.801104990249321,14.395718866013723
1964-12-01,12.0,10.244085523042811,10.818189232473065,11.339019773466326
1965-01-01,10.4,9.295868722446357,9.928631571679656,10.460657757721254
1965-02-01,7.7,10.597635794449445,11.16779544189189,11.703774282373333
1965-03-01,20.4,15.063547322412461,15.69744187145451,16.25931170228622
1965-04-01,18.2,19.37229878486513,19.932779327885513,20.4574216497264
1965-05-01,25.8,23.956954948833975,24.588291486598095,25.153701775112825
1965-06-01,25.9,26.355729693236313,26.986614844726674,27.562608017570987
1965-07-01,25.4,27.979953396681562,28.54900051801251,29.135679527794466
1965-08-01,26.7,27.1458479009415,27.70462075496446,28.347219360055966
1965-09-01,23.4,23.775288458484667,24.384661331532058,25.00481061108233
1965-10-01,24.2,18.933527715516227,19.47840582222132,20.071806470266424
1965-11-01,17.2,13.22510860347998,13.802927699759643,14.388024408624487
1965-12-01,13.0,10.239237625272303,10.857738224067432,11.410518478519451
1966-01-01,13.0,9.323593023019864,9.9462751685892,10.484560876311164
1966-02-01,14.8,10.651946653062026,11.185131817837526,11.743058003759106
1966-03-01,12.4,15.075149153150951,15.712435427446735,16.290030358587263
1966-04-01,21.1,19.326011172697573,19.954544638017992,20.513666173503616
1966-05-01,26.0,23.979176240085035,24.623875145517953,25.184622751270908
1966-06-01,29.6,26.40519111677531,26.98996807383535,27.59338478583083
1966-07-01,26.9,27.998725022835124,28.582409770450717,29.115977161903864
1966-08-01,30.7,27.191565688404534,27.731061899052257,28.382399183685585
1966-09-01,25.1,23.810474821313075,24.3942045215478,24.9870677599669
1966-10-01,21.8,18.875964054679837,19.500896684823118,20.069117703633612
1966-11-01,16.8,13.225347919248058,13.833125573127282,14.430576202937235
1966-12-01,11.1,10.25274509441422,10.839596565399495,11.370570558011018
1967-01-01,14.1,9.327531517111623,9.938748240535663,10.496989966773464
1967-02-01,12.1,10.687059456270669,11.204134066823162,11.760416772161445
1967-03-01,15.6,15.112550105669738,15.705663796748652,16.255733446950195
1967-04-01,17.2,19.378043529403946,19.94597177087381,20.54904605310436
1967-05-01,26.6,24.010637044280966,24.61737389289375,25.154546734657806
1967-06-01,25.4,26.450175951737123,26.984970938159773,27.599093641413777
1967-07-01,31.7,27.994432430424776,28.578563538479997,29.140544726216376
1967-08-01,30.0,27.20926255848114,27.7128152217809,28.345491029232537
1967-09-01,25.7,23.82409706279632,24.396964122282583,24.97847548765565
1967-10-01,20.8,18.861805313943243,19.482389345529285,20.091758300303773
1967-11-01,12.2,13.214405131554445,13.80978472733078,14.388263535131687
1967-12-01,12.5,10.268834997306143,10.83968591562564,11.389612280027396
1968-01-01,11.1,9.378346389628001,9.927560798677977,10.536652918051026
1968-02-01,8.8,10.676189529711719,11.190969387614338,11.715161112268458
1968-03-01,22.7,15.100747378487451,15.707643247352067,16.272770195098484
1968-04-01,26.8,19.386699110497045,19.95327141265686,20.532335480871037
1968-05-01,21.7,23.988734265179566,24.5865549433323,25.200734657236683
1968-06-01,27.3,26.45393238453785,26.98337750091312,27.578843500654017
1968-07-01,32.3,28.009889398483278,28.601550729184027,29.1878191987371
1968-08-01,25.6,27.137485018094164,27.730919739752785,28.380517463755364
1968-09-01,25.7,23.765308608609658,24.38789207914533,25.014709278596634
1968-10-01,19.8,18.872301609754242,19.486490713294273,20.057045064337828
1968-11-01,17.5,13.192993231521779,13.805465883113499,14.43245929409093
1968-12-01,11.1,10.216092960318944,10.820927039056937,11.383237670556955
1969-01-01,12.2,9.304353207572035,9.91257572078785,10.529085216869634
1969-02-01,12.1,10.625640925316151,11.165447147497053,11.680086893484145
1969-03-01,14.4,15.097260651920397,15.661039186158135,16.243712338477245
1969-04-01,22.4,19.36488027265544,19.910797450480572,20.510971594334915
1969-05-01,29.6,23.99204143381608,24.57568729276187,25.172855047735766
1969-06-01,27.2,26.371742835542683,26.964826509070647,27.49411665222988
1969-07-01,30.4,27.932614912885597,28.553048033244053,29.14340717581441
1969-08-01,28.8,27.09569153797283,27.69536119612139,28.330972985640496
1969-09-01,25.9,23.71628174671029,24.3253693217722,24.985455923355094
1969-10-01,22.6,18.860681855629196,19.433231742598696,20.026383994076873
1969-11-01,15.0,13.149751898002945,13.755587707328468,14.34956003571599
1969-12-01,7.7,10.178782547413144,10.750088665217918,11.339704817075667
1970-01-01,12.2,9.277816603017577,9.874236362414663,10.4235426262489
1970-02-01,10.7,10.565215401367071,11.122927535662441,11.611112354774576
1970-03-01,12.9,15.019316071607864,15.604307152676283,16.17311365673881
1970-04-01,16.8,19.3019334094187,19.84044374497543,20.448279050849244
1970-05-01,23.2,23.870100863432935,24.503547997603555,25.111828040738356
1970-06-01,28.4,26.318820269357953,26.899495964641915,27.44862833124497
1970-07-01,29.3,27.920227414672063,28.508017915638113,29.105501880444
1970-08-01,27.9,27.083976617680456,27.622140737945717,28.271595957769108
1970-09-01,24.4,23.684535573521636,24.302767026728617,24.88807397179972
1970-10-01,23.1,18.805258446322554,19.417799644204997,19.974260547826567
1970-11-01,14.7,13.109810934307754,13.723522612336017,14.33118394678964
1970-12-01,10.9,10.1362679562186,10.74108745409563,11.301414078817942
1971-01-01,11.7,9.24277232289684,9.867937238437165,10.414212039679532
1971-02-01,11.7,10.547790637068859,11.101869304506518,11.654353177938235
1971-03-01,13.1,15.000389412970135,15.609619940080865,16.183036960332796
1971-04-01,23.6,19.234815507281745,19.84431824009655,20.451221662678993
1971-05-01,26.7,23.883828891120757,24.51122262205476,25.080069656598592
1971-06-01,26.3,26.292585029512946,26.878439073311,27.45226414698269
1971-07-01,29.8,27.891714120347828,28.494531648751664,29.08264572355647
1971-08-01,27.2,27.05294333895046,27.622114156289445,28.21314661140654
1971-09-01,23.9,23.633122044379167,24.273258463113446,24.856610923700458
1971-10-01,21.7,18.781341553175587,19.378286612316483,19.944135746747584
1971-11-01,13.1,13.102617011381605,13.69736612469308,14.251509261589458
1971-12-01,13.6,10.123809157076439,10.70683311096797,11.26020276152809
1972-01-01,9.9,9.251624119395,9.829878086705909,10.373847184463216
1972-02-01,13.6,10.487126217312088,11.094792738628108,11.60182634575312
1972-03-01,18.9,14.971261980068386,15.579820060335983,16.156416434331206
1972-04-01,16.4,19.24556714609775,19.822006973444477,20.43314364396872
1972-05-01,22.4,23.833074298228905,24.482782488142618,25.038301148284823
1972-06-01,26.6,26.288340550689107,26.87896102899542,27.47125756446277
1972-07-01,31.8,27.89214337750414,28.487089370406537,29.032160984641166
1972-08-01,26.1,27.029598584507326,27.635474944746303,28.200922015549985
1972-09-01,21.9,23.687254132788237,24.255848423411553,24.863002149767695
1972-10-01,21.2,18.80787275709885,19.392570658673552,19.947003564687265
1972-11-01,13.9,13.066270820675799,13.71673466217356,14.2669380693782
1972-12-01,12.0,10.166752686632623,10.721696699989923,11.247232982337065
1973-01-01,9.2,9.22683435071431,9.837475487730599,10.397566014595977
1973-02-01,9.3,10.47088503095142,11.088731801589308,11.60500928257462
1973-03-01,18.5,14.950538624013237,15.61559796581419,16.180380792804357
1973-04-01,17.7,19.278075090808823,19.849533568723146,20.455693259380055
1973-05-01,23.7,23.90031625234524,24.499216724387463,25.08419758371259
1973-06-01,29.8,26.291283437459786,26.920461810883914,27.454591331228666
1973-07-01,30.9,27.89079933907966,28.510197927418808,29.031120159939675
1973-08-01,29.6,27.055624198624297,27.66371611073935,28.28621415619396
1973-09-01,29.5,23.653069013296474,24.303499811384995,24.899665646664058
1973-10-01,22.0,18.837902763482667,19.411367741173585,20.013029689933333
1973-11-01,15.9,13.148135147575156,13.74537340603501,14.360305611937108
1973-12-01,11.3,10.155862357904804,10.766715540473129,11.351180572962253
1974-01-01,13.1,9.237521100994538,9.876055741180501,10.450337379587536
1974-02-01,13.5,10.473010846570842,11.135077492662411,11.682390634433398
1974-03-01,18.1,14.988069007165532,15.64074326680209,16.268662899649474
1974-04-01,21.2,19.273502215168694,19.879225132025123,20.49063721250959
1974-05-01,23.4,23.878631425227823,24.523866749231843,25.13529195780451
1974-06-01,25.6,26.249920241949326,26.941497368025736,27.484603503864307
1974-07-01,23.5,27.88971333590994,28.521011607280478,29.087122937354618
1974-08-01,30.0,27.04835266927742,27.693522114229992,28.30496620471343
1974-09-01,26.5,23.642668231157867,24.316925170724232,24.93370617803223
1974-10-01,13.1,18.829045679102652,19.42710623789437,20.09431188718292
1974-11-01,14.3,13.193786339319935,13.750050708558174,14.355094822361094
1974-12-01,13.6,10.193046018932614,10.782893962516788,11.378104755040384
1975-01-01,14.1,9.254172636883995,9.896149188591806,10.53567344985414
1975-02-01,12.8,10.562070466579652,11.157652454111389,11.720944262045974
1975-03-01,13.4,15.022844696138396,15.655120911529313,16.27283328111638
1975-04-01,22.3,19.294401010768567,19.91009077615097,20.506557028874397
1975-05-01,22.7,23.916373297231832,24.570275379870328,25.20247881889526
1975-06-01,27.1,26.335079154958102,26.974509476609256,27.52286885042807
1975-07-01,30.0,27.975704155478375,28.581488061379943,29.157744095074634
1975-08-01,33.7,27.079494697064575,27.730751375317716,28.393010639211465
1975-09-01,22.7,23.71394642848449,24.351989635138697,24.958546685708665
1975-10-01,18.8,18.872238883096763,19.473368939987566,20.127931467420265
1975-11-01,15.6,13.277773481443052,13.810887126569316,14.426851748287419
1975-12-01,9.9,10.283977916043586,10.849979355064242,11.368203217562213
1976-01-01,11.4,9.315219592107896,9.949369540241136,10.556538156628598
1976-02-01,14.4,10.62382251884293,11.23551461168494,11.75914650791058
1976-03-01,13.4,15.111712695062236,15.720490174776991,16.299119811449458
1976-04-01,20.9,19.358922498725583,19.978196019296377,20.585244423152727
1976-05-01,29.9,23.95879724375343,24.631026938819616,25.22089259232704
1976-06-01,33.9,26.38755144780972,27.044451286564705,27.536852529036075
1976-07-01,34.7,28.017996982688505,28.651998378582903,29.195023742760725
1976-08-01,29.9,27.093278172103318,27.80011342847419,28.39374704832087
1976-09-01,22.5,23.819154494338704,24.398068247219978,25.000139899606346
1976-10-01,22.3,18.939843141509176,19.55556004272045,20.13620353861837
1976-11-01,12.1,13.260114150871399,13.847436190972783,14.44219591406515
1976-12-01,8.5,10.277312753692476,10.873706305618152,11.42499308101643
1977-01-01,12.8,9.364043268495342,9.964013675005468,10.543223906129262
1977-02-01,13.0,10.597919415190681,11.238273940384119,11.714698851496994
1977-03-01,17.8,15.121079106632456,15.716785058358871,16.332814912700066
1977-04-01,17.2,19.36761905104662,19.969709669348912,20.570057916906563
1977-05-01,25.6,23.962119984074793,24.600838104078733,25.20689216731401
1977-06-01,29.6,26.375848576700246,27.02634719639643,27.55019659366374
1977-07-01,27.6,28.014739657122963,28.60780959915705,29.166601164176537
1977-08-01,24.3,27.103915912078527,27.782120244140497,28.371119704383073
1977-09-01,22.6,23.740529105188035,24.382285810395032,24.948509161282765
1977-10-01,21.7,18.918418160702032,19.528863659725474,20.153895852913738
1977-11-01,17.2,13.203012295344461,13.849015665515797,14.454036164518955
1977-12-01,14.8,10.254307865322371,10.8582883757503,11.439247716825276
1978-01-01,7.6,9.352052065585436,9.976793148057055,10.537697726712187
1978-02-01,15.2,10.606044627376237,11.259252911658361,11.758788847052413
1978-03-01,15.9,15.139102641419827,15.737966988502166,16.280577353091036
1978-04-01,20.7,19.362733172287225,19.997138773541145,20.562833918539702
1978-05-01,26.4,23.977017840589525,24.63535625178283,25.20565507820291
1978-06-01,27.5,26.388814705316225,27.04587228151542,27.55466406693249
1978-07-01,31.1,28.016429729261983,28.623508680406317,29.22349066881022
1978-08-01,25.9,27.127647312061093,27.798460818639157,28.348493926224204
1978-09-01,21.3,23.790190143974616,24.391299528136592,24.97368380375546
1978-10-01,23.1,18.976643618489735,19.568368759568408,20.09696792235182
1978-11-01,14.0,13.272695615237119,13.8648843860367,14.455992207582083
1978-12-01,14.8,10.309329974090446,10.869428040017286,11.436057630776158
1979-01-01,4.4,9.404422840557254,10.005599496844663,10.54125425737832
1979-02-01,8.5,10.676655058665549,11.261584549495504,11.794777930904491
1979-03-01,13.7,15.128320508290336,15.789740918858483,16.29867990509496
1979-04-01,21.0,19.431895956959604,20.05264446756054,20.605155883587
1979-05-01,26.9,24.025056021942177,24.66623167773103,25.256110876491817
1979-06-01,26.8,26.44078905853432,27.09276435218503,27.642486476076975
1979-07-01,28.4,28.06159635670075,28.69054028999073,29.267501734196603
1979-08-01,26.0,27.26311363419054,27.853513075789373,28.435264860981082
1979-09-01,27.8,23.883147131274487,24.4805055822088,25.057441780608997
1979-10-01,23.1,19.052152241858465,19.65483325292531,20.19024603875547
1979-11-01,13.2,13.33483352490524,13.953803642029094,14.560762445834904
1979-12-01,13.6,10.339318200998086,10.991187605465392,11.51978621279333
1980-01-01,11.1,9.493679934549526,10.094643331434295,10.618870780467063
1980-02-01,13.3,10.738757795062366,11.367023443714757,11.895062808061352
1980-03-01,15.5,15.267463379538604,15.87452829493868,16.400210894404296
1980-04-01,22.1,19.52513206396085,20.132529219283825,20.703147090887715
1980-05-01,23.6,24.122840075508588,24.764560991824226,25.33123846389501
1980-06-01,27.2,26.515114759058957,27.168611001172536,27.722782436567602
1980-07-01,28.6,28.164736543282057,28.781532645420285,29.368452169398168
1980-08-01,29.9,27.382388506863755,27.936730399194595,28.517534560076246
1980-09-01,25.9,23.86828295730337,24.53607957716607,25.16603120180367
1980-10-01,19.1,19.120550544607823,19.718342283900988,20.295723148186248
1980-11-01,15.1,13.358103583296648,14.041804803392449,14.64340798477669
1980-12-01,12.7,10.441308677326843,11.068612225471709,11.574605617337902
1981-01-01,10.5,9.534281432929806,10.169721475617838,10.7227725574617
1981-02-01,10.3,10.774814411269952,11.439574639995566,11.973966263623508
1981-03-01,19.6,15.315541898321127,15.945131187527553,16.500258724672054
1981-04-01,21.0,19.595934822702784,20.211289907067645,20.828522115016288
1981-05-01,28.0,24.153677655904087,24.82554511508451,25.442214167375404
1981-06-01,26.2,26.583896806129268,27.23188907695276,27.866578464316074
1981-07-01,29.7,28.256567032971034,28.85773391378355,29.4226799537229
1981-08-01,29.6,27.424101289336104,28.02175537773403,28.61390528880844
1981-09-01,25.7,23.961010116604506,24.617788919130618,25.261180339216963
1981-10-01,19.7,19.17322885650553,19.783145732383105,20.397415043297787
1981-11-01,16.4,13.475133479102155,14.127262141994125,14.73350529427513
1981-12-01,9.8,10.525996565364286,11.137376356752565,11.671828614377537
1982-01-01,12.1,9.599119200982004,10.229682347896215,10.824442360491883
1982-02-01,13.4,10.89934295053947,11.515124730500228,12.048457645433643
1982-03-01,17.2,15.351806598688839,16.00602408036907,16.571763908419175
1982-04-01,20.5,19.64428461382198,20.282337446498698,20.83628193245016
1982-05-01,26.4,24.294236618357747,24.9091700103996,25.5045262808357
1982-06-01,28.1,26.71712936759383,27.325671927168724,27.88419914908845
1982-07-01,31.6,28.321919905294937,28.940048002801745,29.505679756249545
1982-08-01,28.7,27.513956835193927,28.09826437919341,28.706418712908146
1982-09-01,27.6,24.04641217089392,24.697732127136273,25.31150011955453
1982-10-01,19.3,19.28112544044301,19.86075800737015,20.422664542420183
1982-11-01,17.2,13.53836644993691,14.178637547140195,14.780609732967967
1982-12-01,12.7,10.615161922054812,11.194609095049016,11.719485506198124
1983-01-01,12.9,9.712257726259427,10.28627362306521,10.855964663621572
1983-02-01,10.8,10.936002277107084,11.586349687847198,12.126549464489852
1983-03-01,15.6,15.415551001650737,16.105441282012496,16.611813631870003
1983-04-01,20.0,19.79961579721979,20.372042933727613,20.93654582250191
1983-05-01,23.2,24.342405484723717,24.97453678315354,25.53011316330801
1983-06-01,27.2,26.772008957609703,27.390679659098076,27.975009336813326
1983-07-01,31.9,28.42236516292471,28.9726953023078,29.568994513221504
1983-08-01,30.2,27.573934325618584,28.162907369760717,28.74580796301176
1983-09-01,25.3,24.136804581556444,24.771202726571588,25.34074622873896
1983-10-01,25.4,19.373707793106647,19.93137202078451,20.515150057056584
1983-11-01,18.4,13.67192949499917,14.231821183755924,14.821919802547198
1983-12-01,13.4,10.673442403615276,11.265448051871678,11.852888210734275
1984-01-01,11.1,9.782431023827373,10.358153244337466,10.925409493959862
1984-02-01,9.8,11.038254265576956,11.638005955431629,12.14832098964179
1984-03-01,11.8,15.529900955192625,16.137416467631574,16.618035037280947
1984-04-01,23.0,19.806552789237944,20.40919029120733,20.98498393837739
1984-05-01,19.7,24.418388163454946,25.024638580948704,25.542785629454944
1984-06-01,28.2,26.846459959706774,27.43481274092793,28.055990993774586
1984-07-01,33.0,28.475086595556768,29.058130396224428,29.61073014892759
1984-08-01,29.4,27.65831650354256,28.247163390582728,28.86958469913884
1984-09-01,27.4,24.179381400298173,24.82902830043684,25.403247914110423
1984-10-01,19.0,19.438351090472736,19.994537004857605,20.56360327993832
1984-11-01,18.4,13.76796083635179,14.28514275391958,14.904285959686874
1984-12-01,14.0,10.7643914052275,11.348390807605837,11.878224742480818
1985-01-01,9.2,9.82654388388984,10.430226293123258,10.97827333687611
1985-02-01,12.3,11.123332117132662,11.710623389615321,12.226844346499064
1985-03-01,14.0,15.602422082274336,16.197151821169477,16.72710372540493
1985-04-01,24.3,19.900373189031704,20.490252619760057,21.048238584196255
1985-05-01,29.0,24.463234783836178,25.087003451922428,25.669440617725154
1985-06-01,29.7,26.91897755772184,27.507052841926317,28.08635222095734
1985-07-01,29.2,28.53768001501163,29.104758571352427,29.692186876157518
1985-08-01,28.8,27.71483424168726,28.29226326773248,28.907579121603565
1985-09-01,26.8,24.17090561743043,24.88032348848408,25.464112214296406
1985-10-01,26.6,19.474230683058774,20.05593789680151,20.65415401926888
1985-11-01,16.0,13.805943222113916,14.330316804309978,15.0015846960652
1985-12-01,14.6,10.829169629004479,11.3956858344582,11.967917910879498
1986-01-01,10.0,9.898069960325047,10.471163436530363,11.057907534962986
1986-02-01,3.2,11.173865796029995,11.75213178782983,12.259789261489349
1986-03-01,17.8,15.649197212284086,16.25644368008792,16.808346969996386
1986-04-01,16.2,19.94059474142837,20.56112219981342,21.13067097298799
1986-05-01,26.7,24.552003943562404,25.15090719278067,25.760432177738544
1986-06-01,30.0,27.00814274113799,27.599287147363704,28.12442261745802
1986-07-01,29.8,28.585166928596433,29.197963867663695,29.738305020320077
1986-08-01,34.0,27.801503778019185,28.368920798352548,28.947260819737775
1986-09-01,19.3,24.269795688138615,24.99113142863742,25.513137941205528
1986-10-01,23.8,19.54799031809779,20.155905598021047,20.753736277188395
1986-11-01,16.3,13.90272849016016,14.447839628730824,15.069830667940025
1986-12-01,13.1,10.897893430940744,11.497553276094427,12.065773815629205
1987-01-01,10.6,10.02835478227508,10.576114649524623,11.182437484964643
1987-02-01,12.4,11.314155026225887,11.867045698072525,12.375586426588391
1987-03-01,13.9,15.804712561566964,16.35291685601602,16.920277051068
1987-04-01,24.6,20.09734400796277,20.652387431644982,21.238571446485352
1987-05-01,23.8,24.65906562341436,25.258856668685716,25.84834334903232
1987-06-01,30.3,27.081021225632952,27.735552357404217,28.257072638426216
1987-07-01,29.0,28.713567890597062,29.313663517080354,29.879189158777244
1987-08-01,30.5,27.966495238999627,28.477757361110992,29.147318842984216
1987-09-01,27.3,24.422121527000478,25.08750698079281,25.649219668297434
1987-10-01,20.6,19.668312049547566,20.27488930470271,20.82894462851298
1987-11-01,13.9,13.989886199996654,14.582268066411293,15.137869784959252
1987-12-01,14.5,11.03428208547627,11.588293625229852,12.162769410806728
1988-01-01,12.8,10.170366430229189,10.714520792820256,11.3063066632104
1988-02-01,13.0,11.436269613093305,12.001126093004075,12.5108682652906
1988-03-01,13.8,15.853724727610487,16.49397004019843,17.001346843993158
1988-04-01,24.8,20.18571845918084,20.751816798219593,21.35974321854243
1988-05-01,25.3,24.76499612560093,25.377866341126058,25.968707849104224
1988-06-01,25.7,27.227845788302613,27.823980829530235,28.381656605922526
1988-07-01,28.2,28.83205876557866,29.414187002262768,29.982884714566705
1988-08-01,28.4,28.054058897444733,28.616063407192815,29.2245686375174
1988-09-01,24.3,24.533981130475457,25.19314265340427,25.76668557557077
1988-10-01,21.2,19.743401977743062,20.373089148273458,20.949073356010842
1988-11-01,14.6,14.080679010382697,14.686508710542265,15.284062346268266
1988-12-01,12.2,11.122506911306715,11.710375450798736,12.296639648249824
1989-01-01,10.9,10.269900156458467,10.826607866395017,11.431924781403051
1989-02-01,13.9,11.557299036439463,12.12220303567286,12.713762087279486
1989-03-01,21.7,16.01127011868766,16.636014105640015,17.170264258765897
1989-04-01,16.2,20.367654482342317,20.90834825865184,21.56572113560946
1989-05-01,28.7,24.915397370903467,25.517015813595243,26.129051089710007
1989-06-01,28.8,27.316221194638604,27.98211565650893,28.55811406672675
1989-07-01,35.7,28.982881947728817,29.55560280091971,30.145028040606245
1989-08-01,30.3,28.185418536649735,28.76177623270761,29.44009195802592
1989-09-01,27.3,24.681361325334667,25.343732958014257,25.999470398938357
1989-10-01,21.4,19.926443972110228,20.52339774719806,21.11777809254156
1989-11-01,15.9,14.253469245533795,14.82642982894068,15.493239927769734
1989-12-01,16.7,11.261911040546865,11.877494083077314,12.454845736188007
1990-01-01,13.4,10.382551194725195,10.977753690976602,11.591794848857257
1990-02-01,18.3,11.70465689545425,12.245114414453141,12.91974047455147
1990-03-01,22.5,16.103192996007902,16.736732956169654,17.341153852279938
1990-04-01,22.0,20.481260205174323,21.044269559142474,21.729293778279054
1990-05-01,27.6,25.034180878997887,25.63750797273977,26.272212422118308
1990-06-01,29.2,27.453260756242848,28.07489056645153,28.705374891646994
1990-07-01,30.5,29.070696280583647,29.655229444907604,30.263035155949392
1990-08-01,35.3,28.280703758288507,28.841999350752566,29.553790525056762
1990-09-01,24.2,24.768148047910234,25.426565607047678,26.0612537502431
1990-10-01,25.7,20.014686315439686,20.598233574990893,21.20979801846121
1990-11-01,13.5,14.332241059923458,14.902511573501537,15.553232085378571
1990-12-01,11.2,11.336259533205425,11.907523253424179,12.553715254426983
1991-01-01,13.5,10.476598064767996,11.011021655848339,11.650385328627696
1991-02-01,16.6,11.748297641749316,12.281442495553945,12.934088944923538
1991-03-01,19.7,16.164870881364806,16.76897250340643,17.368672126131536
1991-04-01,23.9,20.510826246586017,21.049414414538514,21.705506044115985
1991-05-01,23.7,25.034000692784133,25.630698811084176,26.32188701935626
1991-06-01,22.4,27.470058307616643,28.0863067728075,28.71002035045699
1991-07-01,32.8,29.07338349262219,29.654698520341775,30.268747450836198
1991-08-01,30.8,28.243834321956307,28.848455255875493,29.534162232710997
1991-09-01,28.4,24.77674630033645,25.40849294940289,26.089726520249847
1991-10-01,23.0,20.011350544711927,20.598646798529792,21.213514850224772
1991-11-01,15.2,14.323625992469813,14.907733939507995,15.506208522624265
1991-12-01,12.7,11.349806214177654,11.910811070808903,12.509944609505936
1992-01-01,12.2,10.492148452451858,11.01134491760277,11.643054820874857
1992-02-01,16.8,11.715098240234305,12.268519461670799,12.865882117176808
1992-03-01,16.6,16.18792940257243,16.767127923036107,17.35038714095
1992-04-01,18.6,20.495769931039543,21.0493233927198,21.680603931562644
1992-05-01,30.3,25.040612418240162,25.637641014007528,26.24047231502059
1992-06-01,28.2,27.502789717757405,28.09815142395442,28.654169581503744
1992-07-01,29.6,29.094172002945808,29.66973885035773,30.290777668462272
1992-08-01,31.7,28.256630818888677,28.852357632724846,29.537933649322635
1992-09-01,25.8,24.83967757442908,25.419025298907606,26.048141128184767
1992-10-01,17.3,20.001083701608163,20.610070337808303,21.253815083648693
1992-11-01,14.4,14.289982835355637,14.89201376112764,15.523370849946213
1992-12-01,12.1,11.339237323871252,11.901309110765123,12.513555893160675
1993-01-01,14.8,10.40452754076896,11.019340808188218,11.688719937408731
1993-02-01,10.6,11.74402126159866,12.276165726870735,12.849934574910044
1993-03-01,18.7,16.18457373140391,16.77882188967382,17.422019999901572
1993-04-01,26.2,20.53316591362169,21.052928671903167,21.739704662238072
1993-05-01,27.3,25.019475146409835,25.653899041812977,26.289855191698138
1993-06-01,29.8,27.508269175341166,28.074492438762775,28.696203424945015
1993-07-01,27.8,29.103670475776514,29.68957631393559,30.278193089869553
1993-08-01,25.0,28.266747947011986,28.866751249286224,29.576121941774883
1993-09-01,25.4,24.804087837126627,25.42718247427435,26.07695976354287
1993-10-01,18.6,20.008743808397146,20.601824384832042,21.26046319732573
1993-11-01,17.9,14.292290935128067,14.934707552054396,15.524560893081992
1993-12-01,12.7,11.351334230349716,11.930376510605704,12.47889012422227
1994-01-01,12.9,10.470152459293164,11.034513464934488,11.64468115341397
1994-02-01,12.2,11.767719639741612,12.31261776623066,12.933321155480641
1994-03-01,19.7,16.201165364032896,16.805902579899662,17.36341154859087
1994-04-01,23.0,20.55647005359366,21.07959162096693,21.73767250339706
1994-05-01,23.4,25.08246100817095,25.676220770082892,26.278397970849955
1994-06-01,30.0,27.563918924954443,28.096913078598,28.72793199858082
1994-07-01,33.0,29.182348909948523,29.718105060511597,30.34562188192351
1994-08-01,33.9,28.296490033406567,28.907958023091226,29.615324940322903
1994-09-01,21.7,24.817219575374555,25.46566930444135,26.0667011880529
1994-10-01,20.2,19.987145551356097,20.64193042552646,21.267427490366874
1994-11-01,20.2,14.301634022157511,14.943963828934201,15.595778493290933
1994-12-01,14.0,11.371114646077622,11.96673377237006,12.48693851149468
1995-01-01,11.9,10.506149704315153,11.065357161124139,11.657995292623841
1995-02-01,13.6,11.770857177442625,12.322565314981773,12.930339095318907
1995-03-01,16.2,16.193942899696513,16.824292670612067,17.418100421690756
1995-04-01,21.2,20.53229205461632,21.10044609156777,21.78839265928072
1995-05-01,26.8,25.068866633373396,25.671599620466278,26.302469784711615
1995-06-01,30.0,27.568849990056624,28.146722218223047,28.726260295349487
1995-07-01,34.0,29.17078464464468,29.719597391351265,30.326027486602584
1995-08-01,32.8,28.33331548902143,28.919894824881332,29.561919628367445
1995-09-01,21.2,24.827876581696575,25.45704671452283,26.13359805062585
1995-10-01,24.7,20.01819379260105,20.656358788007637,21.313454084207734
1995-11-01,20.3,14.31733562226735,14.948112816340847,15.570412957457249
1995-12-01,11.1,11.386689472814894,11.974911102684867,12.539965839477768
1996-01-01,13.8,10.472047878711626,11.091112984300839,11.684059715922814
1996-02-01,10.8,11.751623771455884,12.33062725082834,12.941148566003692
1996-03-01,14.3,16.23129728892984,16.81831374993503,17.42263082744803
1996-04-01,24.8,20.560241312319906,21.092171462602707,21.744121917474672
1996-05-01,27.6,25.07664949239753,25.68575158252859,26.344763362622267
1996-06-01,32.9,27.59670923258648,28.129800300771937,28.749591124936202
1996-07-01,29.4,29.17557789544653,29.723028673922407,30.316985005138054
1996-08-01,29.9,28.282210031947603,28.91558963776199,29.58936106316184
1996-09-01,20.3,24.82238142484925,25.465454305460426,26.10487122061184
1996-10-01,21.6,20.01320353049636,20.673936575673803,21.272255019663298
1996-11-01,14.3,14.349676208080801,14.994016274534063,15.522086615024127
1996-12-01,11.4,11.416527313925808,11.967959726996456,12.493648405152282
1997-01-01,12.5,10.533888756112919,11.097042768871159,11.664935006928204
1997-02-01,15.9,11.7624856809275,12.330149509270965,12.948945232187308
1997-03-01,17.1,16.224901626782017,16.851611625630113,17.46623783582758
1997-04-01,18.2,20.571517754980203,21.13109222560671,21.76810730932979
1997-05-01,27.0,25.119395805682156,25.735299955725367,26.310481440706774
1997-06-01,28.0,27.574777305412553,28.17387531778662,28.763803215353732
1997-07-01,26.7,29.1733230237469,29.759658804488033,30.330430588278183
1997-08-01,31.9,28.339610018313397,28.94800075228012,29.641137988797816
1997-09-01,24.5,24.891986889114065,25.521861520947077,26.129034343084342
1997-10-01,23.8,20.093892346524875,20.717745367063152,21.32987262662167
1997-11-01,14.5,14.433500059914513,15.031761603636891,15.614194125175093
1997-12-01,14.0,11.45900266635691,12.034454203791006,12.57127202062111
1998-01-01,13.1,10.579723377721306,11.166992519557292,11.766530254588051
1998-02-01,17.2,11.890036135078342,12.385680741845032,12.97937095802566
1998-03-01,21.0,16.293217338379822,16.90206526450737,17.50803136186656
1998-04-01,22.4,20.655074469511046,21.175227265067207,21.85475086061497
1998-05-01,31.0,25.141825042563525,25.774789463134447,26.389693693544345
1998-06-01,29.4,27.654223839616726,28.200364922345436,28.80433831874967
1998-07-01,30.7,29.223917076965627,29.820194394613573,30.396582653045296
1998-08-01,33.5,28.429437903956014,28.99721828133958,29.657249261060887
1998-09-01,23.2,24.912392347442427,25.55344586602932,26.131866777542236
1998-10-01,18.0,20.087088485636677,20.736106837463463,21.351981166024323
1998-11-01,14.8,14.478551757118373,15.04137597412648,15.635567493162602
1998-12-01,13.2,11.490746512391045,12.044140840303468,12.57962498716454
1999-01-01,14.5,10.608884254982733,11.166936940622373,11.729875589267865
1999-02-01,11.0,11.822470871456808,12.410527714863335,12.970508956680758
1999-03-01,18.6,16.25273401812768,16.913166523509616,17.497406593279972
1999-04-01,20.3,20.661495797993386,21.182186843670245,21.843174943065875
1999-05-01,29.5,25.17904299743958,25.794071302591178,26.357435178854242
1999-06-01,25.5,27.630826527493493,28.252353515632855,28.80787340656884
1999-07-01,29.4,29.20156938613338,29.838526129768297,30.372511861103767
1999-08-01,30.7,28.412547370896945,29.030836060126642,29.667534880801814
1999-09-01,29.1,24.91691308216829,25.58834297654915,26.13548698419007
1999-10-01,20.7,20.15141115821904,20.76980136838072,21.375512471093938
1999-11-01,17.3,14.480562690278516,15.076423321831337,15.660656525509754
1999-12-01,11.5,11.526465200825351,12.078540730035446,12.586327197221992
2000-01-01,10.4,10.67236466406792,11.196351955995066,11.800584241210142
2000-02-01,14.3,11.807821765845217,12.462226798357122,13.033833783637569
2000-03-01,16.2,16.309829760830493,16.956653381629316,17.548050460818125
2000-04-01,21.2,20.696918241109017,21.233961283119122,21.87199826088874
2000-05-01,27.8,25.136025317845053,25.826949093815877,26.42813080131683
2000-06-01,31.8,27.70014315273532,28.264157143807985,28.883526444008393
2000-07-01,25.1,29.25716372627506,29.901464724222624,30.416969227471924
2000-08-01,29.6,28.387339763891262,29.076726540404053,29.72168589081982
2000-09-01,26.0,24.970866600738066,25.618471070586878,26.205396765096012
2000-10-01,20.7,20.172445276082108,20.827959252661373,21.423556263300487
2000-11-01,15.0,14.456686289399752,15.100369603144982,15.728250515025179
2000-12-01,15.8,11.566748932696509,12.129450655717612,12.707827449335953
2001-01-01,12.6,10.652459341579771,11.23208223855789,11.835167838306427
2001-02-01,14.0,11.856095885228376,12.519313643370332,13.10455111700274
2001-03-01,16.6,16.396460745536732,16.989146293756477,17.622289092582683
2001-04-01,22.6,20.724573482634607,21.282764294849734,21.968001952759952
2001-05-01,25.9,25.203244206624753,25.880407759650844,26.45544416090541
2001-06-01,31.4,27.729880804956874,28.307949590635573,28.919783946762635
2001-07-01,31.1,29.299763087834435,29.931997417364293,30.50499593412867
2001-08-01,32.7,28.484366531960827,29.119200158460618,29.75383397274169
2001-09-01,21.1,25.045781634745964,25.670286769373966,26.247785091367327
2001-10-01,24.8,20.251619265142953,20.86677782503203,21.497516835734498
2001-11-01,13.8,14.563588639860047,15.165893025536459,15.795396526808958
2001-12-01,13.5,11.598706816905276,12.18968447976513,12.705632282821583
2002-01-01,13.6,10.72373906987926,11.31666327130706,11.911431098385835
2002-02-01,15.3,11.93788470722989,12.55953031834266,13.160318862333707
2002-03-01,16.9,16.436380451456802,17.044875117949786,17.682117369745615
2002-04-01,21.2,20.802102213783435,21.339812729383965,21.984387406847254
2002-05-01,24.7,25.260967274698093,25.948814814098128,26.5569522897028
2002-06-01,31.5,27.785507088339617,28.38948362920162,28.963505867134373
2002-07-01,32.2,29.399026987266463,29.99349843934999,30.58509138249799
2002-08-01,29.5,28.548050638125154,29.17249068417191,29.814964871729327
2002-09-01,22.8,25.109903506284954,25.731632943761973,26.31050478351369
2002-10-01,20.1,20.31827908422732,20.921592911568148,21.531016497822524
2002-11-01,15.8,14.557593905855132,15.247072451249824,15.880677929607874
2002-12-01,12.6,11.680531335119976,12.25566057244028,12.818119253274636
2003-01-01,13.1,10.778929535442234,11.395586526903699,11.946101275117044
2003-02-01,16.4,11.997777048795909,12.637747606378026,13.22912337887107
2003-03-01,20.8,16.44370684982139,17.09738473668242,17.751045748522916
2003-04-01,24.9,20.826259122475957,21.416494168549985,22.05798764635296
2003-05-01,27.3,25.30351493689228,26.016846283981437,26.568711690875745
2003-06-01,28.1,27.88222213733314,28.446713460273394,29.025481417028647
2003-07-01,31.7,29.425256752752375,30.061429848942375,30.680871595525772
2003-08-01,33.8,28.60308760828909,29.237948976826306,29.84652157527432
2003-09-01,29.4,25.07105148020113,25.780658192346905,26.434774173256756
2003-10-01,18.3,20.363538515447523,20.984763735154132,21.594982555523863
2003-11-01,16.2,14.670635140226738,15.29982268045023,15.884773720187868
2003-12-01,12.8,11.689440398619826,12.310826860319171,12.863479580159119
2004-01-01,11.6,10.82802958773474,11.445963024246215,12.00317123253392
2004-02-01,16.5,12.015853794572626,12.667826346245114,13.294985269843623
2004-03-01,21.7,16.55005976807711,17.164154649614776,17.759839866450665
2004-04-01,21.1,20.884759252259542,21.451334286500867,22.085240508092394
2004-05-01,24.0,25.390117311611924,26.025308368504128,26.617954024695887
2004-06-01,29.7,27.944639194016172,28.48291842649146,29.05683390131196
2004-07-01,29.0,29.475957348751486,30.072328385602667,30.67114907838309
2004-08-01,30.2,28.664002140877358,29.25861029079822,29.871314795051394
2004-09-01,26.7,25.112472800646028,25.829880780446032,26.436236755531876
2004-10-01,21.2,20.373857390410592,21.01006170175178,21.611832557470734
2004-11-01,13.3,14.687901382123169,15.320271276224268,15.900222195047194
2004-12-01,11.4,11.714752769809989,12.319939703265844,12.893153354498649
2005-01-01,13.6,10.843320671366758,11.466847307203933,12.075125980495624
2005-02-01,11.8,12.102114961457616,12.698662393981794,13.328143213786166
2005-03-01,20.7,16.59941178746813,17.180987730351713,17.83067667044271
2005-04-01,21.6,20.91331295937489,21.50015007336338,22.1235896255875
2005-05-01,31.7,25.39482322885821,26.088225106879793,26.66077393372507
2005-06-01,32.9,27.960888740748263,28.521795625849087,29.074848261500602
2005-07-01,29.1,29.53125398496649,30.11019277807835,30.774326466091615
2005-08-01,30.7,28.73651376436181,29.288297753273216,29.950625228029107
2005-09-01,29.0,25.188001991773664,25.87339680847312,26.44768319342226
2005-10-01,23.4,20.42933322179758,21.01517422177956,21.621282994766766
2005-11-01,18.7,14.779810821538936,15.3531038149697,15.959625909242591
2005-12-01,9.4,11.798510183348283,12.33820139167213,12.887336394750415
2006-01-01,10.2,10.856919719961901,11.484269890535113,12.069991430075145
2006-02-01,10.6,12.087799008758022,12.745489473980989,13.288287846812729
2006-03-01,18.5,16.59581785245795,17.18304730150734,17.81326678372808
2006-04-01,21.3,20.925164697394322,21.533987349277012,22.132496426963108
2006-05-01,25.8,25.485308560639147,26.068955760596104,26.652536376184933
2006-06-01,31.3,27.989490586749653,28.571206766900787,29.113332588935087
2006-07-01,36.2,29.565585138632034,30.14931645593507,30.728983612739444
2006-08-01,24.0,28.754373668013848,29.330201424346004,29.91902588588758
2006-09-01,29.5,25.231367665918185,25.919795266494315,26.442113444910916
2006-10-01,22.4,20.462923981742346,21.081002261965942,21.68881744225728
2006-11-01,18.5,14.769086964807666,15.380949307392356,15.974961341850012
2006-12-01,15.3,11.781853235548642,12.377470380879616,12.965603008867278
2007-01-01,14.9,10.882406060062477,11.51032903026984,12.134246317236405
2007-02-01,16.2,12.16446821841105,12.765619659803164,13.292341312314965
2007-03-01,18.1,16.59251172121675,17.253166316055214,17.846032623138807
2007-04-01,28.7,20.954602702207836,21.565198542123532,22.191003880190113
2007-05-01,26.0,25.4401134979437,26.10859888385269,26.67580737907128
2007-06-01,28.1,28.00255482361745,28.570839905134733,29.13715217318407
2007-07-01,30.7,29.589244275129385,30.182296523848407,30.73639797276197
2007-08-01,30.9,28.761290458008066,29.343392376178805,29.89251983516966
2007-09-01,22.0,25.22594203031283,25.904163341258098,26.507935089873815
2007-10-01,19.3,20.40371398148125,21.072674274266063,21.711403810765685
2007-11-01,13.8,14.757203461096791,15.39765677783366,15.9831422105913
2007-12-01,13.1,11.817519354872797,12.381192511563494,12.963585536202194
2008-01-01,12.7,10.91413205622259,11.522597126206438,12.142937148431013
2008-02-01,17.1,12.188481976988362,12.779866114051464,13.35167170237869
2008-03-01,14.9,16.66441637259952,17.24896584909417,17.854333403458973
2008-04-01,23.7,20.979694783634166,21.5673824667806,22.22081013338303
2008-05-01,26.8,25.428500965585048,26.11302477556645,26.737089414114646
2008-06-01,27.5,28.00938668796278,28.575309922727808,29.153773144979684
2008-07-01,31.0,29.61001404704774,30.195321551639644,30.803885440094852
2008-08-01,28.7,28.73133849468234,29.35756860499039,29.95139294204165
2008-09-01,27.2,25.217931426343277,25.919953230504625,26.521284078655544
2008-10-01,22.3,20.477117143752793,21.085728167156354,21.709372149698908
2008-11-01,15.6,14.757446467208391,15.414066370678526,15.995704536984958
2008-12-01,11.6,11.84086773683456,12.38199179808575,12.969374006927323
2009-01-01,10.1,10.874166767991106,11.552271836835974,12.140065622616397
2009-02-01,11.0,12.116838605458085,12.789256265334682,13.328235136946427
2009-03-01,14.7,16.64299151161101,17.279620611632737,17.855642386567453
2009-04-01,24.4,20.97194387086452,21.60745056661284,22.231423785943086
2009-05-01,27.0,25.43996842745901,26.163012651021567,26.740252851086236
2009-06-01,28.4,27.993776929170675,28.63314328777231,29.19708813942141
2009-07-01,30.7,29.609582247139176,30.22746109165671,30.785878448648155
2009-08-01,33.4,28.78053052022665,29.421270700079802,30.009264757747864
2009-09-01,28.9,25.29617890132263,25.953998188993296,26.535183479897853
2009-10-01,19.9,20.509734597736035,21.16761947525732,21.732365402527584
2009-11-01,17.6,14.778598350436637,15.471473678260738,16.051760922430063
2009-12-01,12.4,11.899188095814662,12.47120724898647,13.025863910508079
2010-01-01,8.1,10.933953630799342,11.620861712728487,12.2130623053872
2010-02-01,12.0,12.18042140615573,12.859149152106852,13.418834791159737
2010-03-01,19.8,16.72970946974925,17.337744778526506,17.910341354021593
2010-04-01,25.6,21.020244599048954,21.664702868005318,22.300160460661527
2010-05-01,25.9,25.5223084196332,26.22146409222226,26.78905685120029
2010-06-01,29.3,28.076553368383088,28.673379183496003,29.259667044262567
2010-07-01,33.9,29.707580251751413,30.280071940118223,30.826960164920266
2010-08-01,27.9,28.814529760921673,29.459689581453155,30.100618335602597
2010-09-01,23.7,25.3195742705673,26.01245203071069,26.641748505787696
2010-10-01,23.1,20.56425548206725,21.23320097023199,21.80924957101487
2010-11-01,16.1,14.845496020361619,15.544548860020772,16.110421733300306
2010-12-01,6.6,11.93910719817014,12.529688381478264,13.082825624927075
2011-01-01,13.0,11.032941877094183,11.674067343116398,12.243550885150807
2011-02-01,13.2,12.260634583074198,12.925366963952484,13.464023559772055
2011-03-01,18.3,16.82237529250246,17.43036557590819,18.015236842395716
2011-04-01,26.4,21.150679317995763,21.754276140563235,22.366431874740414
2011-05-01,28.3,25.575155562615908,26.290474274518765,26.860947614724296
2011-06-01,34.2,28.15923429169376,28.785275934593095,29.35006947656379
2011-07-01,27.0,29.79136714819657,30.371975723423475,30.959424240798143
2011-08-01,29.3,28.90726561380587,29.566023497099703,30.19540247426503
2011-09-01,29.7,25.45786037307031,26.136381038032837,26.718367519907513
2011-10-01,26.9,20.761944780533405,21.319264386357872,21.909526069745265
2011-11-01,18.6,14.976640097174283,15.662649575422266,16.211406651861093
2011-12-01,12.3,12.036208004593806,12.639966314875995,13.208036339860692
2012-01-01,13.6,11.179379771825014,11.790931587551668,12.371391213000836
2012-02-01,10.9,12.44133955535972,13.028558238087877,13.613236374592779
2012-03-01,20.6,16.932481042281797,17.541016578392686,18.16909130836821
2012-04-01,21.0,21.25661813504632,21.85681099835083,22.459754003260272
2012-05-01,28.6,25.658413817372086,26.410456457328316,26.952083693699738
2012-06-01,30.2,28.264975976439448,28.86939470072764,29.40471694758926
2012-07-01,29.1,29.93342674542602,30.488315537351898,31.02897907384105
2012-08-01,35.0,29.007060255125303,29.6531903133147,30.279556233086698
2012-09-01,29.1,25.53749611638416,26.233146069957968,26.863899802324845
2012-10-01,24.5,20.795805474305848,21.39197141973073,21.970854345886252
2012-11-01,13.9,15.07965193316221,15.71772755112297,16.29184845811704
2012-12-01,12.8,12.110251977582069,12.724201470094268,13.245443924132932
2013-01-01,13.9,11.238940273576576,11.876740795555584,12.485800370034593
2013-02-01,9.1,12.489475202688768,13.10686348122454,13.681379991336424
2013-03-01,19.1,17.004826730505542,17.60281140405954,18.203946807924268
2013-04-01,24.2,21.274316834364505,21.921691351159247,22.516971513114296
2013-05-01,22.0,25.717086644427425,26.465483004058488,27.05565750928673
2013-06-01,29.0,28.295329937278204,28.937518094028768,29.518423629121887
2013-07-01,32.4,29.927559340011705,30.578313600395887,31.101773624754962
2013-08-01,33.9,29.112702960128445,29.715236766923653,30.328177052893277
2013-09-01,31.6,25.606648472334022,26.278915671023977,26.919900328660155
2013-10-01,22.7,20.881984259869878,21.481173672797375,22.053825310557777
2013-11-01,14.1,15.128974240061282,15.809446365805377,16.35032927503374
2013-12-01,13.2,12.151376369321888,12.804662432752659,13.380142147290005
2014-01-01,13.8,11.335335053317314,11.935395420578157,12.5242584169426
2014-02-01,13.6,12.5988748102476,13.176423101418465,13.75580053057533
2014-03-01,21.9,17.0463402684417,17.653088354458287,18.292342393130234
2014-04-01,23.2,21.343144329981836,21.988760503431422,22.589165781803352
2014-05-01,25.4,25.762201987268693,26.545586079445854,27.136176576343225
2014-06-01,27.4,28.39727722334907,28.999780250366065,29.571274968142212
2014-07-01,32.9,30.05932121341015,30.629938400117602,31.233061876700326
2014-08-01,26.2,29.184939167135287,29.7841930363302,30.390631192345516
2014-09-01,25.7,25.677173870740397,26.343135536769363,27.003941033643734
2014-10-01,24.1,20.89170879764653,21.5202268019504,22.15839694330792
2014-11-01,20.0,15.213881507571218,15.86449965529593,16.443973497846955
2014-12-01,12.1,12.26826946329692,12.856865330821845,13.47015927365607
2015-01-01,13.5,11.388044549380227,11.98806618525003,12.650175958177512
2015-02-01,11.3,12.606594182635671,13.242453598493096,13.808578618673712
2015-03-01,17.9,17.09766788943211,17.738985034008216,18.323202267773173
2015-04-01,24.5,21.456807787288156,22.04976026190041,22.679173118132738
2015-05-01,25.2,25.844682374298763,26.59334146399411,27.17903118428932
2015-06-01,32.6,28.49833834290513,29.079102340526163,29.661556471755286
2015-07-01,34.5,30.14147974536996,30.712238111037763,31.269939266617506
2015-08-01,31.9,29.2374119577864,29.860932963029217,30.473019178155667
2015-09-01,21.1,25.81381160065983,26.45695740281213,27.000793903026725
2015-10-01,20.2,21.01053867454278,21.625745997164152,22.218239901971664
2015-11-01,20.8,15.337768852754225,15.9534306492156,16.52859977805978
2015-12-01,16.0,12.328785527588865,12.976085780392019,13.539724241978249
2016-01-01,14.9,11.49963432274675,12.093404257205442,12.72199205373388
2016-02-01,11.7,12.71130565204147,13.356094728885004,13.882658578352528
2016-03-01,14.6,17.209208770785466,17.850024101131932,18.43872450460499
2016-04-01,19.6,21.590578954237998,22.155582185652953,22.837332948328793
2016-05-01,25.9,26.01724301272486,26.71290430076578,27.2821698194538
2016-06-01,29.3,28.576574322087406,29.19945912224162,29.72733844120711
2016-07-01,31.6,30.248939926681512,30.841721248141894,31.399052964526803
2016-08-01,32.5,29.401957138730758,29.98268425860939,30.58993931693326
2016-09-01,31.2,25.88420979357532,26.590545421483437,27.175364625185132
2016-10-01,19.9,21.12539104722668,21.749572201514383,22.371949735136138
2016-11-01,14.7,15.466861836357488,16.083823402063512,16.700021858456324
2016-12-01,12.7,12.498077174917672,13.105855674043028,13.625434646025592
2017-01-01,11.3,11.651850754774216,12.243765488242282,12.852424115178692
2017-02-01,15.8,12.906588317966934,13.498806558486201,14.092499114381182
2017-03-01,21.8,17.35434456875907,17.991752407490026,18.601583026992483
2017-04-01,22.8,21.730693703163883,22.30805676651391,22.944008989049234
2017-05-01,31.1,26.100558071675827,26.883895116936053,27.48115293967785
2017-06-01,32.4,28.758334358033995,29.34911294382256,29.925539827488855
2017-07-01,29.5,30.402514639333507,30.97673646023827,31.521125516721998
2017-08-01,31.2,29.566297005215,30.13123758604449,30.722617328243444
2017-09-01,24.2,26.045282334562202,26.720095999639558,27.325140853901726
2017-10-01,25.7,21.258348024469292,21.874695398385438,22.55248803038467
2017-11-01,15.0,15.593249724133061,16.231026391906095,16.838857943695956
2017-12-01,13.8,12.633054691981293,13.235431313299635,13.814255595671124
2018-01-01,12.9,11.768409857294298,12.35997464157763,12.99444735549227
2018-02-01,10.8,13.084588298381368,13.633664284390527,14.227174187831874
2018-03-01,16.0,17.507838459076044,18.139382251224774,18.742190457327723
2018-04-01,28.1,21.88910049848476,22.456571395778894,23.159166074480634
2018-05-01,28.7,26.27910569863169,27.023954281466,27.668669828624452
2018-06-01,29.7,28.908837337057697,29.50769139134563,30.114463790058114
2018-07-01,35.4,30.597614920097744,31.15459645642981,31.71023755078147
2018-08-01,34.8,29.700073981389394,30.276712585433764,30.981998114167567
2018-09-01,26.1,26.156355211650006,26.89349858805818,27.540023902790328
2018-10-01,25.6,21.373178580222934,22.039617654012176,22.753890030024298
2018-11-01,19.2,15.761476948790524,16.37284958329729,17.02659643092468
2018-12-01,13.7,12.759953060056235,13.389438277450232,14.022872369271367
2019-01-01,9.5,11.903913850100487,12.517656199007389,13.198046404702238
2019-02-01,20.2,13.156768118959523,13.746663787219482,14.382135112319753
2019-03-01,18.8,17.57404226691371,18.27708386223296,18.91873446683857
2019-04-01,25.2,21.92976219211135,22.59710928117752,23.342513581810426
2019-05-01,22.2,26.337754761971336,27.12759295954597,27.80992479298905
2019-06-01,32.6,28.99169043029895,29.612053121357693,30.201252765202604
2019-07-01,39.7,30.67416877450874,31.261609025125374,31.809414408843224
2019-08-01,33.3,29.743012542352737,30.372661349902273,31.114114703149443
2019-09-01,27.1,26.290178852430472,26.997987883396448,27.60227002562119
2019-10-01,23.2,21.45071409573158,22.09233779698029,22.829186227850656
2019-11-01,14.7,15.779655428980305,16.439176980175752,17.120268883441856
2019-12-01,15.4,12.791526273958718,13.437184296712033,14.058514985752343
2020-01-01,12.4,11.990120244890695,12.581442714500277,13.263275593985098
2020-02-01,16.6,13.22041070722356,13.815789736667533,14.461432897224645
2020-03-01,16.7,17.648184431186085,18.320699192108712,18.96217356783381
2020-04-01,24.1,22.010300600013064,22.618159269745433,23.322177340626173
2020-05-01,27.2,26.396650639968936,27.18681505248641,27.83967036248153
2020-06-01,29.9,29.026058278671652,29.655662671690376,30.29048639009897
2020-07-01,36.5,30.633866257923312,31.26799227677972,31.859096981984173
2020-08-01,35.9,29.729836223642163,30.41582519252636,31.132840498286175
2020-09-01,34.3,26.300084886267943,27.03512145116942,27.620730242992032
2020-10-01,20.8,21.442667593762707,22.12998896949239,22.87933065050916
2020-11-01,19.1,15.816698936760348,16.455201638389703,17.105441181482682
2020-12-01,13.8,12.80942086026221,13.460421774854122,14.107051363485656
2021-01-01,11.3,11.928483501059413,12.581876823918815,13.237596893094011
2021-02-01,18.7,13.201926199237489,13.846367993846624,14.469598722849195
2021-03-01,23.9,17.567427381230015,18.310088424429093,18.982912712231247
2021-04-01,21.0,21.961456109209678,22.598897725290854,23.321110673446395
2021-05-01,25.6,26.33721990448723,27.162012649354843,27.844879065407213
2021-06-01,29.5,28.956068166852745,29.607371302994686,30.249187698232138
2021-07-01,26.5,30.607849588969835,31.23595225788274,31.880548590050026
2021-08-01,27.0,29.63005695574142,30.37729432628459,31.120365491994832
2021-09-01,27.5,26.24415017600508,26.975505011389203,27.610539191602495
2021-10-01,18.9,21.434211747712457,22.114130093309264,22.839929642823712
2021-11-01,12.8,15.719199176623908,16.424298445265123,17.14738363665765
2021-12-01,14.2,12.75975328963305,13.458742458158152,14.115495334082073
2022-01-01,14.3,11.905929048179134,12.573919013703998,13.312478395611935
2022-02-01,13.1,13.155776695060212,13.864879308533219,14.465131003325412
2022-03-01,19.8,17.553829121063604,18.32252699727176,19.016558497465063
2022-04-01,20.8,21.941099979251398,22.62977307610277,23.379637237504358
2022-05-01,27.1,26.31735237552581,27.198478056231053,27.9478289463276
2022-06-01,32.6,28.949036559868755,29.67425318131347,30.409149181738655
2022-07-01,38.1,30.627468866041628,31.318327634537994,31.98661729550394
2022-08-01,32.5,29.684545932956407,30.443902681741704,31.25734049765118
2022-09-01,30.9,26.258318701244765,27.038927974003748,27.73438508348279
2022-10-01,25.5,21.407402958016792,22.182639907157643,22.997591691662585
2022-11-01,17.4,15.738080444573445,16.516016620132206,17.19879626002654
2022-12-01,16.3,12.749232789507516,13.524795029052441,14.286663167395588
