date,observed,lower,median,upper
1892-01-01,9.6,8.778903835182287,9.45481667566277,10.25582250070974
1892-02-01,13.1,10.07643233671102,10.795404039794208,11.590144717102591
1892-03-01,16.5,14.60426700540545,15.23062922830383,16.075741371383007
1892-04-01,21.5,18.791059376728114,19.447638516060113,20.24414154879967
1892-05-01,29.9,23.55261012280083,24.234494817446254,25.177044488281833
1892-06-01,27.3,25.911928113219496,26.546932147296268,27.373472833454
1892-07-01,30.2,27.31947851448776,28.06201855524546,28.838112656033537
1892-08-01,33.4,26.54968224986284,27.246969882996545,28.037055437388847
1892-09-01,24.4,23.420349086245572,24.0713184515839,24.94895565549528
1892-10-01,17.3,18.283694467062247,18.971665219096906,19.711661282401774
1892-11-01,15.2,12.730291918147035,13.406350508227593,14.129981770319276
1892-12-01,9.5,9.737012540273742,10.391687213735446,11.249541368579514
1893-01-01,7.5,8.880473036350203,9.45640359714193,10.199719165229052
1893-02-01,14.0,10.080600672971181,10.757233806943487,11.510495948053359
1893-03-01,16.2,14.611548609881726,15.24684659970512,16.033044572413328
1893-04-01,23.7,18.766626350824517,19.45924416259322,20.144345056707696
1893-05-01,26.1,23.544594297810757,24.185486525309848,25.061117111565895
1893-06-01,29.3,25.901485870190236,26.514257288248047,27.31512143712713
1893-07-01,32.1,27.309842255510613,28.02375151919869,28.734957459094208
1893-08-01,32.8,26.601823639228087,27.215323826413794,27.952765759662455
1893-09-01,24.1,23.382581820173815,24.018864789675895,24.794661436062633
1893-10-01,17.5,18.252578873915915,18.938026717263394,19.644835073735823
1893-11-01,12.3,12.686152564148175,13.356323930308053,14.012414308767934
1893-12-01,13.0,9.66420860570437,10.366553115820082,11.174733403869276
1894-01-01,9.3,8.810567618062429,9.418027443397602,10.138440765538293
1894-02-01,10.8,10.029426963994315,10.71200813112316,11.434654682116099
1894-03-01,18.0,14.544140047726202,15.203473794031831,15.882594592344958
1894-04-01,23.0,18.749166264220477,19.372469066162303,20.030061050032135
1894-05-01,26.3,23.46149639263757,24.13304921582589,24.91437789518607
1894-06-01,26.6,25.839434030992194,26.43458758058972,27.19198551598256
1894-07-01,29.9,27.30200651399452,27.945394669665333,28.595244711228418
1894-08-01,27.1,26.521253812429727,27.10669580172696,27.79536854095602
1894-09-01,22.6,23.306940725238775,23.94204666346962,24.63915110927667
1894-10-01,17.2,18.15902254979931,18.80974897049851,19.50369128125688
1894-11-01,14.7,12.587792435066666,13.268678253766774,13.910159621918323
1894-12-01,9.2,9.605261495484587,10.262759912856541,11.01084825227871
1895-01-01,10.4,8.72604115734712,9.326118405476507,9.962732592685015
1895-02-01,3.7,9.972838785960574,10.635988722888325,11.27718718855807
1895-03-01,12.2,14.469151535410923,15.107294687617731,15.74246169834096
1895-04-01,20.6,18.676738181062838,19.30104689055642,19.926578373115333
1895-05-01,26.5,23.44968841896968,24.095800365511572,24.811737458315527
1895-06-01,26.1,25.822764077718922,26.40618242527209,27.027113468627984
1895-07-01,24.8,27.227760632234677,27.905796710245255,28.564521712807455
1895-08-01,29.1,26.51897401436901,27.097772816156912,27.784902885264266
1895-09-01,28.5,23.33915825466739,23.913584290728338,24.5900577208834
1895-10-01,21.9,18.15899801639666,18.827958568330665,19.464498126538135
1895-11-01,17.9,12.623009937848021,13.25225297493459,13.855094040369112
1895-12-01,11.5,9.595395752600105,10.258569176468397,10.983489905844658
1896-01-01,8.4,8.681637225933574,9.322867540481617,9.973681901889384
1896-02-01,13.9,10.027661294946576,10.614485807425565,11.272559094558385
1896-03-01,20.0,14.496505531250136,15.114460738126446,15.740452726303957
1896-04-01,17.9,18.650110388694852,19.30246947057146,19.93150948757597
1896-05-01,21.1,23.436799206760572,24.073432134069407,24.834832766171743
1896-06-01,27.1,25.76342073719749,26.361702258620298,27.038062896891496
1896-07-01,28.7,27.229372289087525,27.885013363235302,28.501130423019468
1896-08-01,21.3,26.522115730878735,27.049491608233787,27.72352962463084
1896-09-01,22.9,23.35196673799598,23.89303547523297,24.56438300222219
1896-10-01,19.9,18.16112744571121,18.805833372227013,19.449636956724966
1896-11-01,10.2,12.633378635064386,13.242897762421288,13.86067273580893
1896-12-01,8.7,9.617600046137824,10.271417472412276,10.962768326727076
1897-01-01,8.3,8.731675656829509,9.331432775421707,10.02372794459267
1897-02-01,14.3,10.023642083819755,10.64483340488589,11.330340910690435
1897-03-01,17.8,14.491751901817764,15.123710755633901,15.78343904211892
1897-04-01,24.3,18.69039550542273,19.358836720885744,19.92953449011279
1897-05-01,25.1,23.50826200534573,24.107143563563916,24.879530755895054
1897-06-01,28.3,25.79951446001243,26.442071900214753,27.082992942984816
1897-07-01,25.1,27.347015634777197,27.952310211956533,28.615375846506822
1897-08-01,28.6,26.61861849818067,27.160591001770968,27.781695505102945
1897-09-01,23.3,23.4492893146079,23.963124090656308,24.692239759271153
1897-10-01,19.0,18.25852825154533,18.89042948902284,19.53153953376861
1897-11-01,17.3,12.694059320118399,13.311743222861772,13.867937268324816
1897-12-01,12.7,9.688575798425278,10.35511515493063,10.99081591377304
1898-01-01,10.4,8.806451147470797,9.374053711491712,10.087453925526809
1898-02-01,9.9,10.16015338218274,10.700718080676076,11.29453062088998
1898-03-01,9.8,14.571116935703035,15.175433973717702,15.811765269772733
1898-04-01,19.4,18.776641939453892,19.40016603391509,19.93514032311691
1898-05-01,23.5,23.55618239847205,24.19369302989282,24.90105515597992
1898-06-01,24.2,25.899058712576,26.49778196183923,27.127474415468203
1898-07-01,25.3,27.36717263457471,28.016326773483044,28.656655986820063
1898-08-01,32.2,26.694547708584142,27.197540831627684,27.861819881744562
1898-09-01,30.2,23.476962063581055,24.054483138087633,24.716731294346864
1898-10-01,18.9,18.30600371983375,18.960973028615584,19.583156348512006
1898-11-01,17.1,12.788774840387285,13.382104019344633,13.938009055015549
1898-12-01,12.0,9.762699049339146,10.446152440927417,11.063162321923652
1899-01-01,12.8,8.86367055711123,9.467385585607392,10.15093688201654
1899-02-01,18.4,10.237385712601826,10.769325853812855,11.370853568304245
1899-03-01,14.5,14.698666487702267,15.25235516528964,15.91720922229515
1899-04-01,15.5,18.848702944486593,19.46847706427004,20.060578060556107
1899-05-01,22.5,23.622357891681414,24.247141260788922,24.9801775374444
1899-06-01,26.4,25.979024594488127,26.575185512467066,27.153204694819287
1899-07-01,28.7,27.425886014320348,28.09461504863243,28.726157727160953
1899-08-01,30.1,26.723712898168042,27.264135300277403,27.90845158661812
1899-09-01,28.5,23.532795352494038,24.101724258943655,24.821414838296132
1899-10-01,18.0,18.335031805566597,19.052022736369636,19.599783381076254
1899-11-01,19.0,12.825963347810081,13.41390147837785,14.025740843124453
1899-12-01,9.2,9.802862819323607,10.501707313394606,11.046804683554736
1900-01-01,11.5,8.874826432743252,9.516292339396443,10.17803118670101
1900-02-01,17.2,10.26269609796935,10.783276217217072,11.445679593800348
1900-03-01,14.3,14.688130224723032,15.284190927905895,15.906089530210608
1900-04-01,23.2,18.881250425397543,19.50789869955205,20.092863641739793
1900-05-01,25.9,23.622737688220102,24.28419502869706,24.990656523933698
1900-06-01,29.2,26.007535029825345,26.576429232800557,27.1543209766186
1900-07-01,32.0,27.408654644891595,28.09751706834586,28.717021173926558
1900-08-01,27.2,26.721679559650426,27.26203289195732,27.86932803428068
1900-09-01,26.1,23.526139251231708,24.08741675701925,24.749368087408794
1900-10-01,23.0,18.348658619110818,19.036500761406636,19.57600865582051
1900-11-01,16.4,12.802045056307435,13.399605910938952,13.997033873380405
1900-12-01,13.0,9.808320282353336,10.443994756658954,11.081391032535548
1901-01-01,9.9,8.871184499940238,9.482504377694656,10.13796465701389
1901-02-01,8.4,10.262841592089368,10.77116144974191,11.38317578199982
1901-03-01,11.6,14.647462365258862,15.265436349214735,15.886605159144583
1901-04-01,22.9,18.833290466896585,19.457378028227154,20.03844194779914
1901-05-01,26.8,23.604345059061405,24.264966993830335,24.91959120002441
1901-06-01,27.5,25.962426210140098,26.535255614031925,27.12463178012848
1901-07-01,31.0,27.400331900512175,28.05214335231937,28.697996015899754
1901-08-01,27.6,26.65317606040207,27.255488498969022,27.85139548693078
1901-09-01,24.2,23.46505468573303,24.044421057319667,24.677906753781674
1901-10-01,22.8,18.32711702288039,18.985854795627485,19.552772520308295
1901-11-01,12.1,12.7927083355193,13.37026909912765,13.974189173980387
1901-12-01,13.2,9.769997299252816,10.413561060769691,11.068215655532672
1902-01-01,10.5,8.861149055902574,9.465320446403755,10.082787661066245
1902-02-01,11.3,10.197463406391762,10.74959282969885,11.286050445794329
1902-03-01,13.5,14.581427642056587,15.233773155527528,15.81761101006867
1902-04-01,19.9,18.825366623204566,19.42242197033979,20.01066674447213
1902-05-01,24.3,23.61720597077539,24.198086690832504,24.885506417089008
1902-06-01,28.1,25.880052876078736,26.499565854689383,27.11730328630228
1902-07-01,27.0,27.38967783193881,28.006278548689316,28.611292070533175
1902-08-01,25.2,26.643522587874905,27.210340825640305,27.81652131904596
1902-09-01,25.0,23.427765162823583,24.003454371640085,24.672368382425358
1902-10-01,17.9,18.275396999040314,18.9338785569168,19.51589399165393
1902-11-01,16.3,12.763172643007172,13.345503458665691,13.930046509087514
1902-12-01,11.2,9.771953452567466,10.371194512286758,11.007749151435025
1903-01-01,11.4,8.842145246658925,9.44245051851523,10.035178119177068
1903-02-01,14.2,10.189555874269796,10.713425514113705,11.333951495865623
1903-03-01,20.0,14.573710787469484,15.205910838279067,15.77742406294978
1903-04-01,16.3,18.751214795863014,19.412491311473744,19.96544989201431
1903-05-01,28.4,23.54108656945904,24.188789279079426,24.887482174800986
1903-06-01,28.7,25.881596307323086,26.486996084927803,27.091481213863187
1903-07-01,27.4,27.399725530022433,27.999954884709375,28.575209572348026
1903-08-01,23.6,26.59464812388375,27.180381172091337,27.72744764230823
1903-09-01,29.1,23.35799995995625,23.980878300652794,24.6495760931996
1903-10-01,21.0,18.293937784908643,18.925126140463405,19.4702237655493
1903-11-01,12.4,12.705797576653218,13.29930594670957,13.852306978636337
1903-12-01,9.8,9.684996578339495,10.340380819873493,10.970372902009286
1904-01-01,10.2,8.815740220281757,9.393691046585342,9.972955182047098
1904-02-01,10.1,10.1723027402569,10.686197594572835,11.262269184115153
1904-03-01,14.0,14.574973394913329,15.175885223682037,15.741592914728747
1904-04-01,24.5,18.770517627709953,19.39870423548552,19.934555913048246
1904-05-01,28.4,23.554106403175922,24.162019638881468,24.84505095301634
1904-06-01,25.9,25.866009343873422,26.438379926108702,27.04233684673981
1904-07-01,31.9,27.37623685261495,27.98726999505342,28.54058278664589
1904-08-01,30.9,26.58042230523788,27.166474802683084,27.69887307768277
1904-09-01,23.4,23.31167978218794,23.960595648351052,24.653275957824718
1904-10-01,18.4,18.254394749668233,18.880287131599232,19.45654601833962
1904-11-01,13.3,12.642621444842625,13.253897656046554,13.875334395190938
1904-12-01,11.8,9.607292179146837,10.319525945801693,10.949153966999527
1905-01-01,9.9,8.710628442687419,9.357200068065717,9.961902495494437
1905-02-01,9.6,10.083525266618695,10.636590977219763,11.182049453780197
1905-03-01,15.6,14.560559845888598,15.129101132601058,15.677301228223088
1905-04-01,21.5,18.723958708969036,19.30818684586831,19.853417333641445
1905-05-01,25.2,23.49158412287199,24.09518824203597,24.7663328501995
1905-06-01,28.3,25.826552546839306,26.378896684632245,26.953937961661495
1905-07-01,28.5,27.351505832994597,27.9071348270396,28.45508077123685
1905-08-01,26.4,26.492084935899808,27.098985654978886,27.63264824890608
1905-09-01,24.0,23.283457157215658,23.900463791722267,24.607285042174745
1905-10-01,12.5,18.192157735738125,18.83552157167489,19.400051345428825
1905-11-01,13.2,12.576652253049675,13.204292056306858,13.825939017326958
1905-12-01,12.2,9.540079990348756,10.274992585365123,10.900632196632355
1906-01-01,11.6,8.714431089848576,9.3100326273135,9.93165479073102
1906-02-01,10.0,10.064574694539775,10.60959070555651,11.159299490337725
1906-03-01,16.5,14.49527495653364,15.105844467487866,15.674765442462075
1906-04-01,20.6,18.704791415734036,19.320271068951605,19.82487867242538
1906-05-01,24.2,23.472638143033475,24.057992135503806,24.738517896944565
1906-06-01,25.9,25.794576630138465,26.37516458693644,26.946156202928766
1906-07-01,29.3,27.311506049944377,27.894409028337797,28.479861775418033
1906-08-01,29.5,26.47651441701193,27.11363608199886,27.64027055256427
1906-09-01,30.8,23.29895105171,23.880700097592346,24.52291165816065
1906-10-01,23.2,18.184254585723934,18.8214081284555,19.399052384211394
1906-11-01,13.3,12.521790296055654,13.205287813674223,13.754542786974932
1906-12-01,11.0,9.55355518543897,10.242348239668916,10.87046223858401
1907-01-01,9.2,8.697182266863656,9.291420692616127,9.91694318210758
1907-02-01,8.5,10.05543438053249,10.5675943245489,11.105268496242344
1907-03-01,19.4,14.50097113962795,15.05963132737353,15.64006364091958
1907-04-01,18.4,18.650810033366973,19.249339346097656,19.79614634674434
1907-05-01,27.5,23.441862596033747,24.032734115699775,24.742296292122113
1907-06-01,25.0,25.7094960100393,26.343155431002117,26.89907796528357
1907-07-01,24.3,27.227507193278644,27.860174985146948,28.455316874256724
1907-08-01,26.9,26.36890691964257,27.05495756641228,27.581740717301997
1907-09-01,25.5,23.286221053260682,23.83981000524591,24.497994869749906
1907-10-01,19.9,18.116067700862576,18.791833506572182,19.402537373157394
1907-11-01,15.9,12.549930407075454,13.160954350678661,13.721833200218352
1907-12-01,12.6,9.52675962591545,10.220790025913082,10.840619914706066
1908-01-01,8.7,8.658684136951438,9.235551688450212,9.843629008387955
1908-02-01,9.8,10.021928441666164,10.513135045583576,11.115588918370136
1908-03-01,11.8,14.377986335652094,15.034914511312138,15.602101904503051
1908-04-01,17.0,18.593825620554526,19.223120178627255,19.748178661481045
1908-05-01,25.0,23.40478704757351,24.005039325519164,24.699879448878736
1908-06-01,28.9,25.674455095321903,26.320390218064695,26.898069664102035
1908-07-01,27.0,27.267750074318858,27.84270970290588,28.425857676935948
1908-08-01,25.4,26.39514606210639,27.022498113425346,27.611138514616954
1908-09-01,24.5,23.25412932823177,23.831135856366718,24.519730428607296
1908-10-01,25.1,18.090570063630004,18.772464048288626,19.35026664814676
1908-11-01,13.2,12.474503555557341,13.14536625936148,13.717872584652948
1908-12-01,10.6,9.529221707550162,10.225728765794573,10.788513424168231
1909-01-01,9.2,8.619721944958366,9.264664022155635,9.883182940323739
1909-02-01,10.1,9.979123133969713,10.540520615116437,11.101567140316464
1909-03-01,14.4,14.430134159172223,15.040669506814325,15.574540174838473
1909-04-01,23.5,18.55726525967995,19.243202138794764,19.80594074954688
1909-05-01,27.8,23.42929319394725,24.008243265354142,24.68111050257451
1909-06-01,27.4,25.724308767012744,26.33257416422549,26.912033157072226
1909-07-01,21.2,27.236346357633103,27.8631245289191,28.42901528052467
1909-08-01,28.4,26.42585448794992,27.033609026196487,27.61182133756596
1909-09-01,22.6,23.279095705862062,23.83339359525332,24.482439864868745
1909-10-01,19.5,18.210215451142524,18.783702837438547,19.355898724274063
1909-11-01,11.7,12.577477791943302,13.166523487911311,13.752883023175713
1909-12-01,12.2,9.558390182575296,10.23743385717383,10.828631815007654
1910-01-01,10.6,8.728183489288662,9.290299156960286,9.862220261358937
1910-02-01,11.5,10.044646801610135,10.578194311036624,11.138792258122164
1910-03-01,14.3,14.495814316811918,15.080543613776216,15.653283585563699
1910-04-01,16.9,18.622936751068554,19.28726880259639,19.835742126067082
1910-05-01,25.8,23.48761736605178,24.06908020189315,24.738411527539355
1910-06-01,27.2,25.759842707376603,26.375536493544935,26.97781917762046
1910-07-01,25.4,27.291109965471836,27.925958490475747,28.472190885736676
1910-08-01,23.2,26.510579355497544,27.090235014266135,27.657353786961487
1910-09-01,23.7,23.363592952057207,23.896251682047914,24.52270298065691
1910-10-01,21.3,18.24867535936923,18.869346038033022,19.395551401354616
1910-11-01,11.4,12.620027720301218,13.246680472798612,13.833257529794937
1910-12-01,12.1,9.665909565525897,10.29999129491646,10.901201130805925
1911-01-01,8.9,8.775337783548844,9.367346599883694,9.962421044865744
1911-02-01,11.1,10.093968482693475,10.68014399074859,11.266162268022434
1911-03-01,18.8,14.636569910760045,15.18359695237908,15.748768313581438
1911-04-01,20.5,18.782853313517464,19.398203152909606,19.900355037588398
1911-05-01,24.9,23.621694406239232,24.18326590430585,24.851433415915302
1911-06-01,25.8,25.93529133550444,26.47916376749779,27.075798050061724
1911-07-01,33.9,27.45598654451817,28.040171735911184,28.61716965837019
1911-08-01,34.3,26.614146933256016,27.207725309829883,27.81399410470542
1911-09-01,31.2,23.460779110192473,24.03408159361091,24.63660007669268
1911-10-01,20.3,18.33105490386949,18.978596278551176,19.5588992973694
1911-11-01,14.1,12.734917561274068,13.354608091533871,13.899444206815252
1911-12-01,10.6,9.7990680667432,10.397109319269365,11.043129283098502
1912-01-01,9.5,8.83281543947978,9.462179344274919,10.053903746988427
1912-02-01,15.3,10.18257372432863,10.751412273227015,11.393245583487865
1912-03-01,16.7,14.673084440538867,15.227423715039766,15.807264260033033
1912-04-01,19.6,18.797074361736446,19.45481163171919,19.9789584762902
1912-05-01,28.4,23.583381388952084,24.21717306247288,24.914772440567027
1912-06-01,28.2,25.921829117607345,26.525123472965117,27.08923178457431
1912-07-01,31.5,27.49423058935563,28.075705783126743,28.62642655649215
1912-08-01,23.1,26.617193274999746,27.237082933405716,27.820716876658622
1912-09-01,17.2,23.42015192177186,24.034630069170518,24.60767065845936
1912-10-01,17.3,18.326027553852775,18.986440724831386,19.576174261434616
1912-11-01,9.6,12.66523074294816,13.369688765790814,13.955900621379037
1912-12-01,12.8,9.773735213029395,10.417002627630923,11.035099171941617
1913-01-01,9.9,8.894306912232866,9.482642749758483,10.078072223372697
1913-02-01,12.5,10.150950093261216,10.765415313554442,11.411437269536574
1913-03-01,16.5,14.71819501710461,15.294827492565272,15.842098477743376
1913-04-01,24.9,18.863848011493584,19.473125046910567,20.01220255012544
1913-05-01,27.7,23.642897647309784,24.269759481866956,24.962940759904342
1913-06-01,28.5,25.948347989764727,26.572977771251495,27.138055594419857
1913-07-01,25.6,27.546802489774986,28.12129211609522,28.662809008837133
1913-08-01,27.4,26.69218569468032,27.304646768831446,27.90803198977194
1913-09-01,21.6,23.524603521162405,24.099032590373177,24.694184156765502
1913-10-01,20.7,18.408075132197904,19.061375588989357,19.611556101511386
1913-11-01,15.2,12.813947039211552,13.415652445126197,14.03280254800758
1913-12-01,11.0,9.838267162572617,10.475316851593746,11.093737922182099
1914-01-01,10.5,8.938571628856428,9.54757989286044,10.122863777628234
1914-02-01,14.6,10.265214339213943,10.829073138858849,11.476978959991474
1914-03-01,17.8,14.710769732286835,15.329713917395997,15.926605284381896
1914-04-01,23.3,18.93565622751475,19.537820093291547,20.130074965121295
1914-05-01,26.5,23.71323815106523,24.330068011248855,25.000507144422567
1914-06-01,25.5,26.011687567793157,26.62170484929227,27.188748857222773
1914-07-01,29.0,27.559991786942028,28.177190867614364,28.71004321500121
1914-08-01,28.4,26.732173272708003,27.33189264213383,27.89584740646103
1914-09-01,25.8,23.570514062661722,24.149550570637405,24.72332348730411
1914-10-01,17.4,18.47088713152569,19.088962761460863,19.692023020632405
1914-11-01,15.9,12.881042174799175,13.459176150634175,14.039452821644447
1914-12-01,14.6,9.895219536770535,10.525641707248692,11.122050025149164
1915-01-01,10.3,8.99051663366453,9.565132840545358,10.15812094298971
1915-02-01,10.4,10.302796759187732,10.852442248868806,11.482636713073733
1915-03-01,14.8,14.779483474095995,15.378172121401146,15.971929222586082
1915-04-01,20.9,18.989711085852903,19.56215024048433,20.13430237058829
1915-05-01,25.6,23.733846959893725,24.375540328152397,24.983615372415937
1915-06-01,32.4,26.043075577479367,26.64393103013096,27.210210276253925
1915-07-01,29.6,27.553483275002318,28.19044889625723,28.759246259867602
1915-08-01,25.4,26.793042269582955,27.353724513237808,27.952033975980743
1915-09-01,25.1,23.57489534474701,24.15923387207004,24.75904580700445
1915-10-01,18.9,18.468866749263814,19.125424416541396,19.723856606616625
1915-11-01,12.6,12.861089904920368,13.469772017363635,14.140286413897055
1915-12-01,14.8,9.937155332703343,10.523262093846938,11.152912512393659
1916-01-01,12.4,8.987749680840455,9.606984470705413,10.172633490961958
1916-02-01,11.1,10.288618936044333,10.875669668898624,11.489643203475339
1916-03-01,18.3,14.759380997444387,15.409982681648845,15.983961552703517
1916-04-01,23.3,19.011230940947417,19.569426239010372,20.16767368648749
1916-05-01,25.9,23.814674115212725,24.37599379740603,25.064353714005094
1916-06-01,28.1,26.042407604427837,26.64970798779423,27.217999648575532
1916-07-01,25.9,27.5676381382603,28.186914297990832,28.752903671598478
1916-08-01,26.3,26.765796525070225,27.363452421733598,27.941921097712743
1916-09-01,22.8,23.582462549025372,24.161143291679103,24.801610991551513
1916-10-01,18.3,18.453519212403904,19.133898633622678,19.677061244238214
1916-11-01,15.5,12.859876315188233,13.49653106000296,14.107579000182696
1916-12-01,12.9,9.938568415816869,10.540266575837107,11.16415891822073
1917-01-01,10.3,9.008112707896322,9.623536205975595,10.144865472227478
1917-02-01,9.2,10.285959961566677,10.873305825368682,11.476639661893335
1917-03-01,15.8,14.77474680233289,15.412043871252205,15.963574686149705
1917-04-01,17.2,18.99468750205664,19.598268341280928,20.124695638648426
1917-05-01,27.6,23.79966060575901,24.383606280126514,25.105981441577804
1917-06-01,29.9,26.06570328180033,26.691019930635534,27.284641221745733
1917-07-01,27.1,27.634407523538577,28.232240833860615,28.805114980256217
1917-08-01,24.9,26.818526620599336,27.40341213846,27.94111236389243
1917-09-01,25.7,23.612889229369454,24.2068207999935,24.79844272129956
1917-10-01,24.3,18.465558718809618,19.171390103712838,19.733703407191147
1917-11-01,12.0,12.87949552093984,13.546259446311375,14.119868351654013
1917-12-01,8.1,9.968203183963725,10.5708439550856,11.222138314538567
1918-01-01,12.9,9.042279098599035,9.658686171051908,10.164544720717712
1918-02-01,12.4,10.314763395529283,10.931382093561385,11.539149470543444
1918-03-01,17.0,14.879537806014282,15.426201589003862,15.990115251840928
1918-04-01,18.3,19.020947113914207,19.609256152097377,20.206699039310266
1918-05-01,29.7,23.776888808789433,24.41681888656414,25.115461596019482
1918-06-01,22.9,26.080580204726672,26.718435489979,27.300364521987834
1918-07-01,28.5,27.68545158601464,28.2883765032053,28.817279790754434
1918-08-01,32.0,26.86275026424663,27.448853391370218,28.03470808002443
1918-09-01,24.6,23.608924245664642,24.236634151494346,24.858364739937574
1918-10-01,16.4,18.536997138421697,19.215227826452768,19.749581202985873
1918-11-01,14.4,12.937888008724451,13.582190227146558,14.138501640552793
1918-12-01,13.3,10.0411183366384,10.615384433112123,11.234871884138654
1919-01-01,9.8,9.101942133870747,9.706903135958704,10.244700066960624
1919-02-01,13.8,10.415801260882347,10.980821808132182,11.547334218383162
1919-03-01,14.0,14.952110096664445,15.473012525433461,16.067852322420695
1919-04-01,15.3,19.11136817114546,19.678146096565484,20.25600837946131
1919-05-01,25.1,23.92732959507136,24.50073607811686,25.168352826014974
1919-06-01,31.0,26.208791652286095,26.80590286460678,27.3859160287433
1919-07-01,26.5,27.752617466188468,28.353166271038106,28.950904206699995
1919-08-01,28.8,26.94237660631699,27.51906444004785,28.06954240908601
1919-09-01,30.8,23.748559311222248,24.329773210200287,24.982444557693913
1919-10-01,19.4,18.6651106313793,19.306820661156472,19.84157470745878
1919-11-01,11.3,12.997100936381107,13.679196497164005,14.287520551839833
1919-12-01,11.6,10.056117982943517,10.690687949798882,11.332398822156815
1920-01-01,12.1,9.222141611966128,9.799575339513998,10.355729563772385
1920-02-01,16.8,10.492570553136108,11.077357468460969,11.617672734397921
1920-03-01,21.0,14.982294651274055,15.59560574991043,16.180840680589473
1920-04-01,17.1,19.18148412446723,19.76433845728736,20.337168749541664
1920-05-01,24.4,23.964012069593714,24.566115175192436,25.24334510324783
1920-06-01,26.3,26.283650875040586,26.86806313079537,27.475050478101377
1920-07-01,27.0,27.810797351663442,28.44361117288853,29.01517696952504
1920-08-01,24.0,27.044084267215993,27.577107974133305,28.157619837439853
1920-09-01,22.5,23.8103791401339,24.39880209794048,25.01760304464005
1920-10-01,23.6,18.734089102594414,19.3862925125134,19.95373852460031
1920-11-01,14.4,13.15432479539572,13.741136275849321,14.358055408343017
1920-12-01,13.6,10.183298558918853,10.777707167940786,11.414483481067915
1921-01-01,13.1,9.289891456136507,9.888353473776661,10.499814358445539
1921-02-01,14.8,10.59306627732665,11.172011681979043,11.77004488061152
1921-03-01,16.6,15.135277849917257,15.694370774347359,16.26524894085674
1921-04-01,21.5,19.236961969882636,19.867945186732822,20.43644471277489
1921-05-01,28.1,24.06238764897933,24.662132701992405,25.32731779112724
1921-06-01,27.1,26.391758723640642,26.961886049095995,27.5769463392947
1921-07-01,34.2,27.88375098367813,28.546380260789313,29.124657469405616
1921-08-01,31.6,27.125003418688685,27.6725639195845,28.265814030754115
1921-09-01,28.0,23.89984360372406,24.477053344008684,25.11749019737768
1921-10-01,26.3,18.817090129827005,19.44799708010076,20.00862146783747
1921-11-01,12.9,13.20756988554438,13.802153179511626,14.398450614744892
1921-12-01,11.9,10.283216050843118,10.841295745026008,11.458205134549262
1922-01-01,11.3,9.353657391472503,9.928380181768684,10.489786049891235
1922-02-01,16.3,10.575625564621243,11.183843820045677,11.8393606308026
1922-03-01,17.0,15.152588231958356,15.677263723407226,16.29038535961303
1922-04-01,21.6,19.27081989696825,19.865920119744537,20.431570696046943
1922-05-01,32.3,24.08374294510595,24.659350447462195,25.31478123777182
1922-06-01,27.9,26.358867884509706,26.955405635284794,27.494406841680316
1922-07-01,25.8,27.88391717226812,28.49881470627377,29.070503300197867
1922-08-01,25.4,27.082410749571387,27.60262776035216,28.239573882225383
1922-09-01,22.8,23.852183289823415,24.424107863562824,25.107220061031725
1922-10-01,16.3,18.76711207532138,19.398697579912668,19.92245519850686
1922-11-01,10.1,13.157984537948883,13.74438446824528,14.318781675970046
1922-12-01,11.2,10.211634236791715,10.767669951998371,11.37462074322421
1923-01-01,9.2,9.307217212608393,9.870696582408133,10.400268459239248
1923-02-01,11.9,10.593393342254853,11.121942638014026,11.718139315426908
1923-03-01,20.4,15.09570316672938,15.637942760508512,16.201744504907907
1923-04-01,22.1,19.23978026848861,19.844249716916593,20.379865441927222
1923-05-01,27.3,24.045068739699378,24.599980362271467,25.25589998441051
1923-06-01,22.2,26.299443774280437,26.903421837776094,27.47155434161125
1923-07-01,33.0,27.89149288601098,28.48148766194908,29.011917405838524
1923-08-01,30.3,27.08243490111049,27.61707762280029,28.193005637890142
1923-09-01,27.3,23.843980234534172,24.418886174413103,25.09142131193022
1923-10-01,22.7,18.779177373104215,19.380660164302494,19.97362859993306
1923-11-01,13.3,13.147436957144809,13.775120379247895,14.319442266991505
1923-12-01,8.6,10.164022516122152,10.778540755613829,11.381592936323027
1924-01-01,12.2,9.322657980200143,9.872233690778025,10.442883970213849
1924-02-01,7.9,10.588280591514804,11.128164327047887,11.72388823008071
1924-03-01,13.4,15.051122802668214,15.657800843172167,16.247828855823492
1924-04-01,21.5,19.20236924925263,19.846077354805864,20.40812166597354
1924-05-01,27.3,24.048705710539853,24.62066675887005,25.27498888908088
1924-06-01,25.1,26.302807812934297,26.915749593965753,27.488798412266714
1924-07-01,29.8,27.895504834379306,28.486192409035045,29.074740988910758
1924-08-01,23.2,27.06263296588556,27.636734648484687,28.21658373759003
1924-09-01,23.6,23.827625244879275,24.43740235924612,25.032165607423316
1924-10-01,21.2,18.79679411606583,19.41211029591268,19.956128112848358
1924-11-01,15.0,13.167888452033552,13.797678562270765,14.316662968695262
1924-12-01,11.7,10.210576415238343,10.808796039903594,11.376935289688085
1925-01-01,11.9,9.333611130998987,9.925064654697554,10.471664985716636
1925-02-01,11.6,10.601590014678305,11.183847869886561,11.71160032574375
1925-03-01,13.5,15.100885797795145,15.709630485410823,16.221050252142597
1925-04-01,16.8,19.248154237953088,19.883147040018216,20.403855517102606
1925-05-01,28.0,24.079483442575633,24.669578336736656,25.29977716678657
1925-06-01,27.9,26.347388251914676,26.96916292359034,27.524996999542445
1925-07-01,32.7,27.98161229129925,28.52892136164229,29.10842585843655
1925-08-01,28.9,27.162683225955107,27.670510791842492,28.24156027871157
1925-09-01,19.9,23.930700860575673,24.492117629415002,25.039995716938
1925-10-01,20.7,18.858299374874246,19.443796045112585,20.00743292366397
1925-11-01,17.9,13.213341722403444,13.831848435119815,14.362640114268318
1925-12-01,13.8,10.261790305495344,10.844042697989789,11.467007050901806
1926-01-01,10.2,9.384030291892008,9.970997663987074,10.512171953821996
1926-02-01,14.6,10.662579120330989,11.230923769743796,11.752391763796666
1926-03-01,15.8,15.196526847092384,15.748324583799995,16.269491782582335
1926-04-01,23.8,19.348124367951595,19.949959155849076,20.466301384053583
1926-05-01,24.1,24.13387005130987,24.728625599950227,25.317677503227593
1926-06-01,23.0,26.441168446403434,27.022950464589975,27.572808647587983
1926-07-01,29.2,27.97246027302646,28.6011925473313,29.174211929779435
1926-08-01,27.6,27.190901538537126,27.74564417592433,28.288075716835912
1926-09-01,29.2,23.98569958550078,24.552145950044114,25.179627412030566
1926-10-01,21.5,18.921513488117114,19.501781720768072,20.082746159678404
1926-11-01,16.3,13.297366291288332,13.912466973126588,14.481597447273971
1926-12-01,6.7,10.322168824191312,10.909966443204352,11.522766144811088
1927-01-01,9.5,9.43922008369134,10.01078395879696,10.589562847301204
1927-02-01,14.3,10.7099602256034,11.28001220460354,11.84889424713575
1927-03-01,19.1,15.22872471041935,15.823189773699816,16.344783699281198
1927-04-01,18.2,19.34875896559313,20.006295154370395,20.551599663500436
1927-05-01,24.1,24.165017538717766,24.788394813481155,25.41957213925171
1927-06-01,26.7,26.477817129542778,27.081975785717326,27.64946916780482
1927-07-01,29.8,28.06398873804134,28.67385908355529,29.250301311793905
1927-08-01,26.7,27.243794124150835,27.81936749374764,28.409719967270615
1927-09-01,24.7,24.042975158817626,24.629614954186657,25.166466740004054
1927-10-01,17.6,19.0126833197385,19.579769287060287,20.183479755241738
1927-11-01,18.8,13.389632171567756,13.960818846073384,14.554997492336538
1927-12-01,13.6,10.429203207628952,10.991267094299245,11.622406201414755
1928-01-01,10.0,9.485234573225474,10.097585859033554,10.672649319225695
1928-02-01,15.1,10.815773341589882,11.344738840039934,11.945522770046768
1928-03-01,16.9,15.351887639903008,15.901208956400875,16.482465113966043
1928-04-01,22.4,19.488531857177087,20.096694691566668,20.61425645607132
1928-05-01,26.2,24.27429769441986,24.87171907317113,25.520177168207024
1928-06-01,24.2,26.626253677267933,27.166559478030894,27.73603173185026
1928-07-01,32.6,28.142784549039767,28.74960340389783,29.387132834855617
1928-08-01,28.3,27.357928217410965,27.89103799376742,28.497445534710586
1928-09-01,28.4,24.177429636492302,24.71594560678019,25.265058034691545
1928-10-01,18.7,19.09881396790474,19.68326058402249,20.24440698867314
1928-11-01,13.7,13.486781998308622,14.04429997228946,14.609085035977456
1928-12-01,10.0,10.49589669594226,11.075604678792855,11.695390882074731
1929-01-01,9.3,9.596269128838827,10.1780502055255,10.781916129445875
1929-02-01,8.9,10.885855041479466,11.440039229133127,12.045944589308737
1929-03-01,20.1,15.441958370155291,15.983361272424075,16.627224562242688
1929-04-01,20.6,19.58562557593206,20.193484564157664,20.723556784404018
1929-05-01,28.2,24.345824024299176,24.96728280339323,25.665957424568095
1929-06-01,28.1,26.694706060445704,27.27483272549957,27.879156985028036
1929-07-01,31.0,28.258864926607394,28.864998543794627,29.5154775790345
1929-08-01,32.8,27.472814278827336,27.995367239150102,28.62974813432745
1929-09-01,32.8,24.275244442404706,24.80210487671578,25.398537420965734
1929-10-01,17.9,19.182588233968165,19.75552909075695,20.39256345173803
1929-11-01,14.1,13.570243631975007,14.136113854543531,14.750525484895558
1929-12-01,12.9,10.542881326590289,11.163350973740947,11.753209359568634
1930-01-01,14.4,9.64128311543615,10.253157702798863,10.882259722785426
1930-02-01,13.3,10.938491648108503,11.50955243576168,12.121253620112235
1930-03-01,17.3,15.449580930717323,16.022108047741433,16.657658880815607
1930-04-01,21.8,19.633160698684947,20.202624271579843,20.788535076419453
1930-05-01,24.5,24.389137719826273,24.975126692234937,25.67407969388095
1930-06-01,28.2,26.733811664214468,27.297400189742135,27.853619855996413
1930-07-01,29.4,28.26122586886638,28.864970022944203,29.475988738918588
1930-08-01,31.6,27.496005452499734,28.009688865153315,28.559740451769517
1930-09-01,25.3,24.242348838747862,24.79607791352835,25.333448888578985
1930-10-01,22.8,19.169014658406166,19.747568821265293,20.317095699549434
1930-11-01,16.0,13.543211910388488,14.123848271849187,14.75092732786531
1930-12-01,9.4,10.565106390801525,11.136339767454112,11.722016929717306
1931-01-01,11.0,9.641424984146123,10.243579828891075,10.867104109716461
1931-02-01,9.0,10.90128297313351,11.491145545504112,12.08845547164829
1931-03-01,21.3,15.459250041802006,16.000229705163356,16.626344725090945
1931-04-01,18.2,19.621296122705168,20.185926539532495,20.74618925530188
1931-05-01,27.0,24.338559366134263,24.964068627668397,25.630577377820547
1931-06-01,29.2,26.731255483652006,27.274565239104305,27.918030065160977
1931-07-01,27.2,28.217855051710163,28.822571426854633,29.44590162078991
1931-08-01,27.7,27.427744679854623,27.973286800197773,28.58094538482617
1931-09-01,21.2,24.23178227882767,24.753852833158952,25.34841953093797
1931-10-01,21.8,19.10703658373372,19.719275904974097,20.330975899496288
1931-11-01,17.5,13.511542387266273,14.110369293919494,14.684494397435406
1931-12-01,13.7,10.536328036059892,11.122462415063652,11.6999655646107
1932-01-01,11.8,9.531206294265754,10.219192939820704,10.875192044116314
1932-02-01,9.5,10.885197851111402,11.484868696969084,12.03238302903835
1932-03-01,15.0,15.37529686509122,16.009834857376486,16.59979809883223
1932-04-01,18.4,19.581413683244556,20.171387926552264,20.72538140739256
1932-05-01,28.0,24.2787100311531,24.949010814093143,25.606073799010385
1932-06-01,27.2,26.68329524907304,27.269501222159334,27.841515644665257
1932-07-01,29.2,28.26575886773348,28.828273504838258,29.417237673370437
1932-08-01,34.7,27.41240698599696,27.980621705392533,28.526161422000232
1932-09-01,25.7,24.225940343696323,24.76793845734553,25.374640816837903
1932-10-01,18.3,19.139542641633167,19.72495671612326,20.316434968060328
1932-11-01,14.1,13.565396049908994,14.09075236992091,14.691770419184376
1932-12-01,14.5,10.542808038764157,11.126606866056324,11.719488378642625
1933-01-01,11.8,9.621479669924723,10.227340391094817,10.851798477463188
1933-02-01,11.8,10.91468656476463,11.48661263068591,12.00416023125255
1933-03-01,18.7,15.42305560384476,16.00200843992129,16.647516081289094
1933-04-01,22.1,19.627021408009536,20.16591287999529,20.770159042256715
1933-05-01,25.1,24.27890554065466,24.938072883485376,25.552033889501025
1933-06-01,27.1,26.662922384480197,27.260154365703443,27.828551145544772
1933-07-01,32.6,28.2062348463288,28.80411416971193,29.395731111863814
1933-08-01,30.9,27.36415965009464,27.975049273786535,28.497086864172598
1933-09-01,24.1,24.188611959769343,24.749296219628015,25.323302562035856
1933-10-01,22.7,19.116643147586952,19.69746701673843,20.280713502673624
1933-11-01,14.8,13.575963267296626,14.079821927448842,14.638072510194734
1933-12-01,4.8,10.522976427655541,11.102461597794637,11.696167593658094
1934-01-01,11.8,9.58339072859724,10.20275650173946,10.788198807290605
1934-02-01,11.8,10.8866250133021,11.474219653091813,11.97356322966473
1934-03-01,12.7,15.383670211175145,15.99447131804143,16.58461695098187
1934-04-01,25.1,19.597419404000533,20.175995520285,20.75162551824341
1934-05-01,26.6,24.30206247025028,24.94297682850695,25.56272055732225
1934-06-01,28.6,26.650187458005522,27.270717591212296,27.8713088270129
1934-07-01,31.5,28.233659820341828,28.83821673316634,29.417756112271256
1934-08-01,28.0,27.387996716095987,27.987758458798822,28.51366231938531
1934-09-01,30.0,24.220916615761446,24.755513365433096,25.328799302510816
1934-10-01,21.8,19.089270653857124,19.70804310920945,20.309031099532074
1934-11-01,11.1,13.486295330077924,14.104599561122715,14.628855448362597
1934-12-01,14.5,10.494896204177605,11.093615351095696,11.71521430058667
1935-01-01,9.0,9.552518856235036,10.218824657295325,10.794176044432522
1935-02-01,11.7,10.878072452343766,11.474636130799787,11.993160841099552
1935-03-01,19.1,15.420046910683709,15.989357702846128,16.55299263783673
1935-04-01,20.3,19.580078159602706,20.17984329630024,20.72832636561631
1935-05-01,23.4,24.33015966262076,24.90046131807788,25.52954463044333
1935-06-01,29.3,26.659247160821728,27.270994956894917,27.81576474707977
1935-07-01,29.6,28.203645767215257,28.82713849586989,29.380641164790447
1935-08-01,30.3,27.373943872856803,27.970342010834834,28.464639334018642
1935-09-01,26.0,24.19912712123916,24.754739091416766,25.361363010263734
1935-10-01,17.7,19.103729518567125,19.699580003151908,20.297808833136326
1935-11-01,17.5,13.553086410838839,14.097414684968925,14.625780891986826
1935-12-01,12.0,10.491634967915141,11.106954518511952,11.686019888145955
1936-01-01,13.6,9.565761603257371,10.215782838918427,10.783584785464159
1936-02-01,13.5,10.869566671612489,11.468743984055614,11.985430620448456
1936-03-01,18.7,15.388976681502415,15.978968260584502,16.553169278365765
1936-04-01,15.5,19.580128707101697,20.172502188092444,20.72301574617195
1936-05-01,24.1,24.368960811552608,24.899677140498227,25.520644499306748
1936-06-01,30.4,26.64157048732932,27.25849618990305,27.804780700181976
1936-07-01,27.0,28.231780229759064,28.83198802609879,29.33681268416385
1936-08-01,27.7,27.408241810326246,27.950278664380825,28.48255836713616
1936-09-01,28.0,24.141750663980662,24.759406367526296,25.312550903445626
1936-10-01,15.7,19.081456245300213,19.679768250561807,20.33260570501206
1936-11-01,12.9,13.539019328552733,14.096223987940085,14.646661257283066
1936-12-01,13.1,10.542878964902243,11.106874567722205,11.659868415072161
1937-01-01,13.8,9.613493412256942,10.206457698310903,10.742993863984724
1937-02-01,12.6,10.890302393654885,11.479730261257984,11.988742851479872
1937-03-01,13.6,15.428798933487954,15.998422421604644,16.543879569093715
1937-04-01,17.7,19.59025496661092,20.184789544316544,20.75560492724798
1937-05-01,28.5,24.396937083074395,24.91388164564313,25.562741986844035
1937-06-01,30.9,26.72640669573377,27.296111181236192,27.848956945008204
1937-07-01,28.9,28.249418811538067,28.856891463158405,29.43711978114507
1937-08-01,30.8,27.425832368444944,27.995784945853423,28.549687642281874
1937-09-01,26.7,24.220037917890707,24.778414281945377,25.36547213282637
1937-10-01,23.0,19.130969612989574,19.721204488999298,20.34818830760834
1937-11-01,13.4,13.551423537599732,14.140350639004954,14.672075067678744
1937-12-01,10.6,10.549637205075214,11.143121876723228,11.695901676840924
1938-01-01,11.5,9.64133295985051,10.226449888880172,10.789801898915625
1938-02-01,13.8,10.880035583784347,11.517901350878788,12.015028700762567
1938-03-01,19.8,15.45670451820588,16.031449455090605,16.59443811352951
1938-04-01,16.2,19.583077697991595,20.23161495076259,20.772968236737498
1938-05-01,26.6,24.369070988989016,24.971665919646252,25.57395406471893
1938-06-01,30.4,26.736124088242608,27.308547573283878,27.88656163709231
1938-07-01,31.1,28.254769622018966,28.877896175993754,29.47317071178022
1938-08-01,31.9,27.45494068082219,28.01374627954977,28.552661164482114
1938-09-01,26.2,24.206871335162145,24.789431735323454,25.44922699038079
1938-10-01,18.3,19.184281097458392,19.763049548787375,20.3846141379237
1938-11-01,18.1,13.552447544743199,14.174297291019073,14.730844576860378
1938-12-01,13.6,10.574546463193546,11.182000859767687,11.757917112123135
1939-01-01,13.9,9.703552095393338,10.241858635078028,10.803424761900319
1939-02-01,11.5,10.907391298963434,11.531643734207425,12.033490533463237
1939-03-01,17.1,15.479659189510981,16.062464147659092,16.66668302175425
1939-04-01,24.7,19.62304296364846,20.257913180039125,20.77621430038922
1939-05-01,22.2,24.404533520028263,24.989856700788735,25.555527003876914
1939-06-01,31.2,26.797398833159686,27.351485400757916,27.87313304951709
1939-07-01,27.1,28.32343582942946,28.87874365328806,29.417887086171763
1939-08-01,28.9,27.45222268743073,28.02004017774842,28.578396592099864
1939-09-01,27.3,24.182738094973345,24.8041086360111,25.419909250026787
1939-10-01,16.3,19.158067505170028,19.768204046819463,20.36501426387429
1939-11-01,15.0,13.592222613540427,14.15695670977843,14.74813679388556
1939-12-01,12.4,10.563427363542278,11.154023613691287,11.750077247321759
1940-01-01,5.0,9.623891803493171,10.265547410000607,10.823313658695817
1940-02-01,15.3,10.912983748656739,11.521807059278633,12.056250064010094
1940-03-01,19.6,15.452592005988793,16.0362866044308,16.605917138077906
1940-04-01,25.4,19.625811187356664,20.254845297274493,20.789183807399507
1940-05-01,24.3,24.393636963766884,24.994666732216782,25.583755063911667
1940-06-01,27.0,26.774635580831728,27.320368663271864,27.885098029271248
1940-07-01,25.7,28.320908379346584,28.873429043359046,29.41831711616461
1940-08-01,27.4,27.43543285756412,28.03248765865772,28.60986651637907
1940-09-01,28.8,24.257967800091386,24.81171131780922,25.42325493746932
1940-10-01,19.9,19.17426695222835,19.806495515825155,20.410672848411462
1940-11-01,15.1,13.598030651633795,14.18007724549828,14.787913709671104
1940-12-01,7.5,10.592295049799,11.19265370929494,11.825794093977668
1941-01-01,9.5,9.68651746154734,10.29401810469685,10.827457892804118
1941-02-01,13.4,10.955541203269432,11.551671134919165,12.100425552014924
1941-03-01,15.5,15.479201635965996,16.08210696976485,16.633825500323763
1941-04-01,17.9,19.716564803795478,20.316300588606712,20.8360052146296
1941-05-01,21.8,24.369827539666076,25.02674506470237,25.607023560534603
1941-06-01,30.9,26.790400947468736,27.395249041856797,28.007408063327915
1941-07-01,33.4,28.355254641302164,28.9348899686157,29.521605535046632
1941-08-01,23.6,27.501968847773846,28.110953404482306,28.71754251123352
1941-09-01,25.5,24.288686371363355,24.890629873251157,25.511229777620457
1941-10-01,23.4,19.269885087122848,19.87558128945274,20.471127951948308
1941-11-01,14.6,13.639378763062503,14.256623453830704,14.856227981122716
1941-12-01,13.1,10.641526398690768,11.271130133226439,11.89444086390666
1942-01-01,6.2,9.76794153030126,10.36799653588516,10.952329170993995
1942-02-01,4.1,11.041132673367349,11.63185003690159,12.169548673568066
1942-03-01,16.4,15.588927397238837,16.186695571395312,16.743419260219866
1942-04-01,19.4,19.804678205650806,20.402083632730108,20.966526002858267
1942-05-01,27.0,24.518632062688372,25.141933748641854,25.730601571512086
1942-06-01,27.7,26.952872523716675,27.49649588844573,28.100876189198694
1942-07-01,31.3,28.52196772441824,29.07335008717333,29.645271866381826
1942-08-01,31.5,27.655298694201765,28.22339704377421,28.83339320071179
1942-09-01,29.3,24.44125338655821,25.019775747744422,25.681771643335424
1942-10-01,24.1,19.422356209374602,20.002011875566307,20.636427242919275
1942-11-01,14.2,13.817031573169231,14.378518127325025,15.022866604653201
1942-12-01,14.0,10.824296397500701,11.406692841031356,12.048125065140432
1943-01-01,13.5,9.939939341114632,10.502541365322736,11.1432060068563
1943-02-01,11.9,11.206487771319892,11.7842650970525,12.431681073503997
1943-03-01,19.5,15.733977277708146,16.338753945204395,16.92774719109472
1943-04-01,23.5,19.95660196870356,20.541984274561027,21.142328361052094
1943-05-01,28.8,24.61309547103207,25.289157138928314,25.86009720502549
1943-06-01,27.5,27.142541536339962,27.63132649755203,28.284261980864276
1943-07-01,31.7,28.59071973242519,29.208758959414713,29.829923782674637
1943-08-01,31.2,27.764176740317073,28.37835113332375,29.019532401400323
1943-09-01,28.6,24.55955486995137,25.149683634088674,25.76563691891552
1943-10-01,19.6,19.502159709672014,20.121354938551576,20.784062122588082
1943-11-01,17.9,13.866800502035366,14.50146417161993,15.159696043670543
1943-12-01,10.9,10.886087389567034,11.519066070800534,12.142847625976476
1944-01-01,11.3,9.996379711037807,10.618628944713247,11.247386095693479
1944-02-01,10.5,11.26968011275939,11.87986658358463,12.471655965500204
1944-03-01,14.1,15.839125104863934,16.435588240519763,17.046575412173127
1944-04-01,22.4,20.00596535623438,20.64050873084536,21.19131820768921
1944-05-01,31.8,24.728181033895243,25.36231444196084,25.94612111387857
1944-06-01,24.8,27.24510026759807,27.708467335838087,28.297675617826428
1944-07-01,30.2,28.6594751516678,29.272630413424686,29.92086518926932
1944-08-01,32.4,27.83168713471838,28.451816254632647,29.059225148356276
1944-09-01,23.2,24.610516749854032,25.22635112672865,25.860731812047614
1944-10-01,17.5,19.52276579582792,20.199953355055186,20.827721527624384
1944-11-01,14.7,13.95707509158862,14.572741030862424,15.232613121394957
1944-12-01,10.5,10.964056829781331,11.613805464956025,12.235822732655517
1945-01-01,5.2,10.117180242403531,10.716336931320066,11.34128167035522
1945-02-01,14.1,11.428598422555842,11.96190981581245,12.622668372121309
1945-03-01,21.7,15.895430830772794,16.552697085361544,17.111137093942396
1945-04-01,24.0,20.112444842276265,20.759455594822413,21.345465423065832
1945-05-01,29.7,24.836276870813936,25.471588360785653,26.06454582168645
1945-06-01,30.2,27.311533471239937,27.842492263186852,28.393376551941298
1945-07-01,33.4,28.813418976555013,29.39322851482114,30.050516363485208
1945-08-01,29.3,27.937984818843407,28.566743787363038,29.185716485234696
1945-09-01,25.8,24.700776365905217,25.348005963935805,25.943458994589616
1945-10-01,20.7,19.661217438424764,20.32806448511161,20.985023533074983
1945-11-01,16.5,14.053516152267532,14.679391330594834,15.395341939721595
1945-12-01,13.3,11.096456509952699,11.725510254999236,12.436861345460438
1946-01-01,13.3,10.224100139057196,10.812181538974261,11.475081046267414
1946-02-01,11.6,11.50790528584803,12.073933849680067,12.758303495633209
1946-03-01,20.2,15.987342083832534,16.621849317314958,17.274424739190227
1946-04-01,24.4,20.23610835331556,20.830318166554008,21.441088583854217
1946-05-01,23.1,24.889836176147615,25.56837760300877,26.18128943855264
1946-06-01,25.3,27.407352916854535,27.924591614614755,28.45210960226293
1946-07-01,30.6,28.861541880809035,29.48872234644915,30.134991318868693
1946-08-01,30.0,28.010265900890506,28.640913370016712,29.311286056931493
1946-09-01,25.7,24.782839741932197,25.428790525449493,26.033747640248905
1946-10-01,23.2,19.74192758959919,20.41214027981635,21.062493697157823
1946-11-01,15.2,14.147058768476915,14.763773653884167,15.52559363499891
1946-12-01,9.6,11.168866083936857,11.779004586893393,12.508866051135954
1947-01-01,14.8,10.296574040104483,10.919369847894055,11.610731312426614
1947-02-01,7.9,11.572715515697325,12.152771580234653,12.832907970985374
1947-03-01,16.2,16.06311177573347,16.70191032484314,17.389556162903865
1947-04-01,21.3,20.303658727000474,20.92745400654838,21.579661594613174
1947-05-01,30.5,25.041432448024942,25.647862254599954,26.299317553892617
1947-06-01,36.8,27.482903448721537,28.054894253499505,28.64777020805944
1947-07-01,33.1,28.922277459355247,29.579920005752808,30.29415055612239
1947-08-01,33.7,28.118951992413063,28.71768355700322,29.45286544993212
1947-09-01,29.3,24.842410979938283,25.49538687399071,26.164246648783195
1947-10-01,24.0,19.796677838777818,20.513187830424833,21.152305661977042
1947-11-01,15.6,14.189001933236627,14.836005972289538,15.556685069407717
1947-12-01,11.6,11.223297804418733,11.84657631440033,12.557066097521478
1948-01-01,12.5,10.311440989250505,10.90496332448453,11.62787332411286
1948-02-01,12.5,11.602912447853726,12.162468823895377,12.90135655560913
1948-03-01,18.2,16.077876251222246,16.709948342494656,17.40671915558572
1948-04-01,24.7,20.270711904133353,20.894926909496352,21.556335507881215
1948-05-01,24.8,24.990257628308548,25.589233618830537,26.25186142463818
1948-06-01,29.7,27.449706860761047,27.96516257501534,28.57595150999367
1948-07-01,32.0,28.859861929929476,29.514946731906246,30.187320568098567
1948-08-01,26.9,28.010068798939123,28.660467705231095,29.345841838347695
1948-09-01,26.5,24.797210621936763,25.41926809041712,26.08114705423459
1948-10-01,21.5,19.717012134306962,20.39786519404241,21.020586747844305
1948-11-01,14.9,14.1365085191027,14.737136315198372,15.421292733432082
1948-12-01,14.1,11.13801338935085,11.738504744928699,12.42217807101575
1949-01-01,13.4,10.224519625325549,10.823542073363006,11.487197351744802
1949-02-01,16.3,11.510546082850674,12.063647309951,12.673906572360492
1949-03-01,17.2,16.013494661310222,16.603306413716503,17.179121696294665
1949-04-01,26.9,20.248777286623728,20.792116477659977,21.368927692422133
1949-05-01,22.4,24.896189499919625,25.46622812223852,26.091784689656546
1949-06-01,27.3,27.321497300282076,27.859120912501343,28.395332228130467
1949-07-01,33.0,28.83278847339214,29.384945109622315,30.013609897298423
1949-08-01,30.2,27.930776894378052,28.54693785464661,29.15126603778535
1949-09-01,31.7,24.68844771862581,25.294569765105592,25.850454142613323
1949-10-01,22.9,19.62613045024903,20.26461358068628,20.861628950355957
1949-11-01,12.8,13.976892711274402,14.609382500187564,15.24893119716404
1949-12-01,11.7,11.036557783868515,11.62401154049191,12.214141987942142
1950-01-01,10.3,10.125940056772215,10.708084025868239,11.38409877758335
1950-02-01,17.3,11.404182501096507,11.93527827454933,12.501760371236779
1950-03-01,15.6,15.915753005960982,16.45710966657701,17.04875070196415
1950-04-01,19.0,20.087410891419093,20.663464274288405,21.20909187555356
1950-05-01,25.6,24.770703178922233,25.329308501671186,25.92255711696769
1950-06-01,30.0,27.206270122808704,27.7260038516447,28.23092764928255
1950-07-01,29.0,28.711818348311372,29.258768547943426,29.84755494015514
1950-08-01,28.9,27.82761826690619,28.380761351411984,28.96022512399984
1950-09-01,21.5,24.56457569696703,25.11630892713326,25.697378636484782
1950-10-01,21.0,19.50676036969729,20.114212776805665,20.700952460311097
1950-11-01,15.3,13.873296672616636,14.465492955252394,15.063052434916171
1950-12-01,10.4,10.911010362200251,11.485930383177939,12.058178969522055
1951-01-01,10.1,9.981390619710053,10.539555049431623,11.157589845434858
1951-02-01,11.6,11.290106320580978,11.80692639257692,12.382407240163364
1951-03-01,17.2,15.778639249486847,16.323961791749234,16.881985311099555
1951-04-01,23.2,19.97568911153114,20.5229034343031,21.046270848990247
1951-05-01,25.5,24.595207732673117,25.19986924946675,25.809538164328107
1951-06-01,25.4,27.02814954648667,27.586456081887867,28.09667577603334
1951-07-01,28.7,28.617894152575026,29.14682691653549,29.69716812290655
1951-08-01,26.6,27.71126114365702,28.262160594186085,28.880854169859997
1951-09-01,27.0,24.471632516096612,25.018932340014672,25.549484224750863
1951-10-01,19.1,19.422137206665948,20.00064640483285,20.58317976057425
1951-11-01,15.9,13.792004394531848,14.37303226039564,14.930494330401732
1951-12-01,12.0,10.781969212942823,11.388908001739331,11.93823914425448
1952-01-01,10.2,9.865968287333459,10.463450563859276,11.071279055206862
1952-02-01,9.7,11.189674046107992,11.746891978259253,12.242908200518574
1952-03-01,17.0,15.695113118989049,16.245949309078952,16.827727060784806
1952-04-01,25.0,19.950065556045825,20.467652454573933,21.007938780585928
1952-05-01,25.5,24.557028881858667,25.160696355572966,25.734169831764973
1952-06-01,30.4,27.043017990842586,27.543262938617247,28.14236905494872
1952-07-01,35.1,28.543962047331274,29.08314271091798,29.662591938227372
1952-08-01,28.2,27.64851570644979,28.201722490230395,28.816935630065753
1952-09-01,22.6,24.406563960566828,24.967861279990522,25.49954192464283
1952-10-01,19.9,19.368680491941337,19.958229644093137,20.511414707664063
1952-11-01,12.1,13.705967188233428,14.317996685296752,14.908161585365942
1952-12-01,11.0,10.715728723147404,11.351379322015411,11.912640487101806
1953-01-01,9.4,9.8043844578031,10.420620426624989,10.98753582651541
1953-02-01,14.7,11.127936585022093,11.693484489055567,12.23698405975951
1953-03-01,19.6,15.615891255786844,16.20259790516161,16.735038169103852
1953-04-01,19.7,19.8246915364244,20.423308622654385,20.974615964255907
1953-05-01,29.3,24.513049041394936,25.09574522661609,25.67171429049165
1953-06-01,28.2,26.890515028213066,27.49826939273369,28.02448963705386
1953-07-01,28.1,28.481737412751137,29.03508877803332,29.59124758695617
1953-08-01,30.8,27.62182508553742,28.158869513648707,28.703682738480964
1953-09-01,26.0,24.334315799363445,24.917315631565252,25.432402581041963
1953-10-01,20.3,19.289090234739245,19.922656222335753,20.50199034344983
1953-11-01,14.5,13.624686856526532,14.24106380475407,14.840309645161195
1953-12-01,15.9,10.694909495708172,11.294090997087778,11.911734652998875
1954-01-01,11.9,9.758663779341099,10.372098948659659,10.962050033469195
1954-02-01,10.3,11.041480916985057,11.661195975928448,12.178295232493994
1954-03-01,16.5,15.600924718721295,16.14155690043856,16.73855220512697
1954-04-01,17.5,19.784840635143212,20.37109695200565,20.922931860325203
1954-05-01,29.4,24.457233671094656,25.054528859954566,25.624953008774487
1954-06-01,28.8,26.844247389353473,27.424554384426017,27.985001761202568
1954-07-01,24.3,28.43804090471207,28.987174085919783,29.575059304916508
1954-08-01,30.0,27.57982437663264,28.130999134574434,28.67735116873405
1954-09-01,27.5,24.265221629580726,24.861558356435502,25.412786846821472
1954-10-01,21.5,19.283178105253814,19.889842032545907,20.461475740208083
1954-11-01,16.9,13.553454599832213,14.215983657270025,14.792205546786516
1954-12-01,13.0,10.63492546578272,11.238211516457563,11.842540611718803
1955-01-01,13.5,9.748172307708801,10.337207041173286,10.92096476911478
1955-02-01,12.2,11.011105184340447,11.586661795093327,12.109208296156211
1955-03-01,19.8,15.541422546434596,16.092822132883285,16.653946117565617
1955-04-01,25.6,19.68444515091532,20.3239933561387,20.839879007365496
1955-05-01,22.4,24.407903755649176,24.981545255001382,25.55385456023897
1955-06-01,25.3,26.73221204650545,27.37946539372535,27.95106742209053
1955-07-01,30.2,28.40356408987689,28.90892173307384,29.490600916816696
1955-08-01,28.9,27.486021812484427,28.075453824838718,28.60021146729446
1955-09-01,25.2,24.21657232344898,24.784644476248175,25.33822409228351
1955-10-01,19.5,19.198319805521592,19.797356005613352,20.34517080361171
1955-11-01,19.4,13.492425736749864,14.155410228087788,14.728894204380488
1955-12-01,13.3,10.556858610487442,11.157679085390415,11.756123146604292
1956-01-01,9.7,9.620767085187351,10.253946885999298,10.81106292203704
1956-02-01,6.8,10.937537299632057,11.510390295827456,12.059089523537923
1956-03-01,19.4,15.421786553022024,16.024483286031792,16.57788500332733
1956-04-01,17.6,19.56655516009254,20.25772966770711,20.773969174885295
1956-05-01,28.1,24.34262599377219,24.89486663640477,25.438470368331892
1956-06-01,21.2,26.66780022581175,27.306977450720506,27.897178179850417
1956-07-01,29.4,28.330217652687846,28.850517488249825,29.399113784634153
1956-08-01,25.0,27.421952704144708,27.995994001894047,28.571047660698557
1956-09-01,25.0,24.158795023679183,24.736866118341734,25.31316336355614
1956-10-01,20.3,19.153581681028207,19.773736457265514,20.36558286357622
1956-11-01,12.8,13.476327110070834,14.120453063938939,14.6753201321031
1956-12-01,12.9,10.485845079391344,11.139901525445893,11.734065265941416
1957-01-01,12.6,9.594731164574329,10.233914941524224,10.791616838145229
1957-02-01,14.4,10.898370862917307,11.492774362406777,12.044394459062795
1957-03-01,18.5,15.398754710197558,16.020056376035235,16.561596871816878
1957-04-01,21.4,19.604573045707948,20.25632676222597,20.80803513906467
1957-05-01,20.9,24.379679373780732,24.904470922669454,25.429530641576576
1957-06-01,32.7,26.73978250324651,27.31254892613059,27.886760019862844
1957-07-01,34.4,28.316228004873345,28.877539544701765,29.454300296934612
1957-08-01,27.1,27.42266953453701,28.02118634704413,28.60089943199227
1957-09-01,24.3,24.149677661754687,24.750530536472024,25.35956706589947
1957-10-01,18.4,19.17586791561614,19.771583775258904,20.371458139377047
1957-11-01,14.0,13.467933290957497,14.141551031468149,14.741496979869472
1957-12-01,12.2,10.555973132880764,11.157465565761322,11.821616721523954
1958-01-01,11.6,9.633971642861095,10.256652319684852,10.767670612995955
1958-02-01,15.9,10.91011813401847,11.516611359146765,12.073018205350495
1958-03-01,18.2,15.454824012929025,16.009418478637585,16.610634338046466
1958-04-01,19.0,19.66487871835358,20.24556829103637,20.87994597685965
1958-05-01,22.1,24.396660311044005,24.897054876988822,25.555470581943005
1958-06-01,25.9,26.7314533997731,27.330880809835314,27.91855228993419
1958-07-01,27.1,28.286007892341182,28.896320912497405,29.453665637348827
1958-08-01,28.8,27.439640333278383,28.044869846100063,28.627538846250307
1958-09-01,28.5,24.191738508755122,24.75257952986322,25.384816630159925
1958-10-01,19.5,19.197566812613392,19.802282833858126,20.35281985577432
1958-11-01,12.7,13.492055113558333,14.169304847148505,14.78903757134807
1958-12-01,13.2,10.513927163566704,11.187748078508562,11.820223482866144
1959-01-01,11.4,9.686915175864545,10.281359841000116,10.805202317180404
1959-02-01,18.1,10.944994195035333,11.53390221942935,12.111056193862053
1959-03-01,18.5,15.475224469575485,16.044803949533335,16.66119628941613
1959-04-01,22.7,19.643790326085234,20.278432879335007,20.84919243034691
1959-05-01,25.7,24.360951716366014,24.94471180562984,25.530919256434515
1959-06-01,28.2,26.741568678108475,27.34530507683882,27.894297703308524
1959-07-01,34.9,28.376458313020812,28.914043835953986,29.49083933340192
1959-08-01,28.2,27.48309908135309,28.039870898085848,28.682668835230324
1959-09-01,29.2,24.169532568008957,24.806126271218666,25.364439139706572
1959-10-01,24.3,19.21596362540295,19.82620400881668,20.380135743271172
1959-11-01,14.3,13.506218596693836,14.150296612135447,14.784752781620307
1959-12-01,10.7,10.517840310229513,11.176327877859434,11.79149003404289
1960-01-01,12.3,9.666299479322806,10.24461841332579,10.812158638877634
1960-02-01,19.6,10.944438839513387,11.492572486533398,12.046102752175486
1960-03-01,15.9,15.422264036359438,15.969415799918771,16.583988818559565
1960-04-01,21.2,19.595837467582555,20.228363250212926,20.788549791913656
1960-05-01,25.2,24.31078744519704,24.873146515764738,25.4559303772188
1960-06-01,29.5,26.68522807410581,27.24745702331095,27.88010845707838
1960-07-01,24.0,28.286218998683864,28.834740214295266,29.378402868313056
1960-08-01,27.0,27.353372786040254,27.94455912581602,28.56969343671244
1960-09-01,24.9,24.073569280747506,24.67853563154122,25.31015397579513
1960-10-01,20.4,19.097326027936585,19.703021162259212,20.30752541092703
1960-11-01,15.7,13.449503436424717,14.025084915505268,14.688458229103686
1960-12-01,12.3,10.447394017226971,11.06543885140229,11.65271944189919
1961-01-01,9.9,9.57098883759348,10.132472119349847,10.720192046713592
1961-02-01,17.6,10.82775055310485,11.408488178916706,11.989305242055318
1961-03-01,20.2,15.31455732353269,15.877050536771316,16.50128033641002
1961-04-01,21.1,19.52015962252748,20.095388020044957,20.667949477187115
1961-05-01,21.6,24.178650448119743,24.743990932119132,25.30537376760742
1961-06-01,28.6,26.56447093719254,27.13499768279773,27.749204802746576
1961-07-01,31.0,28.137970915779103,28.740508295349183,29.257517191367064
1961-08-01,28.8,27.274096125753193,27.822072262943742,28.447882678015354
1961-09-01,28.7,23.968823388299274,24.56260773058489,25.127153644295753
1961-10-01,22.5,19.00750983705179,19.597694746684002,20.15948848204622
1961-11-01,11.4,13.285858262100618,13.935688613761195,14.482033203727454
1961-12-01,14.4,10.270412988640079,10.933319040917944,11.514613437418241
1962-01-01,11.7,9.458965438036962,9.998321501263408,10.54018428719979
1962-02-01,9.6,10.672191858206585,11.265107037194788,11.779104656213773
1962-03-01,12.9,15.163733407545445,15.739544156892663,16.319174158335766
1962-04-01,22.4,19.42863366732579,19.971410761725608,20.519832746439658
1962-05-01,21.3,24.03578684927108,24.599713190977532,25.168972558231523
1962-06-01,26.3,26.412200905648476,27.00478493439079,27.61558056716316
1962-07-01,26.1,28.00861353886054,28.57180132059992,29.10614347170927
1962-08-01,24.2,27.156198851238802,27.694415855083186,28.27157669789889
1962-09-01,29.0,23.822452313805236,24.433092372474707,25.02439805802153
1962-10-01,23.2,18.832135403915295,19.477871733296,20.048581220507085
1962-11-01,14.6,13.103108965193305,13.810994321939447,14.39350983709547
1962-12-01,11.2,10.175174953292842,10.807612749078135,11.428890413630878
1963-01-01,3.5,9.319407683884984,9.870596040848604,10.46493943373654
1963-02-01,5.3,10.53548972064976,11.171902959123035,11.710908375349526
1963-03-01,14.2,15.005753591778024,15.669101638086858,16.22496597808514
1963-04-01,19.6,19.268087488918674,19.906997609202,20.465537285765745
1963-05-01,25.6,24.01749038251605,24.546019472223534,25.09813761393715
1963-06-01,26.3,26.37135151993949,26.951867287623124,27.59127887526538
1963-07-01,28.8,28.00886329424376,28.52713767136627,29.132785053638106
1963-08-01,27.8,27.125027069173377,27.683407546205412,28.230247736772846
1963-09-01,25.2,23.77604498783664,24.40943188785312,24.981743446253937
1963-10-01,18.2,18.840263093425392,19.463628073545628,20.007209211878767
1963-11-01,17.8,13.1286883692019,13.785057608098723,14.365076615909558
1963-12-01,8.8,10.123735052453952,10.804558898746995,11.446054352928762
1964-01-01,7.6,9.287646425906832,9.887364296172844,10.497208242587854
1964-02-01,15.9,10.594446195158623,11.164851462270097,11.726215146945655
1964-03-01,14.4,15.075417980097003,15.709889165131141,16.22074219948755
1964-04-01,22.0,19.31630276293006,19.944387709174645,20.479839132498547
1964-05-01,27.1,24.06190023783928,24.585417005574136,25.156538222099485
1964-06-01,28.8,26.34672790045412,26.994413067875822,27.549897965923915
1964-07-01,33.3,28.02389160234225,28.576990018390667,29.184531582176803
1964-08-01,32.0,27.133133264058895,27.72605239324254,28.27440167939251
1964-09-01,28.3,23.83077186882281,24.43602104718518,25.01539554766469
1964-10-01,19.9,18.88924082251772,19.48025126162514,20.019585376634414
1964-11-01,14.5,13.182468740112188,13.803357543367492,14.391010328736877
1964-12-01,12.0,10.196263109338265,10.846419912243999,11.420910119860748
1965-01-01,10.4,9.317585097333756,9.907319111488336,10.49111502285754
1965-02-01,7.7,10.68999199150228,11.15810781048322,11.717564422031712
1965-03-01,20.4,15.106940343142618,15.687495027591027,16.21784907208945
1965-04-01,18.2,19.368427042583946,19.939267326815703,20.448384469447745
1965-05-01,25.8,24.060725911675483,24.58291611664839,25.09138346255082
1965-06-01,25.9,26.465079074632726,26.97324344877969,27.546301829856066
1965-07-01,25.4,28.013092885534135,28.562138312891005,29.1221998161098
1965-08-01,26.7,27.117285881192903,27.70411605535142,28.298947979055477
1965-09-01,23.4,23.90161220662131,24.413220246601004,24.979357500915416
1965-10-01,24.2,18.906815702671434,19.472276602699644,20.02877562052438
1965-11-01,17.2,13.178536573278967,13.799599114383266,14.378333375502562
1965-12-01,13.0,10.221332910050277,10.855434600150108,11.417612919469303
1966-01-01,13.0,9.300242679048212,9.938209209903471,10.471208131424495
1966-02-01,14.8,10.629550002955273,11.171294833035287,11.762337641691852
1966-03-01,12.4,15.155448572421085,15.699902916640841,16.222482134140016
1966-04-01,21.1,19.38486753697955,19.946337246065248,20.527931877544116
1966-05-01,26.0,24.009492677054013,24.58611279528487,25.17905251065226
1966-06-01,29.6,26.423202717244937,27.02140390168804,27.586293256253164
1966-07-01,26.9,28.029796693112154,28.58030138619744,29.181152596476498
1966-08-01,30.7,27.127724482788715,27.72713622583813,28.336473179678634
1966-09-01,25.1,23.845531565437586,24.450582347887256,25.041413988568625
1966-10-01,21.8,18.86517157015485,19.49484066270749,20.096015209827375
1966-11-01,16.8,13.211538127139058,13.842994471509057,14.46347664692216
1966-12-01,11.1,10.199921944512708,10.853631933036276,11.491882381293891
1967-01-01,14.1,9.304787485920619,9.962905866476401,10.546152163382672
1967-02-01,12.1,10.678695304148466,11.195626312930555,11.766362791264585
1967-03-01,15.6,15.105547083600497,15.73718915396835,16.243100882867747
1967-04-01,17.2,19.352676521633157,19.97205081913394,20.51688912455476
1967-05-01,26.6,24.03903250860085,24.6153827878027,25.129547027937523
1967-06-01,25.4,26.397415874260577,27.03326373926239,27.59399147489844
1967-07-01,31.7,28.04075092056191,28.610745599761586,29.15142657747229
1967-08-01,30.0,27.16288662120296,27.735277008464355,28.343168251235557
1967-09-01,25.7,23.8719647218866,24.447201099931327,25.04401897043126
1967-10-01,20.8,18.86274602318034,19.508584337672914,20.08419667043422
1967-11-01,12.2,13.19599888552161,13.827529106848857,14.46954433574978
1967-12-01,12.5,10.211649616290742,10.845774741735207,11.504377150079486
1968-01-01,11.1,9.313307306563123,9.954513656126785,10.57631249403367
1968-02-01,8.8,10.646042152298545,11.2102307907839,11.826423404084943
1968-03-01,22.7,15.08731897122727,15.736070649611591,16.26509898727482
1968-04-01,26.8,19.399614706534187,19.985202165869183,20.521613218695766
1968-05-01,21.7,24.02802052941751,24.60209679100035,25.158266329282977
1968-06-01,27.3,26.412505198664434,27.012089954369493,27.619887641643846
1968-07-01,32.3,27.999612067397333,28.610143733078623,29.19164777455615
1968-08-01,25.6,27.15852879612691,27.71842257556052,28.33075152589412
1968-09-01,25.7,23.81415774501056,24.408623120701947,25.01229412435854
1968-10-01,19.8,18.801231568373012,19.494194101498103,20.084027473006376
1968-11-01,17.5,13.15002105386404,13.813878519900802,14.431228927648338
1968-12-01,11.1,10.193542921269104,10.860418372861067,11.451676884025455
1969-01-01,12.2,9.291307018757946,9.939398503169693,10.51884460145027
1969-02-01,12.1,10.62343134311379,11.178257780898644,11.720850255569744
1969-03-01,14.4,15.037058751980593,15.716884389755005,16.20730156299573
1969-04-01,22.4,19.36759169683802,19.93501693243106,20.506411865683695
1969-05-01,29.6,23.997525975884717,24.575084551995197,25.093748734048447
1969-06-01,27.2,26.40102543650655,26.979572704743283,27.557090704172115
1969-07-01,30.4,27.96553477648403,28.56011252362542,29.164920462005114
1969-08-01,28.8,27.110351789314514,27.685535581479407,28.269440622153372
1969-09-01,25.9,23.743946451597903,24.395828507595578,24.923005047678696
1969-10-01,22.6,18.807765627364496,19.452163807958257,20.035099421959604
1969-11-01,15.0,13.101857043403895,13.778273007438496,14.364156435037744
1969-12-01,7.7,10.137525350784443,10.815753609537097,11.374372422145376
1970-01-01,12.2,9.223545575281479,9.873449795653467,10.467253748001115
1970-02-01,10.7,10.548647256295858,11.126030778896784,11.680486570655153
1970-03-01,12.9,15.003102933570307,15.63261873253062,16.195860706593024
1970-04-01,16.8,19.260221165107144,19.898971665937964,20.407813935406868
1970-05-01,23.2,23.92135068437971,24.51001775359298,25.075054395285605
1970-06-01,28.4,26.304897508486867,26.933953006978538,27.5211512237649
1970-07-01,29.3,27.926697739492077,28.518186829958346,29.126206672713064
1970-08-01,27.9,27.046168103215933,27.653537593200177,28.23789871342221
1970-09-01,24.4,23.755873462657462,24.34006096424344,24.959914732284748
1970-10-01,23.1,18.767917862819345,19.40578456572245,19.99942735665062
1970-11-01,14.7,13.120780790189835,13.73964202798471,14.351584435477537
1970-12-01,10.9,10.095497849390506,10.774188195237786,11.344039239084939
1971-01-01,11.7,9.221990572900227,9.84309106421074,10.488629329870705
1971-02-01,11.7,10.538980175040022,11.117565237869808,11.653843223613743
1971-03-01,13.1,14.948016212972325,15.628372608233427,16.18413527077758
1971-04-01,23.6,19.24483532207872,19.898206817413463,20.429414310904235
1971-05-01,26.7,23.897948771852455,24.496727880172777,25.103770220800378
1971-06-01,26.3,26.29340191905156,26.920516955743253,27.534800319944967
1971-07-01,29.8,27.889567205512265,28.488026308402546,29.15917173170053
1971-08-01,27.2,27.007421117069388,27.644100244297743,28.222240370182888
1971-09-01,23.9,23.70577880104113,24.307963919812295,24.94769034668261
1971-10-01,21.7,18.721814395970956,19.41993704784708,19.98541852292871
1971-11-01,13.1,13.016806747041985,13.745256827648626,14.350766732780365
1971-12-01,13.6,10.095656041000106,10.775377204830725,11.31808130094093
1972-01-01,9.9,9.218051464076906,9.834223092582672,10.45150941801573
1972-02-01,13.6,10.475953890241907,11.110472797627546,11.639500057210595
1972-03-01,18.9,14.910867444255532,15.618283036113024,16.201896291610428
1972-04-01,16.4,19.18878853986762,19.864295530943366,20.402496195414596
1972-05-01,22.4,23.803494657337847,24.487256166247747,25.04045535775017
1972-06-01,26.6,26.248407970171673,26.904402874380096,27.487980390968758
1972-07-01,31.8,27.8128700922859,28.484426938114655,29.093956899705894
1972-08-01,26.1,26.99972142205746,27.630924807219586,28.193397244918796
1972-09-01,21.9,23.619875442176934,24.304250114888255,24.954820104010317
1972-10-01,21.2,18.71895154205702,19.402757803229704,19.951534766838943
1972-11-01,13.9,13.021279070819,13.732109015672949,14.33833883480059
1972-12-01,12.0,10.113181011331793,10.747799422680067,11.271317228887947
1973-01-01,9.2,9.195438246449841,9.812097126857797,10.43986548969116
1973-02-01,9.3,10.49774179630716,11.109191691420314,11.69130564637572
1973-03-01,18.5,14.979809106615061,15.587198464230294,16.201309207274274
1973-04-01,17.7,19.256092171985433,19.883329386939874,20.41992719721108
1973-05-01,23.7,23.884068856937663,24.48751696025408,25.07701025510928
1973-06-01,29.8,26.34972552275555,26.93362275704643,27.526012778490983
1973-07-01,30.9,27.915100765285548,28.504566803651166,29.10001680113523
1973-08-01,29.6,27.08100708592542,27.662730362892066,28.227411667368315
1973-09-01,29.5,23.708858736434742,24.327980703210518,24.959496953586854
1973-10-01,22.0,18.763962810523115,19.418398185944696,19.995985715043062
1973-11-01,15.9,13.113059455899844,13.749779615907322,14.354139744190535
1973-12-01,11.3,10.123265212974225,10.778586097819595,11.334875506810759
1974-01-01,13.1,9.229963089820512,9.865701936799734,10.44411927105133
1974-02-01,13.5,10.562907381166365,11.113628640127452,11.72146784555231
1974-03-01,18.1,15.02920267171388,15.64006828385368,16.202317727066813
1974-04-01,21.2,19.24821611679483,19.903763401179322,20.42923565667998
1974-05-01,23.4,23.946139696309405,24.494706579049137,25.077134941815967
1974-06-01,25.6,26.319030621467988,26.930389610937553,27.551791271410615
1974-07-01,23.5,27.93736946375189,28.51904605565486,29.100631774778293
1974-08-01,30.0,27.111114152493844,27.66350005630087,28.21526009311381
1974-09-01,26.5,23.72489330440544,24.327498620132154,24.949432516496977
1974-10-01,13.1,18.79762700179237,19.412317004209797,20.009521049591044
1974-11-01,14.3,13.111095427380823,13.7517697088835,14.359321949887088
1974-12-01,13.6,10.132095305857765,10.815984762015104,11.347803499564149
1975-01-01,14.1,9.282088303425331,9.875263388136114,10.480326255314951
1975-02-01,12.8,10.58954233944845,11.162952087763049,11.74909035556477
1975-03-01,13.4,15.05145154171297,15.649677561532448,16.22893128556572
1975-04-01,22.3,19.26530505748989,19.935049487194803,20.504510220402313
1975-05-01,22.7,23.960596092944982,24.56465185114169,25.102618346762874
1975-06-01,27.1,26.380971893088663,26.98581110404347,27.57694558080515
1975-07-01,30.0,28.021464678648194,28.583036765986954,29.196019745046843
1975-08-01,33.7,27.103439523336053,27.723004287767512,28.275242501746266
1975-09-01,22.7,23.756115427687725,24.403624208610623,25.004632853814282
1975-10-01,18.8,18.78638394650803,19.491021633959907,20.051378140494553
1975-11-01,15.6,13.183736224237062,13.814430286999881,14.37814507783248
1975-12-01,9.9,10.148609152410586,10.853860006374521,11.455735882588082
1976-01-01,11.4,9.30229194093314,9.954820338092667,10.521506781652244
1976-02-01,14.4,10.573291861937506,11.214593211128541,11.79511453339895
1976-03-01,13.4,15.109176848891293,15.70427304668379,16.28049033500422
1976-04-01,20.9,19.303845334609562,19.963931559711572,20.544953258210384
1976-05-01,29.9,24.000912727970075,24.613878583829745,25.194029134883063
1976-06-01,33.9,26.368624671280944,27.037981222974835,27.60798370963388
1976-07-01,34.7,28.047708823855054,28.61481759479127,29.17175885946655
1976-08-01,29.9,27.13277796934025,27.770294824853146,28.316015698950594
1976-09-01,22.5,23.817542541060174,24.424502315619485,25.029673004614512
1976-10-01,22.3,18.85799825202927,19.527912324011012,20.0925769683258
1976-11-01,12.1,13.162403427895546,13.850271947946215,14.382711569851807
1976-12-01,8.5,10.170812326674563,10.876150207529433,11.444573083344588
1977-01-01,12.8,9.314227935487093,9.967614419835225,10.563081370635082
1977-02-01,13.0,10.605721629149258,11.211889145499352,11.735567557008833
1977-03-01,17.8,15.15362107027882,15.702080685846347,16.303890593474545
1977-04-01,17.2,19.320559891984463,19.987814121274383,20.564712435860184
1977-05-01,25.6,23.97426138524187,24.602629674522795,25.194882304710152
1977-06-01,29.6,26.45257083673815,27.020486941228484,27.61215166534319
1977-07-01,27.6,28.03774582875959,28.593297073411065,29.2229795251591
1977-08-01,24.3,27.177580906098562,27.75711442214016,28.2891705907502
1977-09-01,22.6,23.81222810877422,24.40146808428077,25.033787567199283
1977-10-01,21.7,18.906278598844157,19.52221608466497,20.06006082508369
1977-11-01,17.2,13.172772414484617,13.831820334317737,14.430511043498125
1977-12-01,14.8,10.196417008715578,10.885980939720893,11.44895028174635
1978-01-01,7.6,9.327553830908162,9.960528769234253,10.564534288425227
1978-02-01,15.2,10.60669064084543,11.2211048419297,11.77215019114619
1978-03-01,15.9,15.12615755860656,15.697797712034399,16.32819277584042
1978-04-01,20.7,19.364390989138478,19.991808559610227,20.581607570987547
1978-05-01,26.4,23.991476328591617,24.605553945900333,25.188317381866906
1978-06-01,27.5,26.367814075150534,27.04392838022585,27.641806238452602
1978-07-01,31.1,28.068681474700302,28.60933770828284,29.219406914907967
1978-08-01,25.9,27.189154676262746,27.787198771258915,28.32693653625513
1978-09-01,21.3,23.79291533560313,24.447477388388947,25.022384389106406
1978-10-01,23.1,18.94673941264003,19.54069159221767,20.076474870870026
1978-11-01,14.0,13.236041517574597,13.845539067325277,14.424340097042544
1978-12-01,14.8,10.25037581498735,10.892028830784724,11.480351424867395
1979-01-01,4.4,9.349959085754763,9.98163311501125,10.537952964623866
1979-02-01,8.5,10.622056491282262,11.242590968101329,11.772663303876843
1979-03-01,13.7,15.131344295891745,15.737510692139589,16.339363964205052
1979-04-01,21.0,19.370151499122677,20.043080542415613,20.61077176466425
1979-05-01,26.9,24.01878976466174,24.645657630305156,25.24445919150743
1979-06-01,26.8,26.41899944877948,27.081895695238615,27.688102822847043
1979-07-01,28.4,28.1043919231344,28.6758788583357,29.231937001032502
1979-08-01,26.0,27.236460239535457,27.862172698258377,28.38107565610202
1979-09-01,27.8,23.87119705244767,24.4905106564573,25.110488124392823
1979-10-01,23.1,18.99958309762563,19.61111483009134,20.15821737414751
1979-11-01,13.2,13.260139590329414,13.942789605505396,14.495436907125741
1979-12-01,13.6,10.278006406578191,10.964116020767383,11.538473672468617
1980-01-01,11.1,9.41809357709515,10.076508594952779,10.633438374629867
1980-02-01,13.3,10.696896288206007,11.321170543519688,11.911967625347167
1980-03-01,15.5,15.273336861669257,15.840339320048113,16.468124038576956
1980-04-01,22.1,19.545239161435102,20.127993545209627,20.699003379910035
1980-05-01,23.6,24.075050616788108,24.74146875150689,25.31730921493403
1980-06-01,27.2,26.54865500507057,27.181903072947357,27.719334735719016
1980-07-01,28.6,28.236172527228906,28.751162227792026,29.358405682086193
1980-08-01,29.9,27.34188524424524,27.95113985675298,28.507565781308266
1980-09-01,25.9,23.966934468105404,24.596270690789808,25.176663447876756
1980-10-01,19.1,19.091436014865536,19.709693568020747,20.28397927587669
1980-11-01,15.1,13.410103866018591,14.003114870803868,14.620494604571913
1980-12-01,12.7,10.372663790311568,11.048054815426497,11.61068749328028
1981-01-01,10.5,9.534101003155628,10.164506003261998,10.723872026925182
1981-02-01,10.3,10.842004537669702,11.416890022021999,12.017572035066703
1981-03-01,19.6,15.339887451073512,15.944177077890117,16.508972130687003
1981-04-01,21.0,19.640646623293843,20.202980248889318,20.780751798087067
1981-05-01,28.0,24.192675850843525,24.824483392277134,25.407554165938567
1981-06-01,26.2,26.665382935488275,27.251978489029423,27.830359513945265
1981-07-01,29.7,28.347762178776172,28.860356172429768,29.426982861521395
1981-08-01,29.6,27.454534063492275,28.031284402130325,28.628386048881833
1981-09-01,25.7,24.06363907648552,24.64896516928932,25.25501092885115
1981-10-01,19.7,19.238587225074884,19.7672237532816,20.30810634446188
1981-11-01,16.4,13.495182489167641,14.089448167677212,14.637868555862527
1981-12-01,9.8,10.489946227423816,11.133021115959576,11.714574017503342
1982-01-01,12.1,9.570843198267797,10.236234705319372,10.769290794416884
1982-02-01,13.4,10.907308851050741,11.481692228767272,12.061402302893368
1982-03-01,17.2,15.42002846199562,16.000270839825312,16.6125744273124
1982-04-01,20.5,19.743380032219417,20.26713946298637,20.84309191266704
1982-05-01,26.4,24.265636065723577,24.883409785959522,25.451351531032806
1982-06-01,28.1,26.740783322119384,27.32177073706785,27.889628319917318
1982-07-01,31.6,28.390760313615512,28.9245382086826,29.477482407226532
1982-08-01,28.7,27.536187904088706,28.096956508072672,28.66309670645837
1982-09-01,27.6,24.18065054399265,24.72183285460295,25.304682137045543
1982-10-01,19.3,19.278107237772367,19.831232922228793,20.366092541379423
1982-11-01,17.2,13.591933983370483,14.158820691385161,14.752728029441355
1982-12-01,12.7,10.614970263707214,11.19234572387452,11.803483612789348
1983-01-01,12.9,9.726997074151047,10.308774044736666,10.881227654634802
1983-02-01,10.8,10.988633456217801,11.543241130678949,12.10419290161154
1983-03-01,15.6,15.503741978455759,16.05519220127863,16.65660733492205
1983-04-01,20.0,19.757267198917305,20.337393281018326,20.93149513561255
1983-05-01,23.2,24.310170289764553,24.94168609215904,25.516103360419613
1983-06-01,27.2,26.805743041560433,27.372734964172203,27.916997693844955
1983-07-01,31.9,28.412917378442522,29.007934346328387,29.539968742210682
1983-08-01,30.2,27.58282565377159,28.14896208214585,28.727087636162405
1983-09-01,25.3,24.191338035183364,24.76982771871122,25.37344724422145
1983-10-01,25.4,19.378428028537336,19.902089615007238,20.44572671348061
1983-11-01,18.4,13.640585621594605,14.222427865241443,14.794166904676992
1983-12-01,13.4,10.629265973598756,11.245487523825984,11.833607312745626
1984-01-01,11.1,9.760034677740006,10.346388410687887,10.934675779804008
1984-02-01,9.8,11.053536825494861,11.612999175202521,12.183393944922248
1984-03-01,11.8,15.550136191742048,16.10424547731857,16.691974711349737
1984-04-01,23.0,19.810814237274773,20.38271206954538,20.964258175137992
1984-05-01,19.7,24.414677201274937,24.97457337695748,25.59128456993561
1984-06-01,28.2,26.834910891943895,27.433885738461452,28.023395514904166
1984-07-01,33.0,28.48924802039615,29.030442164561762,29.57849692812244
1984-08-01,29.4,27.661297405362888,28.196400411450515,28.778268269305634
1984-09-01,27.4,24.271813412397208,24.831832993125612,25.42196194149809
1984-10-01,19.0,19.388737485138634,19.957292114018443,20.531760723845874
1984-11-01,18.4,13.624678275197008,14.266732709754361,14.87980134916141
1984-12-01,14.0,10.722643559369674,11.309618486019037,11.92358750090767
1985-01-01,9.2,9.797492415430838,10.410364405025028,11.001366264685043
1985-02-01,12.3,11.12119769476312,11.685797530523331,12.250414967275496
1985-03-01,14.0,15.650188291562811,16.169114962099698,16.784940028483444
1985-04-01,24.3,19.901353586947312,20.4610294273242,21.03685044270237
1985-05-01,29.0,24.514498259451067,25.084471850062513,25.64574584847949
1985-06-01,29.7,26.92258428311676,27.501985664927282,28.06337784108212
1985-07-01,29.2,28.600966027958506,29.12181092127427,29.69885142940996
1985-08-01,28.8,27.742067614675438,28.270504738733955,28.899882353910407
1985-09-01,26.8,24.328540741528666,24.92372086825421,25.48353537267828
1985-10-01,26.6,19.512656696095785,20.036988459292473,20.624919168172017
1985-11-01,16.0,13.7284040971281,14.358653623380373,14.963384350080242
1985-12-01,14.6,10.766715760406086,11.370663612511963,11.992215397157999
1986-01-01,10.0,9.913333200048086,10.48786901945713,11.045183805198935
1986-02-01,3.2,11.218837283322038,11.739150784574186,12.315620571129976
1986-03-01,17.8,15.71209669154499,16.23036727267078,16.863271173574837
1986-04-01,16.2,19.996170607781256,20.52416034217822,21.115272591494588
1986-05-01,26.7,24.578753270581355,25.15777022606224,25.688184477008832
1986-06-01,30.0,27.039707218040682,27.58178902587167,28.155561384325793
1986-07-01,29.8,28.655868630777864,29.190735197164045,29.762533981640328
1986-08-01,34.0,27.823995545202415,28.370473425816844,28.946276982308415
1986-09-01,19.3,24.3144199550458,25.012515697309098,25.526908823866613
1986-10-01,23.8,19.582403103014883,20.12355242315528,20.688597561944114
1986-11-01,16.3,13.818625801583066,14.42263785915068,15.03928890258035
1986-12-01,13.1,10.910046910541269,11.474471059294842,12.093292382746231
1987-01-01,10.6,10.039818041550637,10.58924966238596,11.141955890296254
1987-02-01,12.4,11.260499073815602,11.84213394423687,12.41862446798048
1987-03-01,13.9,15.811081991115563,16.349119665544514,16.97447234211475
1987-04-01,24.6,20.054484574877133,20.657139541085012,21.228963103712097
1987-05-01,23.8,24.660894346808263,25.2464973241211,25.79454178640236
1987-06-01,30.3,27.12643932054384,27.691324752630422,28.276000390437538
1987-07-01,29.0,28.72484273738109,29.29983514153762,29.86168100946935
1987-08-01,30.5,27.844321078756366,28.467466467534564,29.095371069358546
1987-09-01,27.3,24.465192459351098,25.099791907433314,25.721720930695668
1987-10-01,20.6,19.61418121604434,20.24572794407253,20.816290700021057
1987-11-01,13.9,13.959039244799913,14.554153255143701,15.192850919743522
1987-12-01,14.5,11.000420317436987,11.585097707966614,12.255310535968043
1988-01-01,12.8,10.14554514953006,10.708968431926653,11.298005523984745
1988-02-01,13.0,11.42433219630549,11.942126454092268,12.60524555204733
1988-03-01,13.8,15.920428860267196,16.473068948278858,17.082725503965666
1988-04-01,24.8,20.188465604458937,20.77472086528539,21.339353641217652
1988-05-01,25.3,24.763056693290768,25.375140671486328,25.990066074152935
1988-06-01,25.7,27.236062716551537,27.807574579426245,28.378273365021034
1988-07-01,28.2,28.88659610071067,29.4478197258305,30.014206959637235
1988-08-01,28.4,27.96807539489468,28.585563396678957,29.217492143712352
1988-09-01,24.3,24.550341575439,25.232519366156104,25.839846273395075
1988-10-01,21.2,19.719933097637615,20.36257501677806,20.943427566352785
1988-11-01,14.6,14.005155845493466,14.685973709136796,15.307651468243309
1988-12-01,12.2,11.142172026936683,11.718199678246929,12.318294703543614
1989-01-01,10.9,10.260560275212512,10.81703713059085,11.455678629332043
1989-02-01,13.9,11.541791905673163,12.101293138462102,12.69761178318582
1989-03-01,21.7,16.060559934124246,16.61274229931712,17.25908778158336
1989-04-01,16.2,20.2969240633771,20.890356503608086,21.543532691369222
1989-05-01,28.7,24.9037267930569,25.509349288681697,26.116330735931534
1989-06-01,28.8,27.396358718248575,27.96314155718294,28.49471522366674
1989-07-01,35.7,29.009650959206976,29.562148639350553,30.19700381013062
1989-08-01,30.3,28.08588796961715,28.76682153817329,29.41591926870216
1989-09-01,27.3,24.716997609744883,25.378707851641458,26.004111722925032
1989-10-01,21.4,19.91331085255973,20.504731848935243,21.086181722955082
1989-11-01,15.9,14.194143728813328,14.827506036868135,15.46133876614225
1989-12-01,16.7,11.25449073041525,11.879028594368345,12.500011660321391
1990-01-01,13.4,10.37045480708337,10.975865082532188,11.621076427043054
1990-02-01,18.3,11.644612938873848,12.228312934403966,12.866180374270547
1990-03-01,22.5,16.1927224266957,16.75512548259853,17.384121717486238
1990-04-01,22.0,20.45676581774508,21.00793750711203,21.653312750542472
1990-05-01,27.6,25.01803913418787,25.621519288584196,26.301069148980726
1990-06-01,29.2,27.452443822125474,28.070504734962338,28.617261237697157
1990-07-01,30.5,29.06799014278553,29.658723005192172,30.27090098464805
1990-08-01,35.3,28.19218517205424,28.84052834994274,29.47813682278728
1990-09-01,24.2,24.8108442548303,25.439908901956098,26.066861170590666
1990-10-01,25.7,19.934913408231232,20.568233186417714,21.181481210508785
1990-11-01,13.5,14.25762898844424,14.904368192163174,15.524622051778307
1990-12-01,11.2,11.264628705421153,11.903819448830374,12.535665082785592
1991-01-01,13.5,10.415506921178984,11.011826416911415,11.662547372491487
1991-02-01,16.6,11.67612870863505,12.264821625122895,12.883801009508248
1991-03-01,19.7,16.21999773695303,16.757795706177212,17.43647540242314
1991-04-01,23.9,20.461517601960836,21.062974951142436,21.629871854941726
1991-05-01,23.7,25.024153217736643,25.629189273108956,26.283002704436974
1991-06-01,22.4,27.493456247104866,28.059192503064708,28.649672102469776
1991-07-01,32.8,29.09775322685057,29.66520468817371,30.30908412649106
1991-08-01,30.8,28.25985662810134,28.83210946627716,29.512547946802886
1991-09-01,28.4,24.835422218123878,25.46851879030443,26.094655645380232
1991-10-01,23.0,19.98886218159876,20.596938768159816,21.18967705343708
1991-11-01,15.2,14.31066893518265,14.885049034386586,15.549307943382141
1991-12-01,12.7,11.343301808782073,11.89291761219797,12.561404693365908
1992-01-01,12.2,10.44472131493099,11.02822039805148,11.604734656113662
1992-02-01,16.8,11.74571343314459,12.270372660808238,12.874868484961231
1992-03-01,16.6,16.23186028899937,16.7727916691814,17.387014876108946
1992-04-01,18.6,20.418399079663157,21.057253352355115,21.632232778587564
1992-05-01,30.3,25.046745099719658,25.644134139996837,26.231100692825116
1992-06-01,28.2,27.5030333455726,28.074730497523326,28.587041746815256
1992-07-01,29.6,29.096894911482295,29.664096939781942,30.23476166777192
1992-08-01,31.7,28.275080799088382,28.822271101914446,29.48755734164246
1992-09-01,25.8,24.83547976612884,25.455810227499043,26.011065408138162
1992-10-01,17.3,19.990863691092265,20.548558745633596,21.17078277080414
1992-11-01,14.4,14.24063495019335,14.872761534035188,15.534402549990412
1992-12-01,12.1,11.295439898465245,11.889565776094507,12.492248034821406
1993-01-01,14.8,10.421888821770276,11.019167763033536,11.576506027891032
1993-02-01,10.6,11.718959772029539,12.253146740465679,12.853519535963477
1993-03-01,18.7,16.179895417597738,16.77054512548766,17.378162988850335
1993-04-01,26.2,20.46672553668817,21.058169426940708,21.591373931722735
1993-05-01,27.3,25.049391165202042,25.636822096895244,26.22618684334911
1993-06-01,29.8,27.485043782901542,28.087919835279763,28.647175928532455
1993-07-01,27.8,29.073364856139136,29.68012198511783,30.22489645360355
1993-08-01,25.0,28.253947529002538,28.841856203283655,29.444952302946923
1993-09-01,25.4,24.848998897352264,25.4519816010089,26.06659556449489
1993-10-01,18.6,20.006604280329423,20.57598739432388,21.203640121043748
1993-11-01,17.9,14.285100504145078,14.89509451268281,15.458437774565361
1993-12-01,12.7,11.312415446605785,11.935440549734894,12.473394103515249
1994-01-01,12.9,10.44029268619097,11.065108563166794,11.596603089116087
1994-02-01,12.2,11.74654032460974,12.280376450302526,12.87657171335868
1994-03-01,19.7,16.210232682971327,16.798810067286468,17.405913526474425
1994-04-01,23.0,20.478478916364597,21.082356602478825,21.6326608356362
1994-05-01,23.4,25.065022216022935,25.673436234189765,26.278021006602295
1994-06-01,30.0,27.4615349082138,28.110596563745542,28.6488021320327
1994-07-01,33.0,29.118599542351234,29.71271567193341,30.269618968950354
1994-08-01,33.9,28.22901365924402,28.894537255362817,29.55208802935148
1994-09-01,21.7,24.845624696722556,25.50431387688147,26.025300568397675
1994-10-01,20.2,20.021530698385405,20.593589976001567,21.245723811710004
1994-11-01,20.2,14.3298432122229,14.955927747029415,15.501368357200517
1994-12-01,14.0,11.259642870612293,11.979004495933147,12.539584827063372
1995-01-01,11.9,10.447309506979586,11.084771328681576,11.634502066893704
1995-02-01,13.6,11.75076203350098,12.316024204715404,12.91905185859015
1995-03-01,16.2,16.23151254300155,16.841241077285616,17.41624836087233
1995-04-01,21.2,20.513184382627962,21.097710392021405,21.69858088962717
1995-05-01,26.8,25.064585788742296,25.694028990004348,26.28520702838549
1995-06-01,30.0,27.497026627775,28.156675361805693,28.67805257930804
1995-07-01,34.0,29.138160770141276,29.72895674068724,30.329046050822793
1995-08-01,32.8,28.27586482539736,28.913396273082785,29.610511494406623
1995-09-01,21.2,24.90293419847906,25.51464500459536,26.083474378033646
1995-10-01,24.7,20.033960005331394,20.62956854651442,21.2670321572375
1995-11-01,20.3,14.353465545175698,14.96960712143249,15.554303967404987
1995-12-01,11.1,11.364494806224792,11.971432667115865,12.553054507432243
1996-01-01,13.8,10.482000399138903,11.088743173146575,11.706935143690473
1996-02-01,10.8,11.722568457286338,12.320813271825863,12.911093216200822
1996-03-01,14.3,16.280426738660434,16.837475623574527,17.443239956072453
1996-04-01,24.8,20.516104666071797,21.108378963429367,21.712304231342756
1996-05-01,27.6,25.138830820771926,25.69477127721131,26.29827812244176
1996-06-01,32.9,27.57119029927039,28.14193067541878,28.72247356339489
1996-07-01,29.4,29.191543344739323,29.72312379027086,30.33722830262461
1996-08-01,29.9,28.2935796034108,28.90426481348694,29.617667415829626
1996-09-01,20.3,24.90847889223049,25.506708190589933,26.071225730665866
1996-10-01,21.6,20.079054672883196,20.637709430961998,21.271344119207498
1996-11-01,14.3,14.360438608562086,14.960343871637367,15.563646744556952
1996-12-01,11.4,11.33594431763723,11.993279859786806,12.588137510200514
1997-01-01,12.5,10.504372041961297,11.110647450351479,11.677934366902718
1997-02-01,15.9,11.75413153606869,12.330700767888018,12.909597972032836
1997-03-01,17.1,16.298192146238005,16.855059281191274,17.440715740985155
1997-04-01,18.2,20.525541341722075,21.129626022837602,21.76414413869
1997-05-01,27.0,25.13477923377689,25.716200153533276,26.313560209876535
1997-06-01,28.0,27.53885651460948,28.184165284181603,28.776724940882122
1997-07-01,26.7,29.242090936168093,29.792676638742023,30.337392751614193
1997-08-01,31.9,28.34649288563055,28.94736726102994,29.632174277009156
1997-09-01,24.5,24.912286373107417,25.537684586580717,26.112350265658236
1997-10-01,23.8,20.095138558820736,20.67662614175721,21.28639421682415
1997-11-01,14.5,14.362562588622096,15.019253507956147,15.614241725714429
1997-12-01,14.0,11.386050008083838,12.050209778848064,12.615785821687972
1998-01-01,13.1,10.558958223253393,11.155776024261357,11.746454173645784
1998-02-01,17.2,11.827795285136961,12.39473643113632,12.98134804350403
1998-03-01,21.0,16.28556580760567,16.922108679045124,17.547075020049384
1998-04-01,22.4,20.633239233419012,21.203381899556216,21.790895901922685
1998-05-01,31.0,25.149952769018945,25.809742376536843,26.386421321182645
1998-06-01,29.4,27.651784307171674,28.228787044303974,28.78755219574553
1998-07-01,30.7,29.272005872372883,29.83840680649621,30.42963620373809
1998-08-01,33.5,28.387328637945828,29.019930086296938,29.689417954879772
1998-09-01,23.2,24.947820630497915,25.606449023053344,26.187532513336276
1998-10-01,18.0,20.0806728564299,20.72999706910678,21.27829859920616
1998-11-01,14.8,14.462863016115138,15.041838026923484,15.66775018040546
1998-12-01,13.2,11.40169772142017,12.068433895048603,12.637879340940207
1999-01-01,14.5,10.525149269635069,11.17641871987488,11.771473565313979
1999-02-01,11.0,11.831263220661766,12.425346872079473,12.969419158351132
1999-03-01,18.6,16.32247206870501,16.93130954521058,17.55060958792176
1999-04-01,20.3,20.640119481187984,21.198994615346113,21.80800467642527
1999-05-01,29.5,25.137271273736374,25.79821864872421,26.408675499926677
1999-06-01,25.5,27.63433068301722,28.25061520825978,28.803545673437604
1999-07-01,29.4,29.267872250993758,29.825710198874717,30.43566365957325
1999-08-01,30.7,28.411236331685014,29.019070191500912,29.691321308056835
1999-09-01,29.1,24.949143926108746,25.614708513559023,26.184119169213904
1999-10-01,20.7,20.11746219020211,20.75317358877917,21.29710761535387
1999-11-01,17.3,14.454163463042713,15.07214574355238,15.679956518807938
1999-12-01,11.5,11.403423267804307,12.09503846086932,12.657734196405904
2000-01-01,10.4,10.592391315600103,11.197470674559057,11.831712590928086
2000-02-01,14.3,11.922811567867107,12.425413597470406,12.998931663204464
2000-03-01,16.2,16.34440724279906,16.965519235870566,17.546623911356047
2000-04-01,21.2,20.6681414105926,21.26812949937056,21.89126301726946
2000-05-01,27.8,25.229599949519297,25.84269723892363,26.465540734565515
2000-06-01,31.8,27.659398126301713,28.259986628923663,28.860135340725503
2000-07-01,25.1,29.290736663765987,29.8689814858482,30.48723877195614
2000-08-01,29.6,28.47726458057422,29.04917194821768,29.763615628909847
2000-09-01,26.0,25.094404794250224,25.64947580980597,26.219961013067092
2000-10-01,20.7,20.171410819903663,20.79270182143813,21.373063071735178
2000-11-01,15.0,14.539543517112293,15.103360839866378,15.71105159091973
2000-12-01,15.8,11.472143542508066,12.145280544719515,12.737794207699611
2001-01-01,12.6,10.646261406458542,11.23405619831199,11.892562114858494
2001-02-01,14.0,11.980353618375934,12.489856028699418,13.09840596976268
2001-03-01,16.6,16.415532053893553,17.007629169670842,17.597858350928327
2001-04-01,22.6,20.74868677213288,21.296571925711902,21.92066844443485
2001-05-01,25.9,25.220288243397185,25.886337142177727,26.489127221554384
2001-06-01,31.4,27.769758695066898,28.34057797540207,28.904152669625496
2001-07-01,31.1,29.382152429124638,29.93441667822845,30.576163668999033
2001-08-01,32.7,28.515506908192354,29.11714757092558,29.846090702012145
2001-09-01,21.1,25.141697033454616,25.708024437653233,26.295545772828483
2001-10-01,24.8,20.303228809081084,20.83002570560889,21.409182168515233
2001-11-01,13.8,14.619606635045487,15.185131284761294,15.766281322621632
2001-12-01,13.5,11.531578620578767,12.194619753226796,12.761037657648956
2002-01-01,13.6,10.72821000331555,11.309208338147494,11.932665181151004
2002-02-01,15.3,11.996443306837426,12.555684733702023,13.127890550335929
2002-03-01,16.9,16.48833991233993,17.073323890360157,17.665334503754956
2002-04-01,21.2,20.830047150059524,21.342983507055934,21.991759708892204
2002-05-01,24.7,25.275210485026708,25.942683293121036,26.583524409112787
2002-06-01,31.5,27.837225113810046,28.395618647299184,28.96978826125952
2002-07-01,32.2,29.438796638935916,30.013691613803196,30.577771887814745
2002-08-01,29.5,28.587972442705226,29.158181840427964,29.849850007965667
2002-09-01,22.8,25.151399625413283,25.784882779773938,26.356062493941725
2002-10-01,20.1,20.32240227855516,20.92265878574421,21.47008479258727
2002-11-01,15.8,14.675980235886684,15.245626441702473,15.872899828972876
2002-12-01,12.6,11.62118850118426,12.278954531637002,12.81203407754593
2003-01-01,13.1,10.796051172881926,11.379137061516692,11.972629300845572
2003-02-01,16.4,12.077226576630823,12.603963043273904,13.182177715109408
2003-03-01,20.8,16.578067562099218,17.149486215980822,17.722841744431165
2003-04-01,24.9,20.88427557869911,21.435478806681097,22.04737714325758
2003-05-01,27.3,25.34833912205182,26.009299553934518,26.667989941589965
2003-06-01,28.1,27.857187254358912,28.447736928029922,29.05321524493449
2003-07-01,31.7,29.48967123821511,30.09736933611205,30.661223488750704
2003-08-01,33.8,28.59901112741509,29.21785462781927,29.90845695355271
2003-09-01,29.4,25.140613623566853,25.84993489272508,26.418503169090492
2003-10-01,18.3,20.38425402002068,20.984568980961406,21.549777824099817
2003-11-01,16.2,14.698786965781022,15.279769279376042,15.918267033085716
2003-12-01,12.8,11.633427741122357,12.322480044891945,12.876846280841162
2004-01-01,11.6,10.883273985997814,11.420474076761007,12.017915297173449
2004-02-01,16.5,12.123905897847214,12.656795838193567,13.258215035899054
2004-03-01,21.7,16.587656182427246,17.18761768996476,17.765171082146487
2004-04-01,21.1,20.87630298136236,21.458940096341035,22.0660284547427
2004-05-01,24.0,25.334997725870604,26.062060638939208,26.65844568163354
2004-06-01,29.7,27.858343910540984,28.504179661001476,29.103330104025755
2004-07-01,29.0,29.53387939743164,30.100744103715986,30.67450095518071
2004-08-01,30.2,28.67373730392436,29.235510157014325,29.915210677245778
2004-09-01,26.7,25.210874278614167,25.856359500687375,26.47307377474084
2004-10-01,21.2,20.42838606147618,20.98397608511339,21.57670420554382
2004-11-01,13.3,14.730785171989487,15.316078626031281,15.947529900681648
2004-12-01,11.4,11.665201871857166,12.35670983392169,12.92008340658247
2005-01-01,13.6,10.926497565295673,11.458691187163879,12.06380340277972
2005-02-01,11.8,12.151790958901623,12.706947173766594,13.306811305590639
2005-03-01,20.7,16.62452347946515,17.23731158710955,17.765330533715353
2005-04-01,21.6,20.970330380821053,21.52064676321861,22.138347076800354
2005-05-01,31.7,25.449194407885408,26.10255231831247,26.70422703228846
2005-06-01,32.9,27.919898719416672,28.514408808955533,29.158200698431067
2005-07-01,29.1,29.571450043033504,30.147103340995134,30.754031812098187
2005-08-01,30.7,28.70830779380128,29.29164330268436,29.936223320698975
2005-09-01,29.0,25.280540324701,25.91258348750621,26.536780045478967
2005-10-01,23.4,20.407792631119925,21.04038133517262,21.61086689924715
2005-11-01,18.7,14.765082766461159,15.352094029902464,15.956701788143182
2005-12-01,9.4,11.677474382965654,12.372845278343977,12.979533890681411
2006-01-01,10.2,10.868631849394411,11.494575008796993,12.086753718274448
2006-02-01,10.6,12.17759061443457,12.724937084136396,13.348554520284646
2006-03-01,18.5,16.601716972131904,17.252056696821462,17.84014743162452
2006-04-01,21.3,20.98280891226645,21.518356111674315,22.10171957400105
2006-05-01,25.8,25.44040670532582,26.119577387735468,26.70529367500041
2006-06-01,31.3,27.949819038287696,28.55697519100278,29.166819328507422
2006-07-01,36.2,29.603998450507838,30.1698692374031,30.712467624311724
2006-08-01,24.0,28.76365008365916,29.3227386570003,29.937332778085157
2006-09-01,29.5,25.286042769827,25.962329305689373,26.51113275639014
2006-10-01,22.4,20.478266470245856,21.077746726308114,21.648749515265852
2006-11-01,18.5,14.775917408046435,15.39961781184182,15.985818816000721
2006-12-01,15.3,11.722715841290174,12.414577825390408,12.985661828212992
2007-01-01,14.9,10.930073915957909,11.522230515122093,12.10709085564702
2007-02-01,16.2,12.243303992208038,12.752741289082108,13.366515479692612
2007-03-01,18.1,16.651785648149936,17.290967129748495,17.93296568545381
2007-04-01,28.7,20.978355811977874,21.564501398381413,22.180627698182217
2007-05-01,26.0,25.433662421253977,26.144877385918328,26.701824628943715
2007-06-01,28.1,27.971636082923407,28.577847576070027,29.233452109469106
2007-07-01,30.7,29.600523894991312,30.188613096806684,30.787514780025354
2007-08-01,30.9,28.736385457064895,29.345671443671048,29.98544809515282
2007-09-01,22.0,25.2686215106823,25.95746712548049,26.51366965075108
2007-10-01,19.3,20.50462258239339,21.093193483703615,21.661823754787886
2007-11-01,13.8,14.760898438380664,15.408913429630468,15.97922080181539
2007-12-01,13.1,11.749817354000296,12.39262415128495,13.055008163713593
2008-01-01,12.7,10.956613013167276,11.501460266354584,12.12221419633615
2008-02-01,17.1,12.207476511801985,12.737818629957717,13.346724124633939
2008-03-01,14.9,16.680713212839727,17.280523320351655,17.895036377558515
2008-04-01,23.7,20.95338339711615,21.55580342037542,22.160962262179954
2008-05-01,26.8,25.48400037434977,26.158460353818285,26.659426983508023
2008-06-01,27.5,27.905306048830816,28.5712937155983,29.215276336545188
2008-07-01,31.0,29.62834684018334,30.19837023018016,30.79390050128849
2008-08-01,28.7,28.7075708640669,29.333112806518436,30.003934322262335
2008-09-01,27.2,25.299182102715505,25.959975763221376,26.493694826460167
2008-10-01,22.3,20.483661968387587,21.082439629298158,21.63602427542634
2008-11-01,15.6,14.80028526393829,15.411729498910272,16.002208039554727
2008-12-01,11.6,11.772243430008054,12.392488725209262,13.01638687601704
2009-01-01,10.1,10.89504448094486,11.536716670375952,12.122339317907985
2009-02-01,11.0,12.181220742279072,12.75894572047136,13.37326140827619
2009-03-01,14.7,16.620149908314,17.29736924758324,17.891106787966265
2009-04-01,24.4,20.951775148294892,21.59884767479962,22.24358398140844
2009-05-01,27.0,25.444359745081083,26.19333585282208,26.709784082654576
2009-06-01,28.4,28.01696352730785,28.61415412562327,29.202843506370204
2009-07-01,30.7,29.64822087626957,30.221663485267356,30.818993467700444
2009-08-01,33.4,28.749140363106502,29.38597844943684,30.0595979316454
2009-09-01,28.9,25.346762106600895,25.993322952868027,26.57760364421975
2009-10-01,19.9,20.489433602735737,21.121446244820426,21.69041239509134
2009-11-01,17.6,14.826907752295323,15.475443578992731,16.059720626832956
2009-12-01,12.4,11.818053627408908,12.43863203360499,13.065505592014523
2010-01-01,8.1,10.94650754748697,11.595173012888512,12.183829845103903
2010-02-01,12.0,12.227939276902879,12.829293467738172,13.402709919849322
2010-03-01,19.8,16.731902489673185,17.35471432076219,17.95670926695872
2010-04-01,25.6,21.00168981763049,21.653267603558845,22.267334073955983
2010-05-01,25.9,25.466152785038574,26.238726220251014,26.77261042310018
2010-06-01,29.3,28.060232077476744,28.701393553241104,29.255340047275656
2010-07-01,33.9,29.686833697822294,30.283138096387404,30.831261980094922
2010-08-01,27.9,28.81564737386616,29.439381282392084,30.086740411493032
2010-09-01,23.7,25.43095115046829,26.063820597594685,26.630814231711994
2010-10-01,23.1,20.601375288290214,21.19207920212539,21.75976865944895
2010-11-01,16.1,14.894666596400432,15.52587067212835,16.090632392592788
2010-12-01,6.6,11.89324173821818,12.526914007279915,13.113247146390062
2011-01-01,13.0,11.07290092501925,11.661243950811333,12.189328711333523
2011-02-01,13.2,12.29843554850178,12.896240429635313,13.473536021909133
2011-03-01,18.3,16.85671548931298,17.445601838491285,17.98537128962921
2011-04-01,26.4,21.137382307905124,21.741687996786162,22.365328943868697
2011-05-01,28.3,25.58720765038472,26.34563009837465,26.89181058018912
2011-06-01,34.2,28.138015525156103,28.799311215215276,29.346372984282524
2011-07-01,27.0,29.84805386120285,30.409400692552467,30.921811639729658
2011-08-01,29.3,28.960593524127656,29.547195712375654,30.162338467143176
2011-09-01,29.7,25.53967538458274,26.195305831598386,26.72664433336659
2011-10-01,26.9,20.76412515541862,21.292840508725035,21.864412448967073
2011-11-01,18.6,14.967635425088465,15.64062521459186,16.18195053042906
2011-12-01,12.3,12.00766266892317,12.64453319919216,13.293118539233962
2012-01-01,13.6,11.200170299281199,11.786712883346318,12.318987605632987
2012-02-01,10.9,12.449135803880464,13.005417994892,13.54844945498762
2012-03-01,20.6,16.976510420398863,17.51977198328916,18.09221770433631
2012-04-01,21.0,21.210138119649148,21.82333897143112,22.406243651728392
2012-05-01,28.6,25.671381451838222,26.409944199807995,26.938134478177865
2012-06-01,30.2,28.28707711764988,28.854792149700994,29.41874508207361
2012-07-01,29.1,29.94604120727135,30.48270911075738,31.028539828328217
2012-08-01,35.0,28.94615319582317,29.627168104267568,30.22838822343924
2012-09-01,29.1,25.620708746209008,26.25677115197675,26.76308474153555
2012-10-01,24.5,20.84451424951937,21.353494193624535,21.912548365983497
2012-11-01,13.9,15.029841118214403,15.71987125733181,16.26183050156159
2012-12-01,12.8,12.019201149297892,12.718716038338703,13.305109263955357
2013-01-01,13.9,11.274744735487609,11.811050409959911,12.400038659393738
2013-02-01,9.1,12.503763690018857,13.07202800397942,13.599812161440834
2013-03-01,19.1,16.978091820540996,17.58236558544199,18.12637934852561
2013-04-01,24.2,21.26697033877505,21.865484481544776,22.508778635436716
2013-05-01,22.0,25.769456434918403,26.457295594472072,26.991821950190552
2013-06-01,29.0,28.36491157175726,28.907972203526434,29.481044105662093
2013-07-01,32.4,30.00063120846881,30.53535031365353,31.048798673540254
2013-08-01,33.9,29.031454612011323,29.65347638646274,30.352681777519162
2013-09-01,31.6,25.7000196685787,26.318558674774483,26.80570403475035
2013-10-01,22.7,20.888716143096797,21.39396804580678,21.993767239021224
2013-11-01,14.1,15.132596214616836,15.741998511937393,16.360061954852295
2013-12-01,13.2,12.103223738696418,12.75919440625404,13.317665444174532
2014-01-01,13.8,11.291088648983216,11.890121851447951,12.461455059426877
2014-02-01,13.6,12.556055480835512,13.124076465636545,13.70462241909118
2014-03-01,21.9,17.053111537833317,17.640070420989822,18.260875728495964
2014-04-01,23.2,21.283994150578437,21.937861485431835,22.585566098199553
2014-05-01,25.4,25.78411504076031,26.524771834353203,27.110105957130536
2014-06-01,27.4,28.407266489450855,28.95971850694344,29.589841991379394
2014-07-01,32.9,30.0490603265444,30.5984501107841,31.14643128937757
2014-08-01,26.2,29.083502538839515,29.72068995872541,30.42023548265942
2014-09-01,25.7,25.736434340776093,26.396075362262568,26.8763365852192
2014-10-01,24.1,20.893258233578464,21.479815007843754,22.037083408286993
2014-11-01,20.0,15.194222962795784,15.821205954463819,16.46470628883797
2014-12-01,12.1,12.133028473243046,12.835141420828078,13.45561266187564
2015-01-01,13.5,11.367036700906041,11.955006123214801,12.536165574211823
2015-02-01,11.3,12.66401132270255,13.20063658215707,13.837489288974403
2015-03-01,17.9,17.117074131617336,17.72055898031279,18.33402888323706
2015-04-01,24.5,21.431747759315876,22.022565367292568,22.67970580005444
2015-05-01,25.2,25.906831699107773,26.616680965336897,27.197645399037178
2015-06-01,32.6,28.468112221372042,29.0517318998864,29.680634364403726
2015-07-01,34.5,30.129701318684777,30.680434347616195,31.294512410583
2015-08-01,31.9,29.226368643964545,29.804788501159386,30.458089354671557
2015-09-01,21.1,25.795923189706432,26.49185135741634,27.00740402093826
2015-10-01,20.2,21.005519051553048,21.563239721826136,22.163962997913746
2015-11-01,20.8,15.288376997454144,15.916717636600794,16.55094709355564
2015-12-01,16.0,12.304300593077954,12.927691171700523,13.586460142419904
2016-01-01,14.9,11.461029672230396,12.063599042681938,12.7000954748874
2016-02-01,11.7,12.764729117105341,13.289056920369074,13.916831001895503
2016-03-01,14.6,17.222105969056933,17.815110029357044,18.452645971034084
2016-04-01,19.6,21.50902332050498,22.122136179954097,22.809127923943414
2016-05-01,25.9,25.9584185555339,26.68801338377506,27.34291028850848
2016-06-01,29.3,28.554335662379156,29.163209548734358,29.783137626141507
2016-07-01,31.6,30.245266549321848,30.798335075170577,31.408100767947555
2016-08-01,32.5,29.34743969464817,29.91475805170356,30.578677983920606
2016-09-01,31.2,25.970746784712997,26.602027058276576,27.117785072908454
2016-10-01,19.9,21.092690226245217,21.713849922349517,22.310158083072327
2016-11-01,14.7,15.433146729970517,16.0400158133939,16.640057651248984
2016-12-01,12.7,12.410082236997441,13.070963013960366,13.671984734544237
2017-01-01,11.3,11.637360468907461,12.190796880993162,12.772284917443535
2017-02-01,15.8,12.900045879673591,13.463315537892267,14.044808353016919
2017-03-01,21.8,17.420945214329503,17.969887999544603,18.550734083387088
2017-04-01,22.8,21.706959927833783,22.277766010195464,22.967736357188134
2017-05-01,31.1,26.2055821479265,26.87436958314703,27.43381692755225
2017-06-01,32.4,28.750366908739018,29.333829165116185,30.008909301716457
2017-07-01,29.5,30.40480663462279,30.946808175825606,31.573983825440166
2017-08-01,31.2,29.54305587426989,30.09321794026009,30.7430445914866
2017-09-01,24.2,26.152737376075965,26.744349161713927,27.276843827111207
2017-10-01,25.7,21.28133249268082,21.85733096034657,22.514354675436213
2017-11-01,15.0,15.58328328014735,16.198301744207086,16.849465456655373
2017-12-01,13.8,12.584402503962105,13.223028264961794,13.844593513501204
2018-01-01,12.9,11.777561562689606,12.350261761697741,12.946016521540333
2018-02-01,10.8,13.022000496841105,13.619535793486449,14.204719782357772
2018-03-01,16.0,17.57715660592576,18.135072817863236,18.738308767587533
2018-04-01,28.1,21.833026381356962,22.429266845580777,23.08974031993922
2018-05-01,28.7,26.33477116908413,27.02753747545652,27.64247479860128
2018-06-01,29.7,28.890492770367295,29.46621322288742,30.104912835378087
2018-07-01,35.4,30.537697504659214,31.120062816425254,31.71502237183211
2018-08-01,34.8,29.626585250431983,30.25197064849362,30.927229273443047
2018-09-01,26.1,26.274456496380836,26.92143216079623,27.478168999725238
2018-10-01,25.6,21.418811612073004,22.01585808255115,22.666152526808137
2018-11-01,19.2,15.73838154237468,16.34954043529435,17.00888301490305
2018-12-01,13.7,12.70708087936104,13.370734197402383,14.07317192125503
2019-01-01,9.5,11.892906613778703,12.503329727683063,13.13952448886081
2019-02-01,20.2,13.18713617091725,13.769466325148453,14.418329248792196
2019-03-01,18.8,17.70497523575143,18.262758336865453,18.92331973605283
2019-04-01,25.2,21.957186530202954,22.572489972831985,23.24076839045686
2019-05-01,22.2,26.43085632162643,27.16073575158466,27.796906760843154
2019-06-01,32.6,28.94755010784017,29.616162910402437,30.274442209151776
2019-07-01,39.7,30.648710365629146,31.251563845164135,31.917206747448226
2019-08-01,33.3,29.735875051346756,30.380654662800225,31.076493433137404
2019-09-01,27.1,26.403220864596687,27.038896071292456,27.578584402562697
2019-10-01,23.2,21.51073819003443,22.112637369571296,22.80831161290298
2019-11-01,14.7,15.820572572783268,16.45684209607237,17.122598707148445
2019-12-01,15.4,12.826153927192669,13.48212506538724,14.173187044152682
2020-01-01,12.4,11.948463399082788,12.594420012263262,13.231983418923646
2020-02-01,16.6,13.273950829629873,13.869492212368241,14.475235738249014
2020-03-01,16.7,17.772672628596347,18.36281286704484,19.00425199462758
2020-04-01,24.1,22.031064283436407,22.64976916074133,23.32791797579223
2020-05-01,27.2,26.500087881554474,27.218352160165864,27.941657386453425
2020-06-01,29.9,28.99337549954156,29.677501273412712,30.342457515250445
2020-07-01,36.5,30.669072248631203,31.302103149884683,31.98808128552758
2020-08-01,35.9,29.752027130800563,30.41931515167652,31.13136815340727
2020-09-01,34.3,26.37135601354968,27.07347187956582,27.63616374169243
2020-10-01,20.8,21.54214305148978,22.165170699232355,22.822351726946575
2020-11-01,19.1,15.875233521797583,16.483172442335174,17.23090706398131
2020-12-01,13.8,12.871253762152872,13.48066207821799,14.201733784345516
2021-01-01,11.3,11.978889841664358,12.603363801236728,13.290700634639284
2021-02-01,18.7,13.196410200732057,13.853388571460854,14.513396552547784
2021-03-01,23.9,17.787752760856442,18.360666231493987,19.066363829790753
2021-04-01,21.0,21.974377286723968,22.67773257463659,23.367938469189088
2021-05-01,25.6,26.450887445928142,27.19187650835209,27.872454186563083
2021-06-01,29.5,28.962417656548215,29.66508578088437,30.323884264532595
2021-07-01,26.5,30.666246977758078,31.286234542601925,31.919125740955714
2021-08-01,27.0,29.728868859625994,30.415869539829067,31.146197447025877
2021-09-01,27.5,26.37295266159275,27.075853178234958,27.674893009485455
2021-10-01,18.9,21.467151514945012,22.180672739678585,22.823714688711576
2021-11-01,12.8,15.80394360082929,16.499833520820154,17.211920361431307
2021-12-01,14.2,12.818091806550692,13.51252437450883,14.220610530481082
2022-01-01,14.3,11.870425717771276,12.6329152312174,13.319142779448114
2022-02-01,13.1,13.214599624147276,13.895035169978936,14.582429193618669
2022-03-01,19.8,17.728264612078487,18.400694650540114,19.100656455976594
2022-04-01,20.8,21.970125135670767,22.68919500560857,23.443214707725428
2022-05-01,27.1,26.456540477559297,27.24861578444299,28.053797950462826
2022-06-01,32.6,29.005927938185962,29.758010319721436,30.472653449578353
2022-07-01,38.1,30.675024718170633,31.349447541220208,32.09998109567526
2022-08-01,32.5,29.73962257638941,30.487043141827847,31.292874887697913
2022-09-01,30.9,26.38961461557468,27.150150323972994,27.880008723952102
2022-10-01,25.5,21.434450746427842,22.24494491783549,22.958687172116026
2022-11-01,17.4,15.81199680497199,16.572583094176363,17.375316144289915
2022-12-01,16.3,12.817062116398084,13.600389589160352,14.35172088795146
