date,observed,lower,median,upper
1892-01-01,-10.5,-6.363081845885047,-5.535190474747516,-4.841689067329987
1892-02-01,-10.4,-5.641978121187714,-4.792358203762149,-4.160120201148518
1892-03-01,-8.9,-3.6498638602411257,-3.0292052811929038,-2.5008225608273063
1892-04-01,-2.5,-1.5260240442062905,-0.9174243004968174,-0.3904552411240461
1892-05-01,-1.2,1.2193292708090686,1.8391849719058673,2.350100946043956
1892-06-01,3.2,4.928258843097817,5.480186287374709,6.0325336373043505
1892-07-01,7.2,6.983823063171055,7.593095210766268,8.111306470813663
1892-08-01,7.6,7.073433722810555,7.6585911705778305,8.180025829853093
1892-09-01,5.3,4.291377213813761,4.906623693244117,5.404198242753777
1892-10-01,-0.7,0.5598853981688446,1.1740853905962227,1.6626138696807429
1892-11-01,-2.3,-3.1214742777460556,-2.520879878083874,-2.0293626141206205
1892-12-01,-9.5,-5.270494475402151,-4.450573473900603,-3.805217544336287
1893-01-01,-15.4,-6.247020871299557,-5.4979801304282585,-4.8267101793755725
1893-02-01,-5.5,-5.507779560657072,-4.764909736197885,-4.1215309301840986
1893-03-01,-1.3,-3.531646823666323,-2.999509278008084,-2.447300766004379
1893-04-01,-0.8,-1.4264049285262632,-0.8837086557388074,-0.3873570291474422
1893-05-01,1.2,1.3092784511615168,1.8661228637881155,2.3888535910383935
1893-06-01,3.5,4.994929709602739,5.521821548398304,6.041538489213273
1893-07-01,9.4,7.066946735187975,7.639708723396443,8.159740043612501
1893-08-01,6.7,7.173166623256706,7.7110884419040255,8.196079572514776
1893-09-01,4.0,4.350118011924259,4.934098910438246,5.421901576742888
1893-10-01,0.2,0.6745238267903978,1.2199911689135399,1.700812838059697
1893-11-01,-3.5,-3.0493294089231884,-2.485296680321495,-1.9568991746562463
1893-12-01,-6.8,-5.115890958367731,-4.397097572551841,-3.710984928434327
1894-01-01,-13.8,-6.150451600459386,-5.434623824214642,-4.797072301367695
1894-02-01,-8.0,-5.445218915813182,-4.704062755949584,-4.128908329025461
1894-03-01,-1.3,-3.411841784882473,-2.9528440877930495,-2.4210155796664927
1894-04-01,2.3,-1.313024706281755,-0.8097674390787861,-0.3534511239113847
1894-05-01,1.5,1.414968848725624,1.9369528211379796,2.4345326574731954
1894-06-01,6.6,5.116473553744353,5.578296055411821,6.114445995642875
1894-07-01,8.9,7.208530322677557,7.690751891553306,8.18921831391924
1894-08-01,8.7,7.2324294994254865,7.759892272609806,8.267341413266584
1894-09-01,4.5,4.4805956779931995,4.984309745619463,5.4240407428562385
1894-10-01,-0.2,0.7875999432264111,1.2449336910501891,1.7234918106929753
1894-11-01,-1.9,-2.9378553642968983,-2.441559047683176,-1.946538341896466
1894-12-01,-1.9,-5.0142185881487675,-4.375765950644244,-3.7090080672533694
1895-01-01,-15.3,-6.089300866578254,-5.392482385065275,-4.748833969078622
1895-02-01,-18.1,-5.398681869236603,-4.6731093601139335,-4.035969088889047
1895-03-01,-8.3,-3.365258586039183,-2.909446273614999,-2.3957950049719754
1895-04-01,-1.4,-1.273114150158713,-0.7828118546265636,-0.3082139720745753
1895-05-01,1.6,1.48752228553162,1.964947278635894,2.448814902579796
1895-06-01,3.7,5.133544823358765,5.611199645119748,6.140405627748867
1895-07-01,5.8,7.230323805782782,7.721655881638537,8.18913442272939
1895-08-01,8.2,7.281645423876769,7.772114721984581,8.270653642539985
1895-09-01,5.7,4.524735815440222,5.000130492954797,5.449672587790114
1895-10-01,-2.3,0.8299572840935339,1.273535383643876,1.7556595541008213
1895-11-01,-3.8,-2.9279863353832876,-2.419736496093502,-1.9296277807178237
1895-12-01,-11.4,-4.9799002004676005,-4.336286681168664,-3.7051416733667537
1896-01-01,-6.0,-6.075373412949117,-5.351927939537463,-4.725526761891316
1896-02-01,-7.7,-5.319704523056063,-4.61620123635344,-4.025412074802902
1896-03-01,-1.2,-3.3282307313094495,-2.87678756327764,-2.3865407562513856
1896-04-01,-0.9,-1.1906099139082285,-0.7465680247323192,-0.300018623183949
1896-05-01,0.8,1.52698950459202,2.010138168493141,2.4562190496699565
1896-06-01,7.4,5.212943192701563,5.649941250456225,6.1356890307055725
1896-07-01,7.1,7.323141726299308,7.766179154776763,8.216694951529039
1896-08-01,6.1,7.328348115041462,7.810199135011134,8.298011325388984
1896-09-01,5.0,4.626492554473592,5.037533476132026,5.491898324478827
1896-10-01,1.2,0.863180869111165,1.317956641170087,1.802928231003352
1896-11-01,-7.1,-2.875793810976101,-2.365262208838847,-1.9070940301576438
1896-12-01,-5.7,-4.919821014928506,-4.303473514496861,-3.6283357170029262
1897-01-01,-6.5,-5.9651430657533755,-5.318864149202329,-4.67369343648179
1897-02-01,-3.0,-5.205063136366728,-4.589408202157475,-3.9635773098896814
1897-03-01,0.3,-3.266834851375306,-2.8296074381042633,-2.3369721918760713
1897-04-01,-1.0,-1.1498696620734583,-0.7131678721086339,-0.2681947436216646
1897-05-01,-0.1,1.5951952199924653,2.056561635219143,2.517544370074474
1897-06-01,6.2,5.27710118016715,5.6826456310277145,6.189107553092233
1897-07-01,8.4,7.365349852791101,7.797856403348879,8.277128423742463
1897-08-01,9.9,7.386159037921658,7.8633181509374275,8.373944422585888
1897-09-01,5.1,4.638780868418833,5.079055241358916,5.563117150360138
1897-10-01,0.0,0.8917428392801013,1.354977833354266,1.8729665351811093
1897-11-01,-6.9,-2.7984719424643782,-2.340849004213511,-1.8216486512004069
1897-12-01,-6.0,-4.888345245864613,-4.279923735224539,-3.5459412211332095
1898-01-01,-4.7,-5.916917077793184,-5.3035450392514285,-4.634385058158729
1898-02-01,-1.5,-5.164797781096158,-4.540573306201043,-3.9398703382965032
1898-03-01,-3.7,-3.2738347732030904,-2.8035013253185066,-2.2959067320597573
1898-04-01,-0.1,-1.107953916262132,-0.6812518290458025,-0.21071095924373978
1898-05-01,2.8,1.595029317467933,2.0837629300571456,2.546004509521961
1898-06-01,5.0,5.266073044990285,5.711860722047721,6.216816164526905
1898-07-01,6.0,7.348339465129028,7.822812001166627,8.302836398028383
1898-08-01,8.5,7.432978437547595,7.86743847719862,8.374816588382117
1898-09-01,4.6,4.681100535782428,5.09461863999861,5.572415356330491
1898-10-01,3.3,0.9264213788584702,1.3873317462009642,1.8899093519906283
1898-11-01,-2.2,-2.784010758536378,-2.3310299538679535,-1.8307265224730829
1898-12-01,-4.8,-4.866042339582552,-4.280816402834882,-3.59243281875693
1899-01-01,-7.2,-5.921873000334736,-5.294435908309827,-4.638797736118154
1899-02-01,-6.9,-5.168048796982833,-4.540784608628128,-3.9235520594023567
1899-03-01,-7.3,-3.2453189305639536,-2.7858427465988873,-2.322571710971856
1899-04-01,-1.1,-1.1113673210463462,-0.6827566483452778,-0.1934296461702147
1899-05-01,1.1,1.6236546470614988,2.080603427010987,2.518957060946033
1899-06-01,5.8,5.26687058155934,5.730063741950052,6.1809308939029775
1899-07-01,8.3,7.382391208732455,7.83197627510315,8.298741532040383
1899-08-01,7.8,7.449656344808571,7.87788655575206,8.35940781045087
1899-09-01,5.2,4.682952898512004,5.0956604415097395,5.547523642095387
1899-10-01,0.6,0.9389032159415088,1.3788486640569568,1.8747071570292992
1899-11-01,-1.2,-2.7999096247297945,-2.312076683699258,-1.7829476200382426
1899-12-01,-15.5,-4.894724007787547,-4.256150956183996,-3.5423026338214343
1900-01-01,-5.8,-5.9165709027681235,-5.27994944746043,-4.562956818138845
1900-02-01,-12.2,-5.184521906871901,-4.533845044309258,-3.9342759102417584
1900-03-01,-4.5,-3.2643718987956487,-2.772649205052228,-2.2787881397521508
1900-04-01,-2.8,-1.1154065325737965,-0.6753975688245859,-0.20033040384217515
1900-05-01,0.0,1.6440464293604717,2.092115298530583,2.535532747866701
1900-06-01,8.2,5.298322255676593,5.740186825435508,6.212950800334501
1900-07-01,7.1,7.367991231076544,7.84531779977556,8.303371675472212
1900-08-01,8.1,7.427449065209306,7.9053953751668375,8.386051495575304
1900-09-01,5.2,4.691160356372168,5.104181001328316,5.597047371397789
1900-10-01,-1.6,0.9542195518962496,1.3754395450464147,1.8751533297144085
1900-11-01,0.1,-2.8017421757953254,-2.2848885582896403,-1.7953705513796177
1900-12-01,-4.1,-4.858643292099038,-4.245130883278973,-3.5614690389999293
1901-01-01,-11.4,-5.923138188911032,-5.269357842241469,-4.585271728125531
1901-02-01,-14.8,-5.17174525306595,-4.517849549291359,-3.9147990136721655
1901-03-01,-6.0,-3.258126348207743,-2.7547622410841983,-2.28105215787054
1901-04-01,1.0,-1.1093271883218692,-0.6597284099602188,-0.17063115963346442
1901-05-01,1.7,1.6548932321444194,2.1049605757666012,2.566043085338441
1901-06-01,5.5,5.316699253562628,5.7396330622106655,6.205049613731342
1901-07-01,10.4,7.351563542569214,7.858923663155641,8.343055937251306
1901-08-01,8.9,7.463933015057235,7.899677303796299,8.36001119150408
1901-09-01,5.7,4.665949302934411,5.119208425245683,5.601761477804154
1901-10-01,1.6,0.9128777209339161,1.4002001227169587,1.87325645503039
1901-11-01,-4.5,-2.7943475167161744,-2.2973298136030147,-1.8068190261803392
1901-12-01,-7.5,-4.87064358167493,-4.258665548660696,-3.555624307945839
1902-01-01,-2.6,-5.913920871623834,-5.276514544070972,-4.60979503095685
1902-02-01,-11.4,-5.191302614716509,-4.5308246178978475,-3.9282350968825632
1902-03-01,-1.0,-3.241926318726282,-2.7836199361201297,-2.3017871269269947
1902-04-01,0.0,-1.140731641572309,-0.6714842187976005,-0.16673338416519806
1902-05-01,-0.1,1.6114995054796935,2.0808617652527337,2.557015497060086
1902-06-01,2.9,5.2774340932622055,5.72277633483559,6.1820036159328104
1902-07-01,5.2,7.325891421026969,7.850116616404834,8.284638558520376
1902-08-01,7.4,7.435794462561123,7.8823909603473465,8.345026151001198
1902-09-01,3.7,4.636921016233615,5.096481429835141,5.543482969381229
1902-10-01,0.3,0.9017287197846209,1.3707581360234378,1.860376173925634
1902-11-01,-8.6,-2.8171935621798068,-2.326618581897404,-1.8534787237917163
1902-12-01,-11.8,-4.893694558818363,-4.271186644366734,-3.5723475376034615
1903-01-01,-9.0,-5.935797556242707,-5.281216341426308,-4.6017711975590885
1903-02-01,-3.2,-5.223028135194957,-4.537475362570288,-3.9725922676450134
1903-03-01,-2.5,-3.2423945919124546,-2.794564929006955,-2.3393606340470128
1903-04-01,-2.6,-1.153047862947229,-0.6764876530038005,-0.22689050483946518
1903-05-01,3.4,1.6250856439136578,2.09289016356313,2.5197753594232393
1903-06-01,4.1,5.300564816901637,5.71518527133814,6.151593634290846
1903-07-01,6.6,7.339582157982395,7.8446574724542,8.27612064900366
1903-08-01,8.7,7.470888693206228,7.884840381051073,8.299718691596839
1903-09-01,5.3,4.681730733472173,5.0939623376981995,5.524065667773903
1903-10-01,3.4,0.9369044203549193,1.383599953468902,1.8253763227131048
1903-11-01,-3.9,-2.8029012428970077,-2.333587550599834,-1.8727501042117392
1903-12-01,-8.5,-4.8620503899465035,-4.2749163598445765,-3.587911617845894
1904-01-01,-9.5,-5.929132552815721,-5.28686644646391,-4.605411483517506
1904-02-01,-7.2,-5.208961812491038,-4.551753716558615,-3.935522747979709
1904-03-01,-6.8,-3.2492882501050344,-2.7904184731400274,-2.3596076058328914
1904-04-01,0.1,-1.1441585450284275,-0.6759682958394675,-0.19095605257762335
1904-05-01,1.7,1.6271307041845038,2.077639121030292,2.508695900218803
1904-06-01,6.1,5.294795796261186,5.7317663453881496,6.148519793305695
1904-07-01,8.8,7.3506109571467615,7.843125030941972,8.268623878219552
1904-08-01,8.0,7.471326415314366,7.896675146245165,8.31399490621159
1904-09-01,2.0,4.71523598053423,5.092872001013562,5.523962691126357
1904-10-01,0.3,0.9553683307981298,1.3890255025725344,1.8424530119000286
1904-11-01,-3.3,-2.767756825654138,-2.3220768670662753,-1.8505794057383533
1904-12-01,-4.2,-4.828009536669265,-4.253502948570805,-3.590919613505116
1905-01-01,-11.0,-5.870936396258162,-5.25788119480709,-4.619523931520039
1905-02-01,-2.9,-5.125581921495459,-4.549992630236301,-3.9200285957989087
1905-03-01,-1.1,-3.212173336079694,-2.7579259323610614,-2.3330236328540206
1905-04-01,-1.8,-1.079962314115991,-0.6612240827003564,-0.18413204490135646
1905-05-01,0.6,1.6949079712775847,2.1002215132332,2.5310540587758754
1905-06-01,9.2,5.288272197558296,5.738601709490187,6.170454030303186
1905-07-01,8.1,7.407680951336885,7.862188623334772,8.260664082040002
1905-08-01,9.3,7.49211493293661,7.915889240781842,8.315040069928008
1905-09-01,3.7,4.71296944511689,5.121928924129259,5.5141777347639
1905-10-01,-2.0,0.9575556510273608,1.4121324552215664,1.8322789196781832
1905-11-01,-3.0,-2.791822233721671,-2.318439097367211,-1.8744532444392257
1905-12-01,-5.9,-4.840957157946715,-4.256120151011137,-3.600709594245249
1906-01-01,-6.6,-5.881509844699253,-5.270103592746091,-4.57384783840971
1906-02-01,-4.0,-5.122743429256846,-4.542660778360949,-3.894667172954162
1906-03-01,-3.5,-3.228447006186048,-2.758812450556087,-2.3429402347468935
1906-04-01,-0.6,-1.0984063411882654,-0.6622511930563063,-0.21890164601821535
1906-05-01,0.5,1.6372022381414004,2.0995564577776538,2.5196729774429043
1906-06-01,5.0,5.30638284356276,5.733766784853101,6.141593198891543
1906-07-01,4.9,7.3954367894265065,7.860818100616619,8.255561218197498
1906-08-01,7.6,7.503106557944991,7.9008982877596186,8.30479408442549
1906-09-01,2.4,4.695786151579377,5.129484133546904,5.520769028247301
1906-10-01,2.4,0.9590883878115034,1.4053338910387632,1.865351266386738
1906-11-01,-2.1,-2.7983859024988575,-2.302403578400047,-1.8353430979015362
1906-12-01,-8.5,-4.858476204129239,-4.246657220345633,-3.5617849024198214
1907-01-01,-13.3,-5.902523393968032,-5.265284587102607,-4.57244712642005
1907-02-01,-9.3,-5.129167014595271,-4.520372617047177,-3.884804517943375
1907-03-01,-2.5,-3.2132177884029693,-2.7496609049496525,-2.3003073237462286
1907-04-01,-1.4,-1.0898217548838174,-0.648627330761445,-0.15081284062102523
1907-05-01,0.3,1.6479488724038145,2.120816402795226,2.5581288013084245
1907-06-01,6.2,5.364024406113139,5.744105749426748,6.188187301697851
1907-07-01,5.3,7.3959149130750115,7.878633797778829,8.30232666949934
1907-08-01,7.4,7.494309697293007,7.914544333432908,8.367688063208519
1907-09-01,2.1,4.7176683747458,5.152548719220649,5.5493911715071045
1907-10-01,3.5,0.9375326423630721,1.4347487096492109,1.8772821750688573
1907-11-01,-2.5,-2.7487002320332348,-2.2747516937560004,-1.8261055301619535
1907-12-01,-4.8,-4.8071448292816745,-4.237183597542678,-3.5470188032998813
1908-01-01,-13.0,-5.852182903179847,-5.2382074498314495,-4.518171245515651
1908-02-01,-4.0,-5.0987754757635235,-4.475214231736654,-3.8651491225438663
1908-03-01,-2.9,-3.1764582297470416,-2.7061180547048296,-2.290738461827574
1908-04-01,-2.3,-1.0392314630092492,-0.606814293033434,-0.16957537695801925
1908-05-01,5.6,1.7356164656873188,2.1584323397544627,2.5828493241867294
1908-06-01,4.4,5.392024525204344,5.800666987147392,6.210519549611765
1908-07-01,8.6,7.472980979620361,7.907065156337788,8.320556923742139
1908-08-01,6.3,7.52432622337638,7.955710046912737,8.401432358179216
1908-09-01,5.2,4.766493389252466,5.199052784451673,5.5700401862422355
1908-10-01,-3.8,1.0030781453549231,1.4525663685613612,1.926110598985805
1908-11-01,-6.0,-2.6979568177140063,-2.2444264288817353,-1.78347610729901
1908-12-01,-14.8,-4.805029432639817,-4.192641749093529,-3.5442850321358366
1909-01-01,-7.6,-5.834341181746025,-5.222817020413121,-4.502301630565614
1909-02-01,-8.7,-5.067932566714876,-4.466745464634303,-3.836497041617836
1909-03-01,-8.3,-3.1190455101778443,-2.7059535281784943,-2.250297455697965
1909-04-01,-2.4,-0.9914569316325872,-0.5838024245878529,-0.12854224055005403
1909-05-01,-1.0,1.7508354057182218,2.191765857920241,2.6251507835863492
1909-06-01,5.3,5.390972499018173,5.827456137569434,6.23834746348346
1909-07-01,8.3,7.487763342431204,7.958335298093467,8.372737487041553
1909-08-01,8.0,7.595499114546522,8.007269161557739,8.42955345455047
1909-09-01,5.2,4.795659677989912,5.252179345821034,5.662158193344002
1909-10-01,0.6,1.050588396117872,1.5289147484606174,1.9751275489893647
1909-11-01,-6.4,-2.662505049502971,-2.174670467686439,-1.7111896661833386
1909-12-01,-3.9,-4.706755912429773,-4.105994237976775,-3.4784043216470595
1910-01-01,-5.0,-5.780108848887223,-5.142267262094691,-4.429529451198009
1910-02-01,-6.0,-5.045414556721546,-4.384402177254665,-3.763126981341979
1910-03-01,-2.5,-3.042611131563523,-2.629371325954888,-2.1707756370817157
1910-04-01,-1.9,-0.9335104222011706,-0.5167675830132681,-0.02605917490123485
1910-05-01,1.4,1.8099851768034605,2.251588183919548,2.706817969531391
1910-06-01,8.3,5.460796944492452,5.9053795990766265,6.3247055564276415
1910-07-01,9.0,7.558569291567663,8.022731197243377,8.470889879068519
1910-08-01,9.3,7.653754016866447,8.069440966889069,8.542396431942661
1910-09-01,2.0,4.883281323945998,5.3105889836241715,5.7565020048844415
1910-10-01,2.3,1.1283707286650642,1.5640087975872028,2.083529305991351
1910-11-01,-4.2,-2.6183824168665573,-2.104071570431774,-1.6075370092908292
1910-12-01,-3.8,-4.618732174317813,-4.043443537795944,-3.4202183862509767
1911-01-01,-9.6,-5.730334065366377,-5.057253982758022,-4.403976543330514
1911-02-01,-7.7,-4.955899511573235,-4.308634891111877,-3.70672175773041
1911-03-01,-1.6,-3.004811784547114,-2.5586542890833943,-2.080096820460848
1911-04-01,-4.6,-0.8789755669027732,-0.44841999535377575,0.06889160715883949
1911-05-01,3.4,1.865068332964612,2.307187556685337,2.823382627111103
1911-06-01,3.8,5.533838338824955,5.985036215181786,6.441015955884452
1911-07-01,5.7,7.581394464131158,8.077885584729906,8.575202317286704
1911-08-01,9.1,7.71021697641029,8.118976588867694,8.64608033461431
1911-09-01,4.5,4.923145584700181,5.3755475953134155,5.899195607108982
1911-10-01,0.1,1.1562626938092169,1.6428465085002104,2.229469882515607
1911-11-01,-1.7,-2.5887141733548567,-2.02042472053978,-1.4727486449151168
1911-12-01,0.1,-4.579970188239228,-3.9440973636608563,-3.2915296237465577
1912-01-01,-7.6,-5.665979284135777,-4.94625007507198,-4.320391087191511
1912-02-01,-14.4,-4.912420968189496,-4.225027838170469,-3.5865772384723242
1912-03-01,0.6,-2.966996399404388,-2.4628469887654223,-1.9339991375566012
1912-04-01,-1.1,-0.8742542042490893,-0.37164129190444717,0.2047424659435814
1912-05-01,2.3,1.9255860631284705,2.3881531507759766,2.9279710652831805
1912-06-01,8.2,5.550889541316049,6.059204598254094,6.554826715403382
1912-07-01,9.2,7.615336147090645,8.138221141397008,8.713939647999839
1912-08-01,8.3,7.731982185477479,8.170712404349455,8.744883337232977
1912-09-01,1.7,4.953416614349395,5.445266241126494,5.985277474560817
1912-10-01,-1.3,1.1568505100009923,1.7047641681986136,2.319186591274164
1912-11-01,-1.5,-2.5725462178723277,-1.9990454411136258,-1.4251881976216974
1912-12-01,-0.9,-4.608171289975677,-3.9031545174185416,-3.2494799423255154
1913-01-01,-4.1,-5.6778148535610615,-4.919774690113075,-4.172711525268343
1913-02-01,-6.8,-4.936308546220975,-4.202500421813657,-3.5504810887465212
1913-03-01,-1.8,-2.9604987858527614,-2.452953118472866,-1.8561894238389203
1913-04-01,-2.2,-0.8452780594423388,-0.34953165356535865,0.2019352468710003
1913-05-01,4.2,1.932305869094339,2.4053786134478976,2.9419605786267122
1913-06-01,7.3,5.577309653813584,6.0709598018626725,6.611473304613832
1913-07-01,5.4,7.647574589545141,8.163551089352055,8.728320236550402
1913-08-01,6.4,7.743631548623546,8.19186071005329,8.76630622556565
1913-09-01,6.7,4.965746202191376,5.439663015724815,5.989635705877659
1913-10-01,0.4,1.172209563845542,1.7235075619731735,2.3227261946639963
1913-11-01,2.7,-2.586821466751323,-1.984194288120316,-1.4057317599595847
1913-12-01,-5.4,-4.577095998730227,-3.9052470419949996,-3.2203094522193285
1914-01-01,-11.6,-5.654561312785045,-4.928976820850674,-4.193616031315814
1914-02-01,-1.3,-4.9078734186528,-4.212718737295287,-3.5452287060337855
1914-03-01,-0.5,-2.9523226974715433,-2.4626092360855663,-1.9069680598116006
1914-04-01,1.3,-0.844273815215191,-0.3501470712717104,0.21783726550512303
1914-05-01,0.1,1.9371882616970448,2.3735046932381847,2.9034081632086366
1914-06-01,4.0,5.558065254848648,6.051438126559187,6.55812740506481
1914-07-01,8.4,7.657835611510175,8.131525569629893,8.640347763115502
1914-08-01,9.3,7.750074347806807,8.162061124448481,8.644999292671296
1914-09-01,6.3,4.9575436918004145,5.386712498226435,5.89919373868058
1914-10-01,1.9,1.1613641727125246,1.6615589615128896,2.2086014431718786
1914-11-01,-7.6,-2.5985765308695585,-2.046329101308466,-1.5235806680354
1914-12-01,-6.2,-4.639096275426645,-3.968352706162725,-3.3234584350213705
1915-01-01,-7.9,-5.690295582866068,-5.028197418576288,-4.295500719672726
1915-02-01,-5.0,-4.952031171614067,-4.287010596525835,-3.657556469046279
1915-03-01,-4.7,-2.9772549727695536,-2.537107407957694,-2.0420233757376502
1915-04-01,-0.9,-0.8941505878107794,-0.43388520638820527,0.07329995373773497
1915-05-01,0.2,1.8948961354294214,2.297939783196955,2.7727435397452136
1915-06-01,6.5,5.518530501712085,5.96683243980849,6.400950984381717
1915-07-01,7.9,7.605597833923298,8.053544021865466,8.512319748265147
1915-08-01,7.2,7.7021251317921795,8.091030804480837,8.561778663293287
1915-09-01,5.0,4.9032779567277,5.31729028798226,5.775448504879593
1915-10-01,-0.6,1.1248942106593451,1.5951744482067505,2.136213372875521
1915-11-01,-10.4,-2.6216281715247067,-2.1065278633474325,-1.6329645739910892
1915-12-01,-2.2,-4.702213541185114,-4.019393318060107,-3.3807333668255435
1916-01-01,-1.5,-5.756466539902466,-5.070354785907139,-4.414760150044443
1916-02-01,-5.2,-4.972629032485067,-4.357931757227844,-3.734445480946449
1916-03-01,-3.1,-3.0192839832224188,-2.608286474115595,-2.1027987049588686
1916-04-01,-1.0,-0.9485437370105018,-0.4932564222003665,-0.014581431332560544
1916-05-01,1.7,1.8460464831410393,2.2351783764492463,2.719365845101357
1916-06-01,2.8,5.455341071782563,5.903511781004298,6.338395323453394
1916-07-01,7.3,7.5325645117544004,7.982154882495979,8.439711272672035
1916-08-01,7.1,7.659882406150668,8.044849602015379,8.475074288126201
1916-09-01,5.9,4.8417436527764215,5.254765457696298,5.732324981522831
1916-10-01,-2.2,1.0472350457596744,1.525593422978496,2.0266964407738874
1916-11-01,-3.7,-2.674723584568788,-2.193104103155598,-1.6706242011862706
1916-12-01,-3.1,-4.734093952083804,-4.124033288424464,-3.4509442086581488
1917-01-01,-13.0,-5.802692487435931,-5.139598641905047,-4.467220688303237
1917-02-01,-16.2,-5.080050899719351,-4.4157274938403495,-3.793039531671164
1917-03-01,-6.7,-3.106928591350021,-2.6709020161197534,-2.167983165558919
1917-04-01,-2.0,-0.9878475033866577,-0.535166717383784,-0.09540937325471716
1917-05-01,3.2,1.7841589497192487,2.1945427988523676,2.6641105357147343
1917-06-01,7.3,5.418603260372349,5.838084862907439,6.284873649517393
1917-07-01,8.0,7.499631117578229,7.961249912833205,8.394032102191357
1917-08-01,9.3,7.592828573548891,8.003411517358547,8.428592818667727
1917-09-01,4.4,4.79609581328305,5.223546094969029,5.641609448094641
1917-10-01,0.1,0.9946092428544419,1.4935089423796568,1.9536798244194533
1917-11-01,-0.8,-2.692244734855449,-2.2067985330300157,-1.7551286942293693
1917-12-01,-9.2,-4.785345069337607,-4.14645537376024,-3.481069378135046
1918-01-01,-8.9,-5.826943949400585,-5.167544973432184,-4.566233222508902
1918-02-01,-6.9,-5.0814519109653284,-4.455569934202689,-3.8496444709111035
1918-03-01,-4.7,-3.1470038995165392,-2.6949947422829124,-2.2334015753350522
1918-04-01,-2.3,-1.0441898678420247,-0.5671774086764316,-0.13121224280674776
1918-05-01,4.3,1.746636909945611,2.168575846280263,2.5755163548461897
1918-06-01,4.7,5.370770825981395,5.82471758211048,6.244475841884561
1918-07-01,7.6,7.423155257860813,7.9275354296388745,8.327039553292064
1918-08-01,6.4,7.516590719949763,7.975199363859003,8.377253218962771
1918-09-01,2.4,4.762046662273962,5.191616297007792,5.591280871325961
1918-10-01,1.4,1.0068399780207877,1.4370570920549413,1.9146433718734295
1918-11-01,-5.6,-2.6916732382670507,-2.243555455180765,-1.8326005062243957
1918-12-01,-1.8,-4.834245226383974,-4.1829641119486,-3.5771262298877833
1919-01-01,-6.0,-5.82907953298217,-5.210816054048323,-4.631286299832307
1919-02-01,-13.8,-5.101029602332472,-4.501073692396515,-3.9383548883330755
1919-03-01,-2.8,-3.1627939405959946,-2.7499038905238953,-2.2818120965748987
1919-04-01,-2.7,-1.0724198219221721,-0.6160014787259811,-0.21268092264661298
1919-05-01,3.6,1.659556143042161,2.128234031210451,2.540218964607548
1919-06-01,5.2,5.362575296668307,5.761293225818084,6.180275570386994
1919-07-01,6.0,7.363053972091681,7.8711227593945585,8.312041827378476
1919-08-01,5.7,7.447553593421307,7.92301191875729,8.331214697300723
1919-09-01,1.8,4.692387993601257,5.159136790325753,5.551291391111988
1919-10-01,-0.9,0.9524463034864599,1.4038152869529912,1.879689101779192
1919-11-01,-4.8,-2.72124311547587,-2.2779970844769446,-1.86480245738649
1919-12-01,-4.5,-4.865679563931119,-4.224036278009361,-3.577865448717298
1920-01-01,-4.9,-5.896218249354733,-5.227867603381034,-4.642815781305334
1920-02-01,-1.8,-5.125613669172481,-4.522595602480754,-3.9335776769922597
1920-03-01,-0.8,-3.2088747875761237,-2.7745290017515627,-2.320238254990078
1920-04-01,1.9,-1.103837860271698,-0.6474785771911827,-0.24461181398964565
1920-05-01,1.5,1.5804009901898763,2.1109889919792355,2.4831893336595865
1920-06-01,5.2,5.2960135893309745,5.746642713258975,6.167560530099164
1920-07-01,7.2,7.368398407298318,7.84587912494632,8.244806915319412
1920-08-01,6.9,7.420757896648338,7.889826629294671,8.280317934626916
1920-09-01,5.6,4.66138254205856,5.119101468403143,5.503475316250577
1920-10-01,-1.2,0.8721107011976825,1.3855256192276368,1.8312502378202276
1920-11-01,-5.8,-2.81139685329665,-2.3391689412013124,-1.9002092694433947
1920-12-01,-10.8,-4.925307993871351,-4.26669796399954,-3.6095420822021933
1921-01-01,-4.3,-6.005453643376655,-5.287889777501872,-4.6743460425068255
1921-02-01,-5.0,-5.198788236809077,-4.575597336611104,-3.978180373053113
1921-03-01,-2.2,-3.352611075857652,-2.8223613520810362,-2.3464346146151347
1921-04-01,-2.8,-1.2190719112969344,-0.6973067506815831,-0.2793617679369889
1921-05-01,0.0,1.5174201749281768,2.0555849005395017,2.478172458414198
1921-06-01,6.0,5.191675438271511,5.686845634664618,6.158081774825813
1921-07-01,4.9,7.277797178636248,7.799332836422005,8.235109294113784
1921-08-01,6.3,7.3191033813776505,7.847034284208897,8.253876753294042
1921-09-01,2.4,4.564977071044163,5.074078128263197,5.4764527137843695
1921-10-01,-1.1,0.7932053404421665,1.3478560184482418,1.824937963913429
1921-11-01,-10.7,-2.8357773410434377,-2.3637013586034703,-1.9353896293590094
1921-12-01,-12.1,-4.995607145671007,-4.305821007176316,-3.6988508088065393
1922-01-01,-10.4,-6.073043854225329,-5.323047528104662,-4.724802293940901
1922-02-01,-11.5,-5.285428936324573,-4.604374785945865,-3.9970761383792737
1922-03-01,-3.8,-3.3574754153563915,-2.847446913822077,-2.380968041939724
1922-04-01,-3.4,-1.267010336760914,-0.7318957067080832,-0.29845536147431334
1922-05-01,0.0,1.5226730837376843,2.0190866771896347,2.42548287240668
1922-06-01,4.7,5.159878569224387,5.672160797156106,6.120133309297548
1922-07-01,8.1,7.2462284466304085,7.783652565149725,8.195076068418754
1922-08-01,7.2,7.295719922236597,7.82658355473572,8.239012807729486
1922-09-01,3.8,4.541516566548178,5.070105748131034,5.47234438187862
1922-10-01,-5.2,0.7923650705814913,1.3459330549046682,1.786255720597142
1922-11-01,-2.9,-2.863951382039112,-2.3653760088084264,-1.945063572278852
1922-12-01,-2.9,-4.898363680780631,-4.304513107787438,-3.6896407275208443
1923-01-01,-4.7,-6.010795006489888,-5.329437885153233,-4.720590448822494
1923-02-01,-4.5,-5.192918363955777,-4.598113470869078,-3.9730163511387975
1923-03-01,-0.7,-3.3272967096120305,-2.825590575858689,-2.3829897786794376
1923-04-01,-1.4,-1.2455947667064173,-0.7223537524039811,-0.26868486986813317
1923-05-01,1.3,1.5548930286661198,2.0464786954633096,2.457137992641594
1923-06-01,3.3,5.185720419994222,5.688778829758824,6.137642393897406
1923-07-01,6.4,7.304976456201094,7.803994763059683,8.218069750573793
1923-08-01,6.8,7.37326044014514,7.851042368274705,8.29045417827941
1923-09-01,5.2,4.600384789581372,5.075118010789998,5.493904960003553
1923-10-01,2.1,0.8786403574040564,1.3548432247314668,1.8043292982157784
1923-11-01,-4.9,-2.870993038772855,-2.348536728669408,-1.937737033909807
1923-12-01,-10.6,-4.847561589389587,-4.313142079898924,-3.6400995717276614
1924-01-01,-7.3,-5.938885024229933,-5.321212790348911,-4.694199797240481
1924-02-01,-8.6,-5.157718366196671,-4.590201206771088,-3.9839689993277023
1924-03-01,-2.9,-3.2862600816461605,-2.8174689174523664,-2.36541054729582
1924-04-01,-1.7,-1.1498339956729926,-0.6769549895375725,-0.25563224983710714
1924-05-01,3.3,1.5731998028326128,2.061673404333619,2.474646484698829
1924-06-01,5.2,5.240709294483536,5.698327362091565,6.142889579095711
1924-07-01,8.5,7.326893867631737,7.832419479723145,8.238711012470914
1924-08-01,6.3,7.401892996100178,7.8629575793797954,8.33289176592179
1924-09-01,4.5,4.631694475893601,5.121213119076314,5.502320375940603
1924-10-01,0.1,0.8877820528164238,1.3930183754238645,1.7866129080783242
1924-11-01,-5.4,-2.8048418209384476,-2.3066940087863506,-1.9157794139217514
1924-12-01,-5.7,-4.884198312275046,-4.268146640071658,-3.6233921026252145
1925-01-01,-4.1,-5.901652685912478,-5.273454448355562,-4.679183671815775
1925-02-01,-2.2,-5.110563502826039,-4.559544664638333,-3.9736258076965885
1925-03-01,-7.5,-3.258990612300726,-2.7812325205915114,-2.344110365688842
1925-04-01,0.8,-1.123422421200147,-0.6628605196065809,-0.24871980181082537
1925-05-01,3.2,1.6339975300374512,2.0798102467212365,2.495990665035757
1925-06-01,4.5,5.2482545308284765,5.72246351988302,6.176718974837177
1925-07-01,7.4,7.366772886402207,7.850520018409295,8.265329936852895
1925-08-01,8.1,7.418968894260706,7.890035462633019,8.31410143570633
1925-09-01,3.3,4.6754480379440055,5.133867498552725,5.513865241796465
1925-10-01,1.2,0.9453254695609886,1.4134092784119823,1.826202429386064
1925-11-01,-6.4,-2.7869101771053715,-2.3008551243509334,-1.8736996181637442
1925-12-01,-9.3,-4.814578997474737,-4.244210043590792,-3.6177410655643056
1926-01-01,-9.5,-5.8534450023831806,-5.262150704349514,-4.667821858452255
1926-02-01,-0.8,-5.078062140319183,-4.5290075171699,-3.974244371720194
1926-03-01,-3.8,-3.249928592984564,-2.761507491137007,-2.346046473196421
1926-04-01,1.2,-1.0928797525489113,-0.6486639239109468,-0.20948416965808542
1926-05-01,-1.5,1.6632965574064362,2.0993989482503626,2.5083467324677584
1926-06-01,4.1,5.2974112294699385,5.747795546698935,6.177384229524872
1926-07-01,7.9,7.385040325360195,7.8741459694313605,8.268829333158754
1926-08-01,7.2,7.469295787090471,7.911985126983277,8.336650367977974
1926-09-01,4.0,4.697046092538515,5.155569399416598,5.526886460549549
1926-10-01,-0.9,0.9368200410085868,1.4358905619932738,1.813768573419143
1926-11-01,-0.7,-2.7821592447094057,-2.2701348456217065,-1.879905681529027
1926-12-01,-5.6,-4.812773412003671,-4.2255912604261,-3.5557635062851443
1927-01-01,-2.6,-5.8398717536122176,-5.252599815455085,-4.620662211551099
1927-02-01,-4.5,-5.062692945955537,-4.520082678563895,-3.966074359132403
1927-03-01,-1.8,-3.2181770706934523,-2.7633753910854653,-2.3333545093329833
1927-04-01,-0.2,-1.1125629581785614,-0.6432537702120517,-0.2158351590327943
1927-05-01,-1.1,1.6785772247142021,2.094600893173352,2.532013941301835
1927-06-01,6.1,5.30075343629539,5.758503470403077,6.17103891379253
1927-07-01,8.7,7.406181306533199,7.87318771729606,8.278029855607128
1927-08-01,7.5,7.415473780325504,7.900843627434531,8.350350733451622
1927-09-01,4.3,4.676447644051951,5.1389055406092226,5.527668640367345
1927-10-01,2.1,0.9162209214955394,1.418772917925092,1.8559288072672857
1927-11-01,-4.2,-2.797013134070887,-2.2871652001523906,-1.8693158896488897
1927-12-01,-14.5,-4.8586744729054345,-4.234622709123162,-3.620590145633644
1928-01-01,-4.9,-5.8758737700853825,-5.248946216380183,-4.677419005191444
1928-02-01,-3.1,-5.1284618324276785,-4.524465346584341,-3.9628717048635025
1928-03-01,-5.2,-3.2730114549616567,-2.7826018854182606,-2.322358825873623
1928-04-01,-1.0,-1.109552849969102,-0.6589613267710726,-0.2450686914620436
1928-05-01,-0.7,1.6295385546073782,2.0826957564028374,2.5113950560575256
1928-06-01,3.4,5.212942033041886,5.734912665179571,6.162475136687342
1928-07-01,7.5,7.354439128081628,7.857628009874594,8.27785551758044
1928-08-01,7.7,7.3839872553066765,7.893890152733739,8.349435632334147
1928-09-01,1.4,4.6175936914164675,5.14329664432309,5.557943419082332
1928-10-01,-1.8,0.8671772713317523,1.4155692983006076,1.8486332339535616
1928-11-01,-4.7,-2.828977929169203,-2.294235383431121,-1.8940980972385304
1928-12-01,-6.6,-4.892874835416869,-4.239123413326387,-3.627682279764615
1929-01-01,-11.2,-5.886222460238121,-5.260043387844233,-4.675042641792248
1929-02-01,-17.5,-5.1445102720858,-4.533266622156812,-3.9401541808263145
1929-03-01,-8.9,-3.239642817554882,-2.7740627618316775,-2.3111642970995523
1929-04-01,-4.2,-1.1302693201181329,-0.6349480103526115,-0.20654813078845752
1929-05-01,-1.1,1.6193956910989515,2.108181962911951,2.530921589365555
1929-06-01,4.9,5.246063454778411,5.760573516505861,6.209024468444661
1929-07-01,5.2,7.343306517853343,7.874352137846028,8.304253516926643
1929-08-01,7.3,7.406765122849627,7.931728948283197,8.3617725886095
1929-09-01,6.6,4.650500008610577,5.1652870055943865,5.569199226714514
1929-10-01,1.3,0.9391276295808477,1.4584544397879542,1.8896398674338946
1929-11-01,-0.7,-2.729515656318477,-2.2679752223885474,-1.8321171147785864
1929-12-01,-6.5,-4.788439819911588,-4.190459743568773,-3.5465073018018427
1930-01-01,-2.5,-5.82530727658964,-5.213604996957302,-4.638160942387177
1930-02-01,-4.7,-5.053137299040618,-4.492896325795867,-3.893677406932327
1930-03-01,-1.2,-3.157273269046379,-2.72787459649179,-2.2443050682377126
1930-04-01,0.2,-1.0568435972064159,-0.6053125462155027,-0.175366602013441
1930-05-01,0.3,1.710329218708066,2.156809597280408,2.5816086447825723
1930-06-01,7.0,5.339824961004436,5.790222553625929,6.24796866736703
1930-07-01,8.1,7.427766964318788,7.9024302633527554,8.346655114798823
1930-08-01,7.9,7.479244027640313,7.954800209116822,8.372344514333882
1930-09-01,4.6,4.712291298887266,5.1871222679808024,5.60424511811382
1930-10-01,1.7,0.9925853654906954,1.4662735541316942,1.8701674167196622
1930-11-01,-2.0,-2.70087582943266,-2.2611595592839637,-1.8150026376037867
1930-12-01,-4.5,-4.762442905556111,-4.194636902451081,-3.5392080870291376
1931-01-01,-5.5,-5.831506891019175,-5.204872300763125,-4.609250701259996
1931-02-01,-8.9,-5.043437420845903,-4.478752387306356,-3.922785291231585
1931-03-01,-9.1,-3.1769487483999326,-2.713828366962314,-2.2388481151537363
1931-04-01,-2.6,-1.04366264510148,-0.5957767552751767,-0.16528397464403388
1931-05-01,3.9,1.7415510945948043,2.161087677896947,2.577744276995216
1931-06-01,5.9,5.34625482330908,5.797751247898905,6.2362997723038305
1931-07-01,7.4,7.434065178284307,7.918363935340787,8.360245706232469
1931-08-01,5.2,7.510826775103309,7.970235756183451,8.382319515459107
1931-09-01,0.4,4.761022883533168,5.201573204245129,5.632293260079259
1931-10-01,-6.4,1.0051269417811468,1.4838363361092952,1.9261779132444938
1931-11-01,-1.5,-2.681859776029418,-2.2473132625066343,-1.7765421068640928
1931-12-01,-5.3,-4.768230550725416,-4.17231469732001,-3.4769583130388053
1932-01-01,-4.9,-5.792859182200478,-5.196963039132609,-4.6040286284251986
1932-02-01,-9.6,-5.033144214432552,-4.453717661097896,-3.879770558123472
1932-03-01,-6.8,-3.134814942592413,-2.7086481279434995,-2.246601029975266
1932-04-01,-0.4,-0.9848795600504808,-0.5730189834645193,-0.16723916621895693
1932-05-01,0.4,1.7194880275263078,2.1918016203681026,2.5953330389906206
1932-06-01,6.1,5.364635094025782,5.824319868145928,6.26167800025344
1932-07-01,8.9,7.483561996256865,7.934468198554759,8.369815170802807
1932-08-01,10.7,7.503344133693961,8.009905668125342,8.42051070368476
1932-09-01,5.5,4.809934912717063,5.227751384775188,5.610507536672099
1932-10-01,2.3,1.0518066168459854,1.5094080990085879,1.9666905748069272
1932-11-01,-1.9,-2.6398325905941857,-2.197401812000732,-1.7473286870727378
1932-12-01,-5.0,-4.699410173803799,-4.137908695231717,-3.506222434021233
1933-01-01,-11.1,-5.7184634956432125,-5.138229433007982,-4.557559235214024
1933-02-01,-6.2,-4.992276041965325,-4.4185061203672085,-3.8631827268674077
1933-03-01,-2.2,-3.080678197307236,-2.6649034199418318,-2.1826802789808744
1933-04-01,-1.2,-0.9453461155554003,-0.5264043304140026,-0.08231389385944607
1933-05-01,2.3,1.7922639210190556,2.241946709388937,2.6284425622859953
1933-06-01,5.7,5.422011252119993,5.878785949341665,6.280948744645845
1933-07-01,7.1,7.544404870271162,7.96973885978093,8.422257850751656
1933-08-01,9.3,7.586232286459824,8.034548931956381,8.476601946248099
1933-09-01,6.3,4.849400012023791,5.260346186958817,5.66348878480984
1933-10-01,0.1,1.0865741756547163,1.5538695213683726,1.9834397332028202
1933-11-01,-2.8,-2.631190729406049,-2.1563001115808396,-1.7376522666987118
1933-12-01,-12.2,-4.671333663552969,-4.108031233830817,-3.4691443455659368
1934-01-01,-4.8,-5.718270439104331,-5.121881085130627,-4.505413295014303
1934-02-01,-8.0,-4.946749524071266,-4.389603504288124,-3.815729290354931
1934-03-01,-3.8,-3.035306739213523,-2.634104779937661,-2.141965832926743
1934-04-01,1.3,-0.8873384117548321,-0.5029575017778544,-0.04948130063130339
1934-05-01,0.9,1.8276849508484025,2.259336366228361,2.7152592732062195
1934-06-01,6.7,5.477990560182757,5.882335297560309,6.310922367800834
1934-07-01,8.3,7.547931081283368,8.011104711089637,8.439180382003695
1934-08-01,7.5,7.614507167563396,8.047603535106951,8.51684414809212
1934-09-01,5.8,4.860434900336643,5.288519176103646,5.7027984372540255
1934-10-01,2.1,1.1821969280784737,1.5696439389139565,2.02167636059796
1934-11-01,-3.4,-2.5912895464437873,-2.136914448427326,-1.667089928448525
1934-12-01,-0.9,-4.635256025520827,-4.08026756787827,-3.428498162371644
1935-01-01,-7.2,-5.70742100784898,-5.087939476815107,-4.4619102761427
1935-02-01,-8.0,-4.883009986098952,-4.385882970827538,-3.7638636141757074
1935-03-01,-5.6,-3.0082145763496912,-2.603917937831377,-2.1410397453531123
1935-04-01,-2.1,-0.8781396146496049,-0.4762412227322287,-0.07381191867207082
1935-05-01,-1.1,1.8157513974981467,2.278780507138645,2.713595554268305
1935-06-01,7.2,5.4817072089151955,5.924848253668362,6.321925263142964
1935-07-01,6.9,7.546368580668487,8.043684243367283,8.461582534687343
1935-08-01,8.5,7.666030647681538,8.072571908869202,8.519953124798144
1935-09-01,4.9,4.86849776800303,5.311321824464214,5.726871229309454
1935-10-01,-2.0,1.1635680069530576,1.5852692969882174,2.0797815887380455
1935-11-01,-2.8,-2.5866048065470277,-2.1016988955182834,-1.6593754990333331
1935-12-01,-4.7,-4.621850617600856,-4.05314863280147,-3.3904593040490134
1936-01-01,-4.0,-5.6570142676038815,-5.059567474856372,-4.440906262092952
1936-02-01,-8.7,-4.877239378401123,-4.347974000824595,-3.7561688275919303
1936-03-01,-1.6,-3.0043423694497524,-2.5776417130373916,-2.0794784779777507
1936-04-01,-1.9,-0.8590970605331455,-0.43082460624038454,-0.029979700134718568
1936-05-01,1.4,1.8710250636750154,2.3050350943716347,2.7179442250026504
1936-06-01,0.9,5.542088435449948,5.955345641210359,6.358331134118715
1936-07-01,9.5,7.596238823261465,8.084515811920816,8.48017901869048
1936-08-01,7.9,7.704597508791156,8.120995346612053,8.524262716565167
1936-09-01,1.3,4.9014148586913135,5.362850403430396,5.778665621880938
1936-10-01,-1.4,1.223174435638706,1.6293132541434243,2.1085204712820813
1936-11-01,-3.7,-2.56065547280627,-2.0701579670353434,-1.62018298492477
1936-12-01,-4.0,-4.595907817481673,-4.002795605396743,-3.3321330628341395
1937-01-01,-5.3,-5.589834793869338,-5.018193443213587,-4.399472689253926
1937-02-01,-1.0,-4.818529567270436,-4.277258149396815,-3.6705233513706705
1937-03-01,-1.9,-2.958143317869265,-2.5274068195944177,-2.0222754843107027
1937-04-01,1.9,-0.7842771328136272,-0.3898817665453236,0.055150012848675614
1937-05-01,4.1,1.92529634656176,2.358688022248446,2.812506968537836
1937-06-01,5.4,5.563293535753097,6.013374517168234,6.4139130772227295
1937-07-01,6.5,7.65086670954149,8.120165823126303,8.547057156723234
1937-08-01,9.9,7.77703854454669,8.163581971193446,8.584914354432772
1937-09-01,5.5,4.968863878691595,5.395039631362765,5.82550523444477
1937-10-01,4.1,1.2389241208567339,1.6521052237767646,2.1682541044869263
1937-11-01,-2.4,-2.500635414980185,-2.032983249273136,-1.583833459232358
1937-12-01,-5.1,-4.572175824023583,-3.9749828161539185,-3.334929051334369
1938-01-01,-8.5,-5.62451664331038,-4.992721084712624,-4.34058677646499
1938-02-01,-5.6,-4.828655602424687,-4.249410889504118,-3.6687197735885633
1938-03-01,-0.4,-2.9509717990915196,-2.518639330666227,-2.025116493627574
1938-04-01,-3.4,-0.7978300959011065,-0.3881701989839199,0.0490554097597222
1938-05-01,0.7,1.9195631170628877,2.3578114342609084,2.8047301141130054
1938-06-01,5.4,5.576555023671925,6.011001618079158,6.414850789303565
1938-07-01,8.6,7.68266728394904,8.100793350514813,8.549644215413537
1938-08-01,8.2,7.750427028446956,8.161934710674293,8.575319257144612
1938-09-01,2.7,4.976439942390126,5.4132716320343715,5.80723769185083
1938-10-01,-1.6,1.2437939923340178,1.6718969182995933,2.1315884296951415
1938-11-01,1.3,-2.5068707393463,-2.0304305409691166,-1.599926572144036
1938-12-01,-14.8,-4.584006269252582,-3.9900136474669816,-3.3409773998190406
1939-01-01,-3.7,-5.620821781446825,-4.991490164232976,-4.3168955588881515
1939-02-01,-9.1,-4.84139591097852,-4.268792035131475,-3.7007185331703987
1939-03-01,-4.6,-2.9611444674041802,-2.525795781476801,-2.054718535765373
1939-04-01,2.1,-0.8113848896009174,-0.40576794639451497,0.01760502031890415
1939-05-01,3.0,1.9202448609107896,2.3352731950799477,2.771497912297245
1939-06-01,2.7,5.552356221568565,5.993987300241555,6.408897567228095
1939-07-01,8.0,7.630460935295324,8.079933642488914,8.530334648608113
1939-08-01,8.7,7.706988260606868,8.13898378649619,8.55662268345221
1939-09-01,1.5,4.943626433457727,5.369762033149726,5.77093053379054
1939-10-01,-0.1,1.2029778165466811,1.63250748519734,2.114863448295489
1939-11-01,-2.9,-2.5371815523195043,-2.0522405404332718,-1.6409673790329018
1939-12-01,-7.6,-4.60459710034879,-4.020844167116798,-3.371234294243912
1940-01-01,-18.4,-5.697361927811057,-5.016360889570004,-4.369085746955306
1940-02-01,-15.3,-4.896095312392593,-4.284383158573388,-3.70289677831563
1940-03-01,-3.8,-2.9450634375956315,-2.5414922007532814,-2.037160134457629
1940-04-01,0.3,-0.8272557285848888,-0.4161916364826964,0.03172895300834809
1940-05-01,2.3,1.8805705749539399,2.334485155918629,2.776121801208778
1940-06-01,6.5,5.552613317069156,5.966218313884735,6.377702039905503
1940-07-01,8.2,7.611058863735234,8.078704468739158,8.488879407043497
1940-08-01,5.7,7.686423586782739,8.137164862291284,8.550955327326847
1940-09-01,2.6,4.8845476335356866,5.378086203117011,5.765422111266664
1940-10-01,-5.3,1.1410848790029544,1.6311580596681,2.0970988743377577
1940-11-01,-2.8,-2.5579317462522946,-2.0552778869551123,-1.6342294054906579
1940-12-01,-8.7,-4.631331287771791,-4.029187195114937,-3.338083648276794
1941-01-01,-10.2,-5.739433716331359,-5.021086086784905,-4.344007317104172
1941-02-01,-8.2,-4.898703172318671,-4.291322348788325,-3.696428704285711
1941-03-01,-2.8,-2.9588671191942164,-2.545716576838366,-2.030341734863973
1941-04-01,-1.5,-0.86098161146448,-0.40892572356748913,0.03093674002038845
1941-05-01,-1.1,1.892923058632046,2.344280829293793,2.8144317053973054
1941-06-01,3.9,5.546923958930027,5.986836325626002,6.394731787456014
1941-07-01,7.5,7.654144194860997,8.100063717826878,8.535833054998609
1941-08-01,8.8,7.719544774352173,8.167209681060932,8.582700306083607
1941-09-01,4.4,4.973305904727269,5.410580763625539,5.816956230948543
1941-10-01,0.0,1.2295297597917212,1.673362697314291,2.1529948292250656
1941-11-01,-4.7,-2.479189594383223,-2.0092203978648,-1.572346921579092
1941-12-01,-8.7,-4.583704505192569,-3.984042145256292,-3.264219251974881
1942-01-01,-17.6,-5.668803799268864,-4.975132676690665,-4.294248028081752
1942-02-01,-14.1,-4.861882186038581,-4.230206050531064,-3.582712516747601
1942-03-01,-3.5,-2.908158658613453,-2.490431084980689,-1.978595830659842
1942-04-01,2.2,-0.7597347028642316,-0.34259176209062897,0.12131105567742576
1942-05-01,-0.6,1.9706298703225353,2.4014070195198807,2.8985520433531593
1942-06-01,5.8,5.624979579111995,6.050141449080954,6.507008045184589
1942-07-01,8.7,7.724050123430711,8.175771493124266,8.632894233877495
1942-08-01,9.1,7.811736711560154,8.225472781388092,8.68104879716779
1942-09-01,6.8,5.027046969766764,5.464272946695353,5.903305085759897
1942-10-01,5.0,1.3061726093360297,1.7482602402199023,2.2415601648338503
1942-11-01,-2.6,-2.4151109350897007,-1.9555848723587017,-1.4878836769076342
1942-12-01,-5.6,-4.497837461243586,-3.9305999906163107,-3.186192371294037
1943-01-01,-6.9,-5.58003523394771,-4.917642392307002,-4.245277597051739
1943-02-01,-3.3,-4.782963185403062,-4.170326513663784,-3.5107403085249027
1943-03-01,-1.3,-2.851995516460449,-2.4329209719197884,-1.9228055941016833
1943-04-01,1.6,-0.7105017759159119,-0.3018939886267411,0.1832968041804884
1943-05-01,4.9,1.998923238660801,2.44203477142375,2.9736391543990663
1943-06-01,7.1,5.661564723988804,6.0963398199625365,6.533340039257392
1943-07-01,6.7,7.768625547502174,8.213587529980797,8.689483467310213
1943-08-01,9.0,7.824087718570101,8.26561202626933,8.721394487096273
1943-09-01,3.6,5.053318872072514,5.497708059394534,5.955486897856389
1943-10-01,2.8,1.3072806307056195,1.7721841836352215,2.2854927163682603
1943-11-01,-2.4,-2.389606374925712,-1.940545241701301,-1.459909793458097
1943-12-01,-7.0,-4.4748825650553465,-3.8909018769847123,-3.192096129532878
1944-01-01,-2.8,-5.528288418197957,-4.8989388608360915,-4.217211089596389
1944-02-01,-6.6,-4.755404496041311,-4.155825256820666,-3.537715732210869
1944-03-01,-6.2,-2.837923526579365,-2.4080127688328554,-1.922931836551279
1944-04-01,-2.3,-0.6971664954164566,-0.2761330947459667,0.18009605695625155
1944-05-01,-1.8,2.0174220145934245,2.4580483589596342,2.9256396617151985
1944-06-01,5.7,5.685672888092362,6.1144879830390355,6.555425077156084
1944-07-01,9.8,7.7848504614301826,8.204146731057259,8.7117256558989
1944-08-01,10.4,7.869221405648234,8.274186814175863,8.70464337119742
1944-09-01,3.8,5.096369572105696,5.498467974699941,5.954594562907659
1944-10-01,0.5,1.2949990367315893,1.7682497215907165,2.284579806358261
1944-11-01,-1.4,-2.3847883322867736,-1.9293326254591996,-1.4573281536732114
1944-12-01,-7.2,-4.48697972635975,-3.87759201102429,-3.1834429547301895
1945-01-01,-13.6,-5.52033636968924,-4.90051189437413,-4.230760046619126
1945-02-01,-1.1,-4.723611573719387,-4.145731211164365,-3.5386031746994524
1945-03-01,-0.8,-2.828510963107198,-2.4044690498047796,-1.9234542819030787
1945-04-01,0.4,-0.6861633238902839,-0.2755277072477581,0.17645599869609213
1945-05-01,0.4,2.025596223384946,2.4697692478774833,2.9182590920596674
1945-06-01,4.8,5.682773092619144,6.107175598033539,6.561616443496093
1945-07-01,8.7,7.777051007793867,8.208190216620348,8.727279641174237
1945-08-01,8.1,7.862028460593447,8.256969043495388,8.698340430321617
1945-09-01,6.8,5.101831698282989,5.484743474124024,5.9724822806003885
1945-10-01,1.8,1.3150005087198149,1.7659491420775848,2.300423938956001
1945-11-01,-2.5,-2.3846737825873117,-1.9386808640352546,-1.465992483337215
1945-12-01,-10.4,-4.485279454722944,-3.8775066514297336,-3.2148061553934197
1946-01-01,-8.7,-5.508477187184121,-4.910671164491986,-4.211989797106793
1946-02-01,-4.1,-4.771243679480397,-4.1653705683962166,-3.5586942615201185
1946-03-01,-4.1,-2.8700287116550736,-2.4279409386731516,-1.9182156965448567
1946-04-01,-1.5,-0.7272548943568576,-0.30531516281416726,0.18503110070097153
1946-05-01,0.5,2.012275313183726,2.4464581100853042,2.9132684455639652
1946-06-01,6.9,5.663238328823292,6.105933416802831,6.564149809844415
1946-07-01,8.7,7.76145149853298,8.191713267492428,8.735263467454924
1946-08-01,7.8,7.840110627707407,8.244968006058311,8.707256518633981
1946-09-01,7.1,5.101022141488356,5.49984337781067,5.966281000127644
1946-10-01,-2.6,1.279158561906105,1.7583807370734852,2.28189484003582
1946-11-01,-2.3,-2.3877786604032,-1.940784711437603,-1.4298335322257532
1946-12-01,-13.2,-4.530412462169518,-3.872027970222645,-3.1430534138114012
1947-01-01,-14.2,-5.534595998031304,-4.902090414685591,-4.203684515257602
1947-02-01,-11.5,-4.763227599311225,-4.16201448411767,-3.549164206412443
1947-03-01,-7.2,-2.8820481006072174,-2.423007508719315,-1.9279074445625457
1947-04-01,0.0,-0.7211645235720159,-0.29456118475485293,0.19924603616131978
1947-05-01,4.3,2.0516536517743234,2.4484599949419277,2.8978933256774053
1947-06-01,6.9,5.706706057525976,6.124217445978418,6.5826534337090035
1947-07-01,8.6,7.80206699513411,8.209662337272377,8.701693266530034
1947-08-01,10.2,7.842955898842846,8.263179585356863,8.737179057360306
1947-09-01,4.2,5.111927716853446,5.513250359423986,5.955739105809207
1947-10-01,-2.4,1.2917581375447373,1.77217646060455,2.2666179312635353
1947-11-01,-2.1,-2.3747302387885405,-1.9366874077547087,-1.470505629618909
1947-12-01,-4.8,-4.468512520201806,-3.869933822165419,-3.1892654789878585
1948-01-01,-1.9,-5.494310931053975,-4.8854905666352755,-4.221215069549062
1948-02-01,-10.6,-4.7644070459412395,-4.153468355369089,-3.550823499618119
1948-03-01,-1.5,-2.8587911826645933,-2.4221519169991987,-1.84542992978771
1948-04-01,0.8,-0.7012036290687791,-0.28606009452981096,0.18956943456028028
1948-05-01,2.2,2.0466547361055794,2.4594457363421176,2.914193987633679
1948-06-01,5.2,5.66599646791061,6.099326737004586,6.603360370819497
1948-07-01,6.5,7.769034505386757,8.208799752571247,8.699477586654616
1948-08-01,6.7,7.840074500183519,8.25347246195103,8.745285402756531
1948-09-01,4.3,5.104124338465448,5.512298498192276,5.914028856601631
1948-10-01,-1.3,1.3024157675280021,1.7689083633465783,2.254094572829981
1948-11-01,-3.6,-2.360922753658243,-1.943717473100779,-1.409141406243287
1948-12-01,-8.6,-4.5097061537523135,-3.8580188435705782,-3.2087916549629
1949-01-01,-2.6,-5.481595144083163,-4.885922699754734,-4.240527054151905
1949-02-01,-7.0,-4.7418330734051874,-4.16418756543985,-3.5158548128166163
1949-03-01,-7.0,-2.8445603342530257,-2.4182541282504135,-1.8674725450146754
1949-04-01,-1.1,-0.6925003664772733,-0.2734799335309498,0.2126575016530745
1949-05-01,-0.2,2.0498787408470225,2.4612766837062052,2.9733708078233545
1949-06-01,2.9,5.680842119914672,6.116392223493312,6.590723945717873
1949-07-01,7.0,7.79022611348221,8.221268907202731,8.690922489751497
1949-08-01,5.4,7.851268813409402,8.265473770088706,8.739250219394792
1949-09-01,9.3,5.110679245354204,5.523508796077235,5.9881845269752665
1949-10-01,-3.7,1.3420466659478878,1.78873232852254,2.2984798232956263
1949-11-01,-3.1,-2.3464660680921066,-1.9266396354964193,-1.4405883781952395
1949-12-01,-3.5,-4.485728596582505,-3.8270120688531213,-3.2010731866758437
1950-01-01,-9.9,-5.5157271491279944,-4.8559179585161445,-4.226938117479975
1950-02-01,-4.4,-4.72216504226702,-4.141716774632043,-3.5297724870991565
1950-03-01,-4.2,-2.8045151894553335,-2.3893097230858364,-1.885856084740874
1950-04-01,-0.3,-0.661497672345368,-0.262091670010557,0.22820273046992412
1950-05-01,3.8,2.07296078392466,2.4916089745462733,3.0161839028067945
1950-06-01,6.6,5.712476292432755,6.151629680688327,6.603726883378169
1950-07-01,9.1,7.817154670276,8.255436548607975,8.733020287598421
1950-08-01,8.1,7.882258613560246,8.28442272071557,8.797020034265941
1950-09-01,6.1,5.133649501129215,5.5436501688053355,6.001808748985358
1950-10-01,-4.8,1.3577628412227232,1.8131643409842608,2.327204132933072
1950-11-01,-1.1,-2.331039845988002,-1.9057687736470021,-1.4088010915487965
1950-12-01,-16.4,-4.455659814480911,-3.8150076455390476,-3.170694357646592
1951-01-01,-0.8,-5.475523340519016,-4.84207911057017,-4.2025579526298165
1951-02-01,-1.6,-4.70159853500041,-4.135820216859335,-3.534222760074252
1951-03-01,-4.5,-2.7871465338772983,-2.3634722023069585,-1.8844200382883578
1951-04-01,-0.8,-0.6651861638454183,-0.24528918293984636,0.21237320982436328
1951-05-01,2.8,2.0799559664233342,2.484295498148493,3.013016232361112
1951-06-01,7.0,5.710975978843233,6.140872740502029,6.562061029585109
1951-07-01,7.1,7.801336290542166,8.239226892550874,8.726087751524082
1951-08-01,8.4,7.869912117515257,8.27621677956293,8.738967174299873
1951-09-01,4.7,5.080883823375504,5.525509116522493,5.9737372045370405
1951-10-01,-0.3,1.3229897841239366,1.7854929928180052,2.2625508727399635
1951-11-01,-0.1,-2.3667559674738428,-1.9348722924395294,-1.418744619402602
1951-12-01,-3.1,-4.475398611890206,-3.859162437822708,-3.246424808819553
1952-01-01,-8.2,-5.488761561793996,-4.892743028514689,-4.240967893052659
1952-02-01,-6.4,-4.738816513564058,-4.165577208331692,-3.570991920076767
1952-03-01,-2.0,-2.8444482096106136,-2.3919484793920947,-1.9514802584762285
1952-04-01,-1.8,-0.7094486472582633,-0.2833120806430328,0.152175984985642
1952-05-01,4.4,2.0374924126291982,2.4534175530276428,2.9358972229784737
1952-06-01,4.6,5.656314557769815,6.104359461791507,6.580950150687855
1952-07-01,8.6,7.749055346731634,8.194380726911225,8.651801275814197
1952-08-01,8.9,7.809602641451857,8.247563912116284,8.698472553931929
1952-09-01,2.8,5.002025451987364,5.488321616802294,5.943775706891137
1952-10-01,0.1,1.2816125807331888,1.7495406348498397,2.2416973683711845
1952-11-01,-4.3,-2.4047729221498617,-1.9587914556556263,-1.4719377843729013
1952-12-01,-6.4,-4.521464319993978,-3.895626273652495,-3.2798510381885704
1953-01-01,-6.8,-5.552886080923804,-4.91661130764956,-4.234207535719438
1953-02-01,-8.4,-4.740753257607079,-4.20398964309814,-3.5785481698255595
1953-03-01,-3.2,-2.8380083882413083,-2.4289378200917158,-1.9644261090444672
1953-04-01,0.8,-0.7647387296384461,-0.3209843076316707,0.15985792741919702
1953-05-01,2.1,1.969402589560496,2.453874550188601,2.8992110530457946
1953-06-01,5.3,5.619896345941273,6.099978216956493,6.536676576155062
1953-07-01,9.0,7.735859920743326,8.203567615819608,8.609885234587328
1953-08-01,7.9,7.820965318435236,8.245169823029464,8.668407181794835
1953-09-01,5.1,5.065234038372031,5.493178141153511,5.938357487649381
1953-10-01,3.2,1.3010171930513785,1.7561683371957268,2.2329738912271835
1953-11-01,-2.4,-2.428491792877128,-1.9440887432697798,-1.519592475538584
1953-12-01,-3.3,-4.48154732103993,-3.8968708120754147,-3.2574359446752967
1954-01-01,-12.8,-5.575075261818825,-4.930373376130172,-4.269100560858947
1954-02-01,-14.6,-4.786620251883873,-4.181341952220176,-3.5919632956504475
1954-03-01,-2.6,-2.8531258280753704,-2.4415631183005764,-1.9996205114768488
1954-04-01,0.0,-0.7474712189877436,-0.3278578332318728,0.14408183214946782
1954-05-01,2.7,1.974082860671769,2.4593719606615165,2.8846858881797868
1954-06-01,4.8,5.6674485602731455,6.089032464166989,6.514932512945353
1954-07-01,5.9,7.745522826532112,8.188964859208411,8.588850882337566
1954-08-01,9.2,7.832356535650947,8.242676881831455,8.656821027810993
1954-09-01,4.1,5.032632072102431,5.47700530271938,5.899653433313685
1954-10-01,2.2,1.2979567682678117,1.74415233509752,2.2082313901203032
1954-11-01,-2.9,-2.432992415357866,-1.9608597160353143,-1.5296221810987984
1954-12-01,-1.5,-4.527621318903166,-3.8963875431987707,-3.2765004786351732
1955-01-01,-4.6,-5.5424844633130705,-4.934249321733263,-4.252221252082818
1955-02-01,-10.9,-4.791815705039517,-4.2045229780342135,-3.5568033093464684
1955-03-01,-8.3,-2.9152701565378663,-2.437917111282999,-1.9979188445910385
1955-04-01,-1.8,-0.7731967346399692,-0.3187363552768574,0.13115724360951836
1955-05-01,0.0,1.956155269664627,2.4350646191926826,2.8596378889643645
1955-06-01,2.5,5.608702043019406,6.079115216159708,6.505667513883264
1955-07-01,8.1,7.72946588861083,8.196576067767538,8.62092322891946
1955-08-01,9.1,7.783451596214728,8.24257121805996,8.650586249913303
1955-09-01,7.0,5.027714091243517,5.480481833266235,5.894083489894504
1955-10-01,-1.5,1.2931112802347313,1.7441095194450749,2.204952758309914
1955-11-01,-3.7,-2.4347859848664513,-1.9722040460885908,-1.522662617743699
1955-12-01,-3.7,-4.521349053068537,-3.9217525641467574,-3.2470133210614125
1956-01-01,-12.9,-5.49996108189634,-4.938188360757362,-4.265732744815859
1956-02-01,-16.4,-4.7779537645428825,-4.200919364252146,-3.569869354191801
1956-03-01,-4.6,-2.880994855875354,-2.4316995580447944,-1.9522075873138296
1956-04-01,-2.9,-0.7656622851913766,-0.3048747896783144,0.16112757936431746
1956-05-01,0.6,1.9574570039029646,2.442251542933274,2.8799107003474242
1956-06-01,4.6,5.648237879293233,6.08362490070719,6.511452520470167
1956-07-01,10.4,7.785337240199778,8.193829887957147,8.627224845162552
1956-08-01,6.9,7.803990386763066,8.241995208434382,8.683231952810608
1956-09-01,7.0,5.0429527955905336,5.492085432904425,5.896203449829128
1956-10-01,-1.1,1.3009729902540845,1.7647472412509462,2.2223458548566994
1956-11-01,-6.2,-2.405670196522527,-1.960997055320097,-1.495096620409687
1956-12-01,-4.8,-4.4865566599549,-3.884465337261416,-3.22500624609531
1957-01-01,-5.7,-5.519833134957893,-4.899577627995727,-4.2436974725620855
1957-02-01,-4.1,-4.7439908552218615,-4.171930808212753,-3.5452444990694625
1957-03-01,-0.4,-2.883074129940876,-2.411659875502056,-1.9311715668250835
1957-04-01,-1.0,-0.744830614650343,-0.2823509394649224,0.17756355866166576
1957-05-01,-1.2,1.9971811145710512,2.456758399011969,2.8792640900072812
1957-06-01,5.6,5.654928124347181,6.11186263752952,6.561972193193603
1957-07-01,9.8,7.782844655760557,8.21495827576943,8.620907569486178
1957-08-01,7.8,7.801010014565207,8.266000356146378,8.703856467742575
1957-09-01,3.5,5.057772852003712,5.523939872281477,5.900534925131386
1957-10-01,2.4,1.310005850811693,1.7847766679258656,2.2322491521879266
1957-11-01,-1.9,-2.3733917910214752,-1.9354435211682905,-1.4574032800242993
1957-12-01,-5.8,-4.509757293453257,-3.878984125043111,-3.2401178783503446
1958-01-01,-5.6,-5.528039853709209,-4.8886423870137845,-4.235718754431427
1958-02-01,-6.9,-4.744310495070652,-4.149945544980726,-3.586592184037983
1958-03-01,-6.3,-2.850346241344018,-2.3976878188872455,-1.941764305771663
1958-04-01,-1.6,-0.6958063034859157,-0.27821071199629066,0.17816548552508804
1958-05-01,2.5,2.0185701718739386,2.4887349327828234,2.897921685629228
1958-06-01,6.3,5.674078453787648,6.12774804237461,6.566360146599856
1958-07-01,8.4,7.7807174761093085,8.24740044148471,8.663956096668617
1958-08-01,8.7,7.853430877075241,8.286381561834112,8.705155007168278
1958-09-01,5.3,5.063540947036879,5.543949933740832,5.926597945140843
1958-10-01,3.1,1.369796654941143,1.818149465387577,2.258155899215037
1958-11-01,-2.4,-2.3612163666369277,-1.9105489907753537,-1.443759246826767
1958-12-01,-4.6,-4.442231253275674,-3.8094673307688023,-3.2049354875070044
1959-01-01,-5.6,-5.472349062643248,-4.849612951923928,-4.252008320034078
1959-02-01,-6.0,-4.687548455012658,-4.11750551557989,-3.548420005481054
1959-03-01,-1.5,-2.765648713804115,-2.3614033884142014,-1.9385612613967662
1959-04-01,-1.0,-0.6501585345083121,-0.23654436919777555,0.19807599481437047
1959-05-01,1.9,2.0689883840808068,2.529803128565282,2.950514520045869
1959-06-01,6.3,5.728731114424125,6.164696638889935,6.6349061868255435
1959-07-01,8.8,7.827635421326985,8.289816396715075,8.696782324545657
1959-08-01,7.8,7.875578828361751,8.337210933707848,8.764512308226838
1959-09-01,6.7,5.093176210648698,5.579887955119601,5.994912003310387
1959-10-01,0.2,1.402250278814173,1.8360732570884002,2.3269092940900693
1959-11-01,-1.5,-2.3038870556061846,-1.8778248730659364,-1.4091313414408835
1959-12-01,-2.4,-4.402103205693355,-3.8072762448076833,-3.1694460033374607
1960-01-01,-11.6,-5.461716748833686,-4.81630336922599,-4.196966853528504
1960-02-01,-6.3,-4.6501083301016815,-4.067253687982756,-3.500845745240412
1960-03-01,-2.4,-2.7687525494976843,-2.3350184647670904,-1.8737311804971248
1960-04-01,-0.5,-0.6108273344363565,-0.19368119182788257,0.23491747879038513
1960-05-01,0.6,2.113955603546483,2.554712047645538,2.9875705874002687
1960-06-01,7.8,5.752844053353905,6.203368959318339,6.655340836776242
1960-07-01,5.6,7.891407392862825,8.303424488243255,8.76333079700838
1960-08-01,6.6,7.936533155920979,8.371273853915469,8.824851752175828
1960-09-01,3.6,5.1725820853196325,5.594197815238562,6.016814279964114
1960-10-01,1.5,1.4257330883610877,1.8993078999961432,2.338190956039392
1960-11-01,-0.2,-2.248714125652579,-1.8289576997943984,-1.380707084038817
1960-12-01,-3.1,-4.398677689535198,-3.743981207300698,-3.10021319016716
1961-01-01,-6.9,-5.387229707872357,-4.758893699668873,-4.1577891351992315
1961-02-01,-0.3,-4.604633848936922,-4.0195576510146935,-3.4538591026770615
1961-03-01,-1.5,-2.714376160405045,-2.3044213664372526,-1.835018165901569
1961-04-01,4.5,-0.5652434835116849,-0.14037246271947879,0.27769703011880775
1961-05-01,0.9,2.174460769006579,2.6025656027810653,3.0663648748314087
1961-06-01,6.3,5.815099643862803,6.226038793590044,6.698449375305317
1961-07-01,6.9,7.887135509835545,8.333300773141259,8.780413365453537
1961-08-01,7.0,7.916300988121307,8.381069248307078,8.842324894916853
1961-09-01,9.4,5.189138982482167,5.6172047338491655,6.065559372905285
1961-10-01,4.1,1.4398660127088176,1.886823994961588,2.331414151772463
1961-11-01,-2.9,-2.2862376680237055,-1.8421368603366428,-1.4257458042851914
1961-12-01,-10.5,-4.390465311620535,-3.7775587932319974,-3.1444263698367605
1962-01-01,-7.3,-5.462579089420019,-4.810990949876034,-4.204247550799212
1962-02-01,-6.4,-4.637790462934979,-4.075109696062734,-3.5064074267435332
1962-03-01,-4.5,-2.787514154280505,-2.337343066621683,-1.9141564375040117
1962-04-01,1.3,-0.6725857617049312,-0.21104796187466057,0.18436484111789705
1962-05-01,-0.3,2.041080793981645,2.5413625551012835,2.951328313363017
1962-06-01,1.6,5.694459377077817,6.157790481016731,6.579051081986108
1962-07-01,6.1,7.778635190793973,8.28782647781794,8.693411212797857
1962-08-01,7.7,7.833635971766379,8.326723461695876,8.742615767499336
1962-09-01,4.2,5.049547826956266,5.571116631453325,5.959453013006414
1962-10-01,1.2,1.3225559530528987,1.8267950592420457,2.2708441000278707
1962-11-01,-5.0,-2.3938985127095784,-1.8934423751996365,-1.4612682170203715
1962-12-01,-11.1,-4.532653685156963,-3.8438393056113296,-3.207546562288027
1963-01-01,-16.6,-5.555835792905084,-4.862684864644657,-4.252331772035178
1963-02-01,-10.7,-4.818025026643856,-4.139936309401033,-3.555305982913242
1963-03-01,-4.6,-2.8666376821688813,-2.3837278036908947,-1.9495051911106238
1963-04-01,-1.3,-0.785661995556586,-0.26728703804928033,0.15709448065832698
1963-05-01,1.5,1.9464561808256144,2.4909358555301178,2.899896932699037
1963-06-01,5.9,5.6120994432379065,6.118954113840994,6.563601658763219
1963-07-01,8.3,7.703554686157764,8.249807823952848,8.695568937986446
1963-08-01,7.1,7.759043713013238,8.28204176367053,8.7332758779681
1963-09-01,4.8,4.979885173789634,5.53459300451394,5.933415582459419
1963-10-01,0.7,1.2451648654024827,1.799131803239257,2.230389914050887
1963-11-01,-1.5,-2.4624061777012827,-1.904420838722909,-1.451306549932978
1963-12-01,-12.1,-4.618863851585014,-3.874849401247073,-3.229331692260364
1964-01-01,-6.7,-5.612063831171196,-4.884373115846087,-4.300454390834183
1964-02-01,-5.6,-4.839862383284913,-4.156372363968005,-3.5697321764227103
1964-03-01,-6.2,-2.937807663211846,-2.412839785997301,-1.9197819090539143
1964-04-01,-1.4,-0.7929337815235373,-0.27691276138781284,0.13028530715207579
1964-05-01,3.7,1.9133744469758325,2.4924864775709814,2.9065255526981244
1964-06-01,5.1,5.563849028402732,6.102005711291525,6.557105706450745
1964-07-01,5.5,7.668654642031907,8.249181011825492,8.683584223338814
1964-08-01,6.0,7.759740034835881,8.271274378959717,8.70931815640601
1964-09-01,5.5,4.945345789200611,5.514465093485112,5.929663047503669
1964-10-01,-0.8,1.2152863418934103,1.7894843550078932,2.2247066951561516
1964-11-01,-0.9,-2.5085829519771394,-1.9022081731366527,-1.4486559328561404
1964-12-01,-10.8,-4.557739633582327,-3.865540525154957,-3.2176338140227836
1965-01-01,-3.5,-5.6059349673898335,-4.8765185203342805,-4.288712031589071
1965-02-01,-6.3,-4.8228797748917644,-4.148178077196994,-3.5781377736278133
1965-03-01,-6.5,-2.9559521434095863,-2.398278246164719,-1.9458091475756174
1965-04-01,-1.2,-0.8011357371628,-0.2564013864661955,0.153393837937725
1965-05-01,1.9,1.9381387222288642,2.4896270008523445,2.94036260131053
1965-06-01,7.5,5.536126318851249,6.115916705688562,6.541923278796558
1965-07-01,5.2,7.616108959185386,8.244032733940266,8.70212573870727
1965-08-01,7.2,7.729414601493312,8.288079672997839,8.719644128963632
1965-09-01,6.3,4.965586793525217,5.5358400521556055,5.942967210537062
1965-10-01,1.3,1.1750032172177034,1.8120253241517468,2.230010045494488
1965-11-01,-6.5,-2.5033699020048976,-1.8995870375213664,-1.4610818665048617
1965-12-01,-3.5,-4.579860479629732,-3.850176589353847,-3.222058380166348
1966-01-01,-13.9,-5.5817873043136945,-4.854213529038245,-4.277722020316023
1966-02-01,-3.4,-4.785285436082321,-4.124907295287387,-3.5275446510558446
1966-03-01,-2.1,-2.910169730251875,-2.369031255531038,-1.8926422201603772
1966-04-01,-1.6,-0.7856762975129991,-0.2356245399074831,0.20241589416831612
1966-05-01,2.5,1.9778593704061793,2.509115449310051,2.909355401350806
1966-06-01,7.7,5.568606889652649,6.146215076125294,6.56367558050892
1966-07-01,7.6,7.6585002101121145,8.274065264026191,8.729827009422099
1966-08-01,6.7,7.784053645319854,8.331770287109158,8.759693328798745
1966-09-01,5.8,5.0326888160635175,5.545357620478839,5.982987875430275
1966-10-01,-1.7,1.266558535588836,1.8319284808594334,2.2481832142770917
1966-11-01,-3.6,-2.457731681298936,-1.8780474813868082,-1.4387213099972744
1966-12-01,-3.3,-4.506050116435987,-3.8203285098481463,-3.1874492220887736
1967-01-01,-8.8,-5.526321064195464,-4.8243119013008595,-4.2261230591330134
1967-02-01,-4.2,-4.756883801230994,-4.114535045172996,-3.478671981117806
1967-03-01,-0.3,-2.8887943214116554,-2.3508112825325442,-1.8623848567285506
1967-04-01,-1.0,-0.7397939654192358,-0.2200559692411279,0.23133081509324888
1967-05-01,-0.5,2.025554325727833,2.5401173128599774,2.962166147663609
1967-06-01,5.6,5.646097568264047,6.183560103898925,6.5984905244829255
1967-07-01,7.4,7.723911127291286,8.302450348415991,8.758205619695845
1967-08-01,9.2,7.773124006260491,8.364558024121179,8.752522179959213
1967-09-01,6.4,5.06351282269964,5.586242548181543,6.007451745239353
1967-10-01,1.4,1.3481416600657783,1.8596370531764623,2.3230414378744233
1967-11-01,-2.6,-2.409919864589949,-1.845527846299364,-1.3979501939357621
1967-12-01,-8.4,-4.481598132079779,-3.7917284194460787,-3.1557986815439487
1968-01-01,-10.8,-5.486959520101534,-4.797578008929593,-4.191388145018127
1968-02-01,-5.3,-4.733718652306133,-4.065492712780486,-3.481668349330866
1968-03-01,-2.2,-2.807012691678163,-2.298198712900123,-1.839700646982476
1968-04-01,-2.2,-0.690921619707372,-0.1885088893216217,0.27347874577163883
1968-05-01,0.7,2.0672890649975084,2.573761779731218,3.030870990058329
1968-06-01,5.9,5.695559961192195,6.230986154173739,6.63139191247618
1968-07-01,6.8,7.828471747784883,8.341673540473334,8.785034063407902
1968-08-01,8.0,7.851028536047759,8.409367809882626,8.800204390947345
1968-09-01,8.6,5.149890650833875,5.644025174814233,6.060029400778606
1968-10-01,5.2,1.4362933803061928,1.927958901341635,2.3219467373626386
1968-11-01,-4.5,-2.2947536467939087,-1.7977314069084143,-1.3867542750015525
1968-12-01,-11.8,-4.35650856881886,-3.7405818847858674,-3.106137326028053
1969-01-01,-2.7,-5.37858957280493,-4.758149174075609,-4.1451079729193525
1969-02-01,-10.2,-4.659384400439525,-4.030068088104528,-3.459343297592992
1969-03-01,-2.9,-2.753724294918745,-2.2585743710945834,-1.841300530250061
1969-04-01,-1.2,-0.6469967395378353,-0.15921526968784738,0.2921092843982285
1969-05-01,2.8,2.12828464622703,2.6122871687826645,3.036887189964308
1969-06-01,5.8,5.756495214245647,6.247209492295033,6.670136680976121
1969-07-01,7.4,7.839100392005525,8.37564183325575,8.799402877661501
1969-08-01,8.5,7.870888917704779,8.427269049973848,8.822093423864263
1969-09-01,4.1,5.172144565387729,5.659685059728737,6.04914515294134
1969-10-01,2.5,1.4492390626592835,1.935395808754285,2.3514298844863983
1969-11-01,-3.4,-2.2959633897080387,-1.7805004052262605,-1.367055304484359
1969-12-01,-7.7,-4.333892007707401,-3.7408566038479614,-3.1067947276157954
1970-01-01,-9.6,-5.384150089494514,-4.7250993435397515,-4.146908787026592
1970-02-01,-6.8,-4.639288997964376,-4.010173047066141,-3.422410023753825
1970-03-01,-5.7,-2.7608554393295717,-2.2395844093521404,-1.822453381392645
1970-04-01,-2.5,-0.5994327633206357,-0.13696279010758095,0.3380762477423212
1970-05-01,0.7,2.1610906524873443,2.6366862342120334,3.068660478264073
1970-06-01,8.9,5.799775554324366,6.263685169887061,6.676651016027274
1970-07-01,7.9,7.862434650727912,8.390592688973763,8.830741456567111
1970-08-01,7.9,7.864447047302726,8.459720851359252,8.851112614993943
1970-09-01,5.9,5.181026330384137,5.684066626007785,6.102853150526255
1970-10-01,2.3,1.4663883167980398,1.9618777626101336,2.361040810400753
1970-11-01,-0.1,-2.2485796935376086,-1.7585511338302762,-1.3453034315482921
1970-12-01,-9.9,-4.321083929436278,-3.69657607107884,-3.0709169215864556
1971-01-01,-10.2,-5.367063924608262,-4.689952496621267,-4.096351011738114
1971-02-01,-4.3,-4.59988097704659,-3.9824883655944348,-3.4156465639043554
1971-03-01,-10.1,-2.6976048289528167,-2.202905581563169,-1.808449806048494
1971-04-01,-0.1,-0.5729767765815833,-0.11844528181687086,0.37161555309116107
1971-05-01,3.1,2.180417117703273,2.6666462947362235,3.0950366599037573
1971-06-01,5.6,5.807152849988628,6.308118907925428,6.69279961794763
1971-07-01,6.1,7.914402277291292,8.41910910688735,8.866297272713245
1971-08-01,10.3,7.996634614522672,8.483669607672105,8.8849248604599
1971-09-01,4.0,5.231425032562826,5.71970606770369,6.131986695083608
1971-10-01,0.3,1.53425111289429,1.9994243526202464,2.402165635004722
1971-11-01,-3.6,-2.185980826748026,-1.7194567516536596,-1.302586024480018
1971-12-01,-1.9,-4.238320782366598,-3.6571900323282636,-3.02824968307337
1972-01-01,-10.2,-5.3079122313599,-4.674669504360941,-4.069891125743414
1972-02-01,-4.9,-4.581675168786642,-3.9497419700503937,-3.3648210033849977
1972-03-01,-4.3,-2.6513317645136856,-2.163621520001846,-1.7551245880637982
1972-04-01,-0.1,-0.5103224607414808,-0.08156157356954918,0.4075666846618506
1972-05-01,3.6,2.264635189422007,2.706148692362676,3.154608672889599
1972-06-01,5.7,5.885548325083748,6.350736146013228,6.745286457103248
1972-07-01,8.5,7.9734116062978115,8.458814657394765,8.884891951025972
1972-08-01,7.1,8.041725612196919,8.528279503817007,8.950251291847863
1972-09-01,4.2,5.263429212044676,5.755449887510899,6.19145776588628
1972-10-01,-0.1,1.6030425480234247,2.0419652636681467,2.4619760172574474
1972-11-01,-0.5,-2.1459696602202696,-1.681169621334114,-1.2518468607781026
1972-12-01,-4.8,-4.196788184107626,-3.592301475030207,-3.0128276284333735
1973-01-01,-3.8,-5.221156373925348,-4.624771024001284,-4.03850943497754
1973-02-01,-3.1,-4.442317008375104,-3.8814278062486514,-3.3105119593831307
1973-03-01,-2.0,-2.5766826643171816,-2.112953565015336,-1.6679902664695123
1973-04-01,-1.4,-0.45428678549000834,-0.01617190131971058,0.4727979111144007
1973-05-01,3.0,2.3296702719246296,2.7600625035082595,3.203155828145953
1973-06-01,6.5,5.961707194190585,6.402977423892177,6.8266054980612925
1973-07-01,9.1,8.032101638883546,8.52008160721222,8.951829229358147
1973-08-01,9.4,8.09985953872538,8.573434494567444,9.011222295878829
1973-09-01,6.5,5.400059434551132,5.822448984521441,6.212693140823253
1973-10-01,0.9,1.6413965746573358,2.0990904948325877,2.5207763027968197
1973-11-01,-4.4,-2.0881808670989845,-1.6023587487183186,-1.1967814470871954
1973-12-01,-10.4,-4.1181479554808895,-3.5185927980159484,-2.9717877408319446
1974-01-01,-4.4,-5.13797635105,-4.571367515802911,-3.981514939232099
1974-02-01,-2.7,-4.397982419252808,-3.824511226837495,-3.2339657311008674
1974-03-01,-1.5,-2.5056942201401213,-2.0562115120514894,-1.6513878475226542
1974-04-01,1.8,-0.36352138150678587,0.0381840151334234,0.49248416182883314
1974-05-01,0.1,2.3935529476993618,2.820772888208602,3.2605001737705024
1974-06-01,5.6,6.059311176749782,6.451836004006195,6.895550400895629
1974-07-01,7.6,8.104090253296308,8.598247600392586,9.002859522864666
1974-08-01,7.2,8.171181174670474,8.626829720601135,9.065246042355687
1974-09-01,3.1,5.435627074598865,5.866741171064963,6.279666472363121
1974-10-01,1.0,1.7276900735070175,2.152437643426965,2.5875062619982856
1974-11-01,-0.1,-1.999225740434732,-1.5533193123254598,-1.13875705155311
1974-12-01,0.7,-4.0161481741103175,-3.487563102299341,-2.908894529077037
1975-01-01,-1.8,-5.06655958783878,-4.531681175645672,-3.887242362956996
1975-02-01,-3.3,-4.322245244842475,-3.7759017642211368,-3.1882520839805952
1975-03-01,-1.5,-2.433104874713056,-2.02525847051391,-1.6165077242114048
1975-04-01,-1.4,-0.3356239943081307,0.07583181170399111,0.5118392643935007
1975-05-01,2.6,2.384671518563826,2.8437319870847064,3.2968117385293385
1975-06-01,1.8,6.0795378809093865,6.482386863316268,6.911065020087622
1975-07-01,6.4,8.134289005795948,8.614937828225521,9.015483820810546
1975-08-01,9.1,8.199407295050177,8.654416056165104,9.07993265234459
1975-09-01,8.0,5.456687763109526,5.878610494813914,6.30291593334758
1975-10-01,0.5,1.7286485695193523,2.15283288125621,2.5574680774477776
1975-11-01,-4.5,-2.0136149039387785,-1.553628081650922,-1.151019310608847
1975-12-01,-7.3,-4.095878786524002,-3.490664040586501,-2.9064826100542462
1976-01-01,-9.7,-5.111488629709505,-4.522799073500633,-3.9133509380353573
1976-02-01,-8.1,-4.377014499536224,-3.787883769066016,-3.1954358193200814
1976-03-01,-5.9,-2.4918038443369404,-2.036516673829281,-1.6277513759956446
1976-04-01,-1.4,-0.3580312737624364,0.07813100367016568,0.5332812752036289
1976-05-01,2.8,2.41207478042455,2.844948114230898,3.287428153894924
1976-06-01,4.1,6.0224110992539845,6.456293351154299,6.94109289985987
1976-07-01,9.1,8.104761767526627,8.610812170675754,9.019590949054207
1976-08-01,7.2,8.198627559912987,8.662270071603347,9.059241975673137
1976-09-01,7.1,5.464011066342171,5.904858298281082,6.281958423377528
1976-10-01,3.0,1.753221250626555,2.1731065551329367,2.5952140015789964
1976-11-01,-1.4,-2.0187494196698617,-1.5409642327567576,-1.1207030374848657
1976-12-01,-10.6,-4.06436309439073,-3.4723426711918903,-2.913760719188013
1977-01-01,-3.9,-5.090016151302189,-4.485277781522616,-3.9200265089530593
1977-02-01,-3.6,-4.319078976142352,-3.7546215468396342,-3.1756919867453295
1977-03-01,-2.7,-2.428875825968913,-2.011883442372252,-1.5995132961858467
1977-04-01,-2.5,-0.3078174386170725,0.09575851400886815,0.5664910554350929
1977-05-01,3.4,2.407883424710439,2.8707898794469773,3.302665144821897
1977-06-01,6.4,6.039645354011221,6.502293076871803,6.946234461056158
1977-07-01,6.6,8.143778801772513,8.64883616619883,9.037962264173625
1977-08-01,9.2,8.200913550581042,8.661670813789534,9.074584773214594
1977-09-01,3.7,5.493081108203313,5.9083716306668626,6.305703527906771
1977-10-01,3.9,1.7343698342233218,2.2020165036525254,2.621837751006225
1977-11-01,-3.1,-2.0032404355182045,-1.5258680049546163,-1.0917962989202874
1977-12-01,-3.1,-4.036449288611235,-3.458925724024859,-2.8667019819440647
1978-01-01,-2.6,-5.083709156806153,-4.4864650965520845,-3.9353598181411957
1978-02-01,-8.3,-4.321590952458395,-3.766112696251627,-3.1752728544029734
1978-03-01,-2.0,-2.441680718628861,-1.997607974374902,-1.5610038602472671
1978-04-01,-1.6,-0.3298102116720013,0.12443897917081259,0.593072867012866
1978-05-01,5.4,2.386768087050567,2.8896335898569276,3.3210079450784993
1978-06-01,5.6,6.005312858283546,6.529755295942087,6.983933532226409
1978-07-01,7.4,8.106516730322902,8.672900187480451,9.051464311076048
1978-08-01,6.0,8.186275769203746,8.68601556788838,9.126341670598187
1978-09-01,4.3,5.456325048305009,5.933196306830624,6.344615579594038
1978-10-01,1.5,1.700329603630969,2.214856179310674,2.668062924857116
1978-11-01,-4.9,-2.0353251459743524,-1.5061493207442107,-1.0737398720340738
1978-12-01,-13.5,-4.066162498042481,-3.4371732703867752,-2.8270610855558838
1979-01-01,-14.3,-5.061941410114503,-4.460616605855593,-3.881256688302257
1979-02-01,-7.5,-4.305781244928696,-3.7417755784179776,-3.1423274800642873
1979-03-01,-2.0,-2.4311552247159303,-1.9555448111667788,-1.5624079253686571
1979-04-01,-1.2,-0.33914403843212015,0.13650009241843075,0.618778506154488
1979-05-01,-0.4,2.418657721507749,2.917537865327286,3.366010596323771
1979-06-01,6.9,6.062848287119245,6.556729051823943,6.986147482698759
1979-07-01,8.2,8.16279825615647,8.70078979044359,9.10189651880909
1979-08-01,7.4,8.220114039148404,8.72201090407215,9.168103049941102
1979-09-01,2.7,5.473699649106809,5.967788287859458,6.388502767104498
1979-10-01,0.6,1.725725866748109,2.251688871035623,2.7035098105533306
1979-11-01,-1.0,-1.9819604968214222,-1.472827994002307,-1.0341371028128934
1979-12-01,-2.0,-4.0021276321695325,-3.3930034810522156,-2.7620013570098534
1980-01-01,-8.2,-5.021291178937217,-4.413296973660015,-3.805800667542913
1980-02-01,-0.9,-4.263678586423683,-3.6901601395228663,-3.095012455800112
1980-03-01,-2.2,-2.4004435968906455,-1.9020108130080275,-1.4951780229309275
1980-04-01,0.6,-0.27303775590080914,0.18724151810134015,0.6573629443065544
1980-05-01,3.1,2.4878846272171913,2.958723210107009,3.4104930827119855
1980-06-01,6.7,6.110745637897064,6.593819745014496,7.070040092634331
1980-07-01,7.3,8.208880439226022,8.751808272890482,9.14178199803936
1980-08-01,7.2,8.267969824329885,8.764214111789233,9.21100068273773
1980-09-01,7.7,5.550615367685758,6.01404209919268,6.417118396034169
1980-10-01,0.3,1.7875912692854514,2.2988033124540563,2.7466466900853703
1980-11-01,-5.8,-1.9598461577004413,-1.4277048957721166,-0.9911238034505067
1980-12-01,-6.2,-3.920288054682989,-3.3558321448977027,-2.729542264182852
1981-01-01,-4.7,-4.9464625998840255,-4.383700749651078,-3.763389915645098
1981-02-01,-6.1,-4.172466256941318,-3.649985371068659,-3.0446136869159828
1981-03-01,-0.3,-2.334392218760249,-1.8603057563754026,-1.4542699731750364
1981-04-01,-0.2,-0.21036403143910956,0.24186762155328356,0.6652134041884649
1981-05-01,-1.4,2.538955605752247,3.020248095155577,3.4460878743929877
1981-06-01,6.9,6.212614807585766,6.653796400781976,7.077448081734014
1981-07-01,8.8,8.265817108349294,8.793223970592734,9.185838239831106
1981-08-01,8.2,8.306795621666684,8.817986357488103,9.25973546612651
1981-09-01,6.8,5.572710642032343,6.055598155417384,6.471981998972823
1981-10-01,1.6,1.8674629015709574,2.3506947401705287,2.784982025195834
1981-11-01,-3.6,-1.8690368648365452,-1.3642748058929273,-0.9269906105047023
1981-12-01,-8.3,-3.886981835385646,-3.2956711675600614,-2.6526978633982305
1982-01-01,-12.0,-4.951490639256679,-4.31534824804361,-3.700959226009614
1982-02-01,-4.1,-4.118952620181409,-3.5890710531581345,-2.96096294745517
1982-03-01,-2.0,-2.285188158510423,-1.802102126249725,-1.4216707017044867
1982-04-01,-0.5,-0.13126459121593892,0.303379497137372,0.7139965424775061
1982-05-01,0.7,2.633244910742338,3.0641021837647773,3.508991364789734
1982-06-01,5.3,6.259229178567888,6.707297674108219,7.160141711572439
1982-07-01,9.3,8.343519945634771,8.85247656241949,9.267217498603555
1982-08-01,9.3,8.418002717316908,8.875455153681186,9.316290069713808
1982-09-01,6.1,5.696481755102414,6.112903394495338,6.530377448064118
1982-10-01,4.7,1.985629540672668,2.4091038165874954,2.8355390467167316
1982-11-01,0.2,-1.7402483005656504,-1.3040108029088555,-0.8648936308295246
1982-12-01,-3.3,-3.8355088942726416,-3.220173084846609,-2.5953976682432414
1983-01-01,-4.1,-4.853156691477961,-4.265335855977453,-3.6404929215734843
1983-02-01,-6.1,-4.042947384458466,-3.5378224591865686,-2.8912122626704133
1983-03-01,0.2,-2.217152056425626,-1.7472515557302837,-1.3371551535494008
1983-04-01,-0.6,-0.06593963394125843,0.3662282238874467,0.8061157511044473
1983-05-01,5.5,2.679221485324045,3.125311641864128,3.610058237709324
1983-06-01,6.2,6.323101087131502,6.765905034632381,7.194141793203042
1983-07-01,10.1,8.408117388452029,8.912343699945461,9.307619620218322
1983-08-01,8.8,8.469247554113105,8.931206521251887,9.355590199112186
1983-09-01,6.5,5.737167885940895,6.182741621657285,6.59538407183896
1983-10-01,-1.3,1.9920651825412359,2.471923262647163,2.9072168121951454
1983-11-01,-6.6,-1.7169725154005642,-1.2575000478237843,-0.7987057496306349
1983-12-01,-4.0,-3.784279919196617,-3.173555346894934,-2.5565375817818996
1984-01-01,-3.2,-4.8139948540384,-4.206582816841959,-3.5805135839860007
1984-02-01,-5.1,-4.0244619541659015,-3.4925744602100757,-2.8930553239631376
1984-03-01,-2.4,-2.1710691426203357,-1.7124176658550718,-1.2516579091047555
1984-04-01,0.3,-0.02049844772707031,0.4006828583354658,0.8238851825572708
1984-05-01,3.3,2.7792599685029575,3.168310505203195,3.613255845494874
1984-06-01,5.8,6.370174824633972,6.816693118048275,7.245553090724261
1984-07-01,4.4,8.481259847890101,8.9465314506532,9.354392072237482
1984-08-01,10.2,8.53558285402528,8.979472260229159,9.393650334160318
1984-09-01,6.8,5.786496466050515,6.226440112232136,6.629699612880564
1984-10-01,4.0,2.0485519044784763,2.5210505312747107,2.970631272481014
1984-11-01,1.6,-1.682236858370429,-1.2118339849365372,-0.7503417121631367
1984-12-01,-2.6,-3.70072140714652,-3.1341052220762347,-2.493526530653093
1985-01-01,-16.8,-4.781222790732529,-4.1676169126287395,-3.518800894322654
1985-02-01,-12.0,-3.9580582481093036,-3.4267608273182306,-2.803621364962985
1985-03-01,-3.4,-2.1024609941450345,-1.65512963605539,-1.2068460714480238
1985-04-01,-1.3,0.014927753306006812,0.44582122168634764,0.8675746856920746
1985-05-01,4.2,2.7847000372819175,3.2154392755579564,3.639574293267981
1985-06-01,4.9,6.407779503988558,6.858984945320525,7.262253751664468
1985-07-01,8.7,8.534937959187415,8.996590396717728,9.39346712702583
1985-08-01,8.5,8.57558095877945,9.032227878436565,9.436932291866823
1985-09-01,5.0,5.838832439967035,6.250695737507627,6.660909766454471
1985-10-01,0.3,2.0894669133671657,2.551999605712174,2.974317249257052
1985-11-01,-4.4,-1.6434361236150659,-1.1820747895669714,-0.7106029716168897
1985-12-01,-5.8,-3.665528660311162,-3.101233936036973,-2.4548528713863385
1986-01-01,-5.0,-4.7348236260899625,-4.110836576545663,-3.5012248074411594
1986-02-01,-10.7,-3.9126114963938945,-3.4038556102701767,-2.770240307914187
1986-03-01,-5.4,-2.065823395720217,-1.615258274156723,-1.1643682251654428
1986-04-01,-4.7,0.045857229427836266,0.49452865001042556,0.9441879282082734
1986-05-01,3.6,2.8152743183642204,3.26690607319191,3.707495763379357
1986-06-01,7.0,6.473519139324351,6.913212089672999,7.323283915883281
1986-07-01,8.7,8.548644222286857,9.049081906695736,9.460142552906017
1986-08-01,7.1,8.623221676201984,9.082995173857153,9.556744370186014
1986-09-01,4.5,5.903891755450486,6.3184321251155575,6.733920534229569
1986-10-01,3.3,2.1320101432598966,2.622061795024437,3.035174937046302
1986-11-01,-1.2,-1.5405898732739942,-1.1158791321490555,-0.6308775292408774
1986-12-01,-3.8,-3.6037696987291286,-3.0419141395119143,-2.3906901749984764
1987-01-01,-13.5,-4.641580795368295,-4.045851881369771,-3.43591381219033
1987-02-01,-7.0,-3.868483653295226,-3.315367267139151,-2.6963380479793595
1987-03-01,-7.0,-1.9857423621950163,-1.5378372658186947,-1.0687300764382037
1987-04-01,3.0,0.13685001559152662,0.5797583555320752,1.002462778380737
1987-05-01,2.3,2.92698685143915,3.3615982190744638,3.783645789367464
1987-06-01,6.8,6.564992078684879,7.000251289057706,7.440868554972116
1987-07-01,6.9,8.69096061378734,9.137749348847098,9.587792755602733
1987-08-01,5.9,8.732628371372352,9.179376070084068,9.644732897407522
1987-09-01,5.0,6.003759672227725,6.414760312775834,6.846104501817362
1987-10-01,3.2,2.2280027214932185,2.7110145056854646,3.183030350300666
1987-11-01,-1.4,-1.441242294741648,-1.0121133050726376,-0.4847919491098262
1987-12-01,-8.5,-3.492967483202203,-2.917628388381188,-2.2770373846825094
1988-01-01,-0.2,-4.5267390549612525,-3.9307466519172305,-3.3110765100163895
1988-02-01,-0.4,-3.7682751748767687,-3.1840377164698945,-2.5879281752847225
1988-03-01,-1.6,-1.867126839382668,-1.4308180227581881,-0.9582439439937195
1988-04-01,-1.8,0.2482685189737948,0.6811886309088357,1.146309280890007
1988-05-01,3.9,3.03084124283317,3.4457662244734477,3.9453453163757004
1988-06-01,6.8,6.619913891490945,7.0886853621813835,7.571816446798038
1988-07-01,10.0,8.800253291890536,9.21103433720736,9.744462025980248
1988-08-01,8.3,8.816210733301704,9.249141365136168,9.756659696439337
1988-09-01,4.5,6.076702961522412,6.500870127451935,7.012701932537442
1988-10-01,-0.1,2.314433246908197,2.7827513754972695,3.3199603575298497
1988-11-01,-5.9,-1.3642160895433366,-0.9520441116472933,-0.40480432216414863
1988-12-01,1.4,-3.432995580720157,-2.836480601136813,-2.199557912583584
1989-01-01,-1.6,-4.461001814537977,-3.8625448130183857,-3.1906396588523913
1989-02-01,-1.0,-3.701404878766962,-3.1146192255649225,-2.4945905477399597
1989-03-01,-1.3,-1.7870208673807062,-1.3694300929737757,-0.8274028442663387
1989-04-01,-0.7,0.30535703927265445,0.7210409310069652,1.295515862643641
1989-05-01,4.9,3.06708116136376,3.506172269873532,4.024024505688769
1989-06-01,4.3,6.6771013965162505,7.162023820960588,7.648367122289513
1989-07-01,7.8,8.841156150362357,9.25196313435061,9.787724307459374
1989-08-01,8.3,8.843312496317521,9.290756625691952,9.875295408887304
1989-09-01,6.6,6.12945140391268,6.544558090114638,7.095828888439975
1989-10-01,4.6,2.3643365446345936,2.8258047396841666,3.3482770948254537
1989-11-01,-4.8,-1.3318164860515491,-0.9086265677955514,-0.3759624992564653
1989-12-01,-3.4,-3.3892918338731874,-2.8258603676161576,-2.1523292813828503
1990-01-01,-1.8,-4.433036750687976,-3.836250009865168,-3.1818102883322807
1990-02-01,-0.2,-3.70206319311982,-3.0863165453714436,-2.4738169395143896
1990-03-01,-0.1,-1.7913395735210225,-1.3412732097939035,-0.8726110111911627
1990-04-01,-2.0,0.312514292549444,0.7396228041505126,1.2757487501489253
1990-05-01,6.3,3.062923585058723,3.5149996631649842,4.028333186377475
1990-06-01,7.8,6.710286596782102,7.141858636337388,7.649466843865406
1990-07-01,7.7,8.823687033882518,9.273157519909699,9.75059700683016
1990-08-01,8.4,8.8467310486867,9.307341764292879,9.792402793011172
1990-09-01,4.0,6.11793613219889,6.529460282223457,6.989472768621655
1990-10-01,4.4,2.3903157733039238,2.8175748545176926,3.286418787720694
1990-11-01,-0.9,-1.3393988586809622,-0.9249754406664992,-0.3492648435454787
1990-12-01,-2.5,-3.3891691875786267,-2.8357062462814153,-2.1781476790620893
1991-01-01,-5.3,-4.433794826468157,-3.8607264249218023,-3.22686853461091
1991-02-01,-13.1,-3.7045974095756034,-3.1371720506733873,-2.511357690527773
1991-03-01,-0.8,-1.7941457677202692,-1.3806352207180783,-0.8897332718936067
1991-04-01,-2.4,0.28334790804851295,0.7172931580548376,1.2355539288031956
1991-05-01,1.6,3.0393487917012023,3.500171834163276,3.9792117016414212
1991-06-01,3.6,6.684202967493451,7.125627143970451,7.582583150892298
1991-07-01,12.0,8.797512124249483,9.250090341516668,9.739341146253514
1991-08-01,9.0,8.840463620994292,9.269015449552453,9.757868173789461
1991-09-01,5.8,6.067976186463842,6.511742951152815,6.997135650692521
1991-10-01,2.5,2.382781830470712,2.7848924482766844,3.2887664190663446
1991-11-01,-1.0,-1.3779351575188987,-0.9481314142702821,-0.4223081646755263
1991-12-01,-5.0,-3.3763179985704364,-2.858366207951316,-2.2204026262886574
1992-01-01,-6.2,-4.4603678070851425,-3.873949805613175,-3.249858052651149
1992-02-01,-5.1,-3.704049214281202,-3.163247178142842,-2.5509424515256085
1992-03-01,-0.4,-1.8184786559206703,-1.388276546606845,-0.9180032367651931
1992-04-01,-0.2,0.26162687991750494,0.7242419948387921,1.1452874943709137
1992-05-01,3.5,3.059778477058814,3.4828762748579,3.9243081974809213
1992-06-01,8.0,6.652976100389096,7.122343171166216,7.536104927189491
1992-07-01,9.7,8.78971382312453,9.23010762091401,9.67269413245774
1992-08-01,9.4,8.813563327055226,9.26286791845995,9.706710045565705
1992-09-01,5.8,6.014920503092945,6.500157877079192,6.919899072832576
1992-10-01,-0.6,2.343196055480178,2.803179490260219,3.217785026211665
1992-11-01,-0.1,-1.3971703704129026,-0.9455226264587893,-0.46115345882261194
1992-12-01,-5.1,-3.425930726806134,-2.8557869610190636,-2.2367826436822287
1993-01-01,-8.4,-4.492600252679582,-3.876338414895642,-3.3137694992780573
1993-02-01,-3.5,-3.7072985988959046,-3.1494716853372022,-2.5318461951912368
1993-03-01,-3.5,-1.8070533744893662,-1.3952205441249441,-0.9629512801642041
1993-04-01,1.9,0.26509529811852384,0.73795908113623,1.1371602809672625
1993-05-01,4.4,3.047668348659745,3.4845658517006495,3.928975367669861
1993-06-01,7.4,6.632014967965076,7.119719084527385,7.530681274800787
1993-07-01,8.3,8.816837325421904,9.239131727272905,9.672194880050677
1993-08-01,6.8,8.823579109566944,9.27779109706199,9.726020175816979
1993-09-01,6.8,6.062224812746955,6.524270301931607,6.920709573439052
1993-10-01,0.4,2.3383584394733186,2.8089976536993486,3.2141342046799615
1993-11-01,-5.1,-1.3918185116993453,-0.9214840925594301,-0.4958232382793957
1993-12-01,-1.7,-3.3836735968915628,-2.843578877040044,-2.2516360194238114
1994-01-01,-2.6,-4.445928701778645,-3.8516702497127353,-3.3027564378927385
1994-02-01,-8.0,-3.666355218907395,-3.1430501829838615,-2.5685177647785746
1994-03-01,-0.5,-1.8281599174386658,-1.3627210382545962,-0.9699079790473684
1994-04-01,0.6,0.26568876682870834,0.7136125781900122,1.1468902022618588
1994-05-01,3.5,3.058004437276446,3.521703763518034,3.922000650242328
1994-06-01,6.8,6.663997171562758,7.127296337881152,7.533902898719989
1994-07-01,9.6,8.809563558874727,9.255193098073512,9.664673934011992
1994-08-01,7.9,8.80892817194158,9.298771151885395,9.70623766402078
1994-09-01,6.2,6.062094772427398,6.525393346259612,6.93089380668402
1994-10-01,0.1,2.3756055773874367,2.815501300397874,3.254545542206289
1994-11-01,0.8,-1.3847045141914853,-0.9059719321267188,-0.47919768967807214
1994-12-01,-5.2,-3.3844234930010284,-2.8288038092470376,-2.2677668032954306
1995-01-01,-5.2,-4.432575811308802,-3.8443002276122655,-3.245370453401893
1995-02-01,-1.2,-3.6948789770795423,-3.124429107322456,-2.562726781916024
1995-03-01,-2.0,-1.8367592520081815,-1.3519701459567384,-0.9501516009751758
1995-04-01,0.2,0.2756521370577747,0.7397599364126712,1.163309345771
1995-05-01,2.0,3.0538268362906433,3.529811761806715,3.9435809353760605
1995-06-01,4.4,6.647037023101338,7.143729280472898,7.528333235317453
1995-07-01,9.0,8.82388534621401,9.270868932036885,9.674894591286064
1995-08-01,9.9,8.842353078496547,9.310689959937909,9.740049204630878
1995-09-01,5.0,6.091780176459538,6.563657041706727,6.942022721904931
1995-10-01,3.0,2.412125943840579,2.83718018915366,3.267516565745952
1995-11-01,-3.0,-1.3442660535325723,-0.880108123190378,-0.48029715973268844
1995-12-01,-7.3,-3.3957460774516965,-2.815281976626279,-2.218081419154211
1996-01-01,-8.3,-4.404786096644973,-3.834209073321529,-3.2434888372964745
1996-02-01,-7.0,-3.669360984623111,-3.09077446348348,-2.5483941649265294
1996-03-01,-5.0,-1.8322985523394602,-1.3404914212474046,-0.9268437426326329
1996-04-01,-1.2,0.26422802725517497,0.7879472933227765,1.1742762491426484
1996-05-01,0.0,3.1205693133686276,3.568506974837058,3.9609691596694674
1996-06-01,6.8,6.698935310889183,7.1744728091559775,7.574850827893331
1996-07-01,7.5,8.84960685733116,9.315815950213008,9.720786908444357
1996-08-01,8.4,8.902165485007405,9.346431593444727,9.790523919830685
1996-09-01,6.8,6.134414561892867,6.597609231514661,6.969186276107182
1996-10-01,3.2,2.4204718128222233,2.8919094603665214,3.287853007883933
1996-11-01,-2.7,-1.2889708508892799,-0.834117584546886,-0.42662319915313995
1996-12-01,-13.1,-3.3672212310592844,-2.76164214401662,-2.183459628483018
1997-01-01,-14.1,-4.407498619604742,-3.761759935160466,-3.187339874014899
1997-02-01,-2.6,-3.642809653249786,-3.0133746058032447,-2.4693005791685625
1997-03-01,-0.5,-1.7341525564051061,-1.265488829086961,-0.8333116938505308
1997-04-01,-0.2,0.39035121157011216,0.8431210559656999,1.2909413028205112
1997-05-01,0.1,3.182405542165878,3.6173506628191676,4.0277243559448666
1997-06-01,8.1,6.7794826266958745,7.246597710110327,7.676186366690903
1997-07-01,10.4,8.93483929100348,9.374419573006318,9.772556313452753
1997-08-01,12.5,8.956989463904952,9.426310482439916,9.825030165973935
1997-09-01,6.0,6.201491603604392,6.657706703183669,7.045704712923074
1997-10-01,-2.5,2.5226492931285125,2.9441794677081035,3.374896026588048
1997-11-01,-1.6,-1.2433533132304286,-0.7713123311013914,-0.35718828248896844
1997-12-01,-3.8,-3.274125524971867,-2.6825099887538557,-2.0933245060370074
1998-01-01,-5.8,-4.3378580135115685,-3.707903769220302,-3.134371218053183
1998-02-01,-9.4,-3.5612928438159925,-2.966717745417665,-2.3790182970339027
1998-03-01,-2.7,-1.6470846030055184,-1.2154163500037507,-0.7997594913792668
1998-04-01,-0.2,0.472546825736762,0.8976026249872924,1.3479742054759227
1998-05-01,3.4,3.2519890672983895,3.6796546085852277,4.071145501544813
1998-06-01,6.0,6.859230757788079,7.313870937060717,7.702823913635985
1998-07-01,9.3,9.006004478491791,9.435451776351506,9.853269054891499
1998-08-01,7.5,9.050410817477076,9.49431071213356,9.897731248820072
1998-09-01,7.1,6.324621868916959,6.725026879199303,7.136011951300461
1998-10-01,1.7,2.5968539988494594,3.007836335477991,3.4842462198878046
1998-11-01,-7.4,-1.161568888845706,-0.6855606374217986,-0.2906014343881437
1998-12-01,-3.1,-3.175234159501005,-2.6126145007388284,-1.9979830734430393
1999-01-01,-5.2,-4.258197422315282,-3.6238354960551122,-2.9889279558212363
1999-02-01,-7.3,-3.496514371541967,-2.8984437222532082,-2.31401752768692
1999-03-01,-0.6,-1.555370179666497,-1.1352244566771834,-0.6804220424063894
1999-04-01,0.7,0.563661834185642,0.9798318586284673,1.4573438926081028
1999-05-01,6.1,3.365660249774241,3.7636054623150192,4.2277891064569655
1999-06-01,6.3,6.959992539986347,7.395696889007311,7.8262837637105696
1999-07-01,11.3,9.115067577816733,9.516307428142984,9.932449943031315
1999-08-01,9.4,9.172222326243674,9.58388957138884,10.000509482727136
1999-09-01,9.2,6.426263985377905,6.80745025807351,7.263368203630016
1999-10-01,1.7,2.6601039204296497,3.118345662359797,3.6132778071869693
1999-11-01,-3.1,-1.055413886807144,-0.6146059934428296,-0.14056696338193136
1999-12-01,-2.8,-3.114805948838215,-2.5249444362044753,-1.8929217639285953
2000-01-01,-4.4,-4.17381029501086,-3.563983728763672,-2.8938956449865736
2000-02-01,-0.8,-3.4062186629371634,-2.7989869241271856,-2.1895117628031615
2000-03-01,-1.7,-1.4988245944216372,-1.054765743843818,-0.5267932492167737
2000-04-01,0.2,0.6409076033182705,1.066961461970386,1.5648754645950886
2000-05-01,6.6,3.410041201884288,3.853193045607946,4.353607417792545
2000-06-01,6.2,7.060064781889317,7.470473555045912,7.97632777101376
2000-07-01,6.4,9.19789949911463,9.599651286862304,10.089508900783665
2000-08-01,10.0,9.252978015736678,9.643855579755394,10.112048628877599
2000-09-01,8.3,6.5053462039137155,6.8873307317137265,7.375643140153024
2000-10-01,4.2,2.7548805222763106,3.194115017046798,3.715511134147699
2000-11-01,2.0,-0.966190496520157,-0.5266768285202927,-0.05129219984114858
2000-12-01,-2.7,-3.0370635950061584,-2.4497223873640186,-1.8223585948222971
2001-01-01,-5.5,-4.105142864511091,-3.4899528698258324,-2.7994111213726267
2001-02-01,-5.8,-3.3456439512802065,-2.734679782914214,-2.101481391309304
2001-03-01,-1.2,-1.4149872701322062,-0.9878253119911167,-0.4504200883111077
2001-04-01,-1.9,0.6886758405502381,1.1280390409800714,1.6674445987657094
2001-05-01,5.2,3.486065705032239,3.9146057099709965,4.434077159260683
2001-06-01,4.9,7.1182009929980685,7.529825414936121,8.035971519487513
2001-07-01,9.7,9.256292975778273,9.669360659468673,10.152032234351871
2001-08-01,10.4,9.284494294150281,9.717330450476586,10.219345133900564
2001-09-01,7.0,6.549537449567544,6.953978362517321,7.443392876563526
2001-10-01,7.0,2.7654816495255976,3.2579909894646315,3.7317462585601233
2001-11-01,-1.8,-0.9039845338939984,-0.4661501319314745,0.02611808075030315
2001-12-01,-6.5,-2.996497742507027,-2.3767603529831796,-1.76115423733449
2002-01-01,-7.0,-4.060230347385303,-3.425736847338654,-2.7355262387784274
2002-02-01,-2.1,-3.259356355501112,-2.6764564497473686,-2.0499754438205877
2002-03-01,-1.2,-1.3776912026813832,-0.9322419876216459,-0.4052352027041706
2002-04-01,1.4,0.7419796696310434,1.1866564316674428,1.7517443819476721
2002-05-01,4.0,3.4841676829731267,3.9693500964369655,4.442492698431625
2002-06-01,9.0,7.156616715707565,7.583622980583884,8.10838487080631
2002-07-01,10.2,9.30735512746798,9.715840037179685,10.211093288280026
2002-08-01,11.8,9.31629470497341,9.753769893327636,10.287456648986835
2002-09-01,6.4,6.568787080500611,6.98481578137106,7.49767901660702
2002-10-01,2.4,2.816658920244155,3.287673908101562,3.8113045384203628
2002-11-01,2.3,-0.883206257602516,-0.43045740500528895,0.07884738248644636
2002-12-01,-6.2,-2.9772262852954534,-2.355303328802539,-1.6826651302876963
2003-01-01,-8.6,-4.03680427764395,-3.3824323809835715,-2.676603706722007
2003-02-01,-7.0,-3.238774000403894,-2.6633323980057932,-2.0037895049710084
2003-03-01,0.4,-1.336989742340684,-0.9013902457511949,-0.3654675393364022
2003-04-01,-1.9,0.7645970171633548,1.2221540832919433,1.7352734900104823
2003-05-01,4.2,3.5376649226127284,4.005278630220061,4.502398736773447
2003-06-01,9.7,7.17961788905763,7.61205268866198,8.124262588118917
2003-07-01,11.2,9.336193744108453,9.731604015779885,10.211593985380201
2003-08-01,9.3,9.349094113849961,9.789923414226692,10.272305052965825
2003-09-01,5.0,6.600847282203612,7.021589968632544,7.499705888321564
2003-10-01,-3.5,2.8324004013564497,3.2890151055483448,3.842882588765579
2003-11-01,1.9,-0.8382797827453471,-0.4302600376491814,0.06534541491560197
2003-12-01,-3.4,-2.97194224149624,-2.3394042289298085,-1.7168777519599594
2004-01-01,-6.8,-4.034098466237223,-3.3873999125325067,-2.7133969827192517
2004-02-01,-3.6,-3.24478042786216,-2.6393141067650454,-2.0008829476207133
2004-03-01,-2.7,-1.3207375470613911,-0.8862840749987071,-0.35189135160436663
2004-04-01,1.0,0.8080665991829138,1.2294692834894034,1.7438963672008434
2004-05-01,3.8,3.546278686698313,4.007302373216427,4.464048416072518
2004-06-01,8.0,7.1607289080996965,7.6240151156234255,8.103107081839115
2004-07-01,9.4,9.353564014070644,9.743488562579508,10.173492822413552
2004-08-01,10.2,9.379588041438241,9.76862835450708,10.26355023077812
2004-09-01,7.7,6.618622953628503,7.031985441165137,7.46286102548478
2004-10-01,5.2,2.86752969481192,3.2932047164551506,3.7873882760462694
2004-11-01,-2.1,-0.8237994948675973,-0.43503418903339286,0.04498024859729891
2004-12-01,-5.3,-2.9137199970416345,-2.360356866879097,-1.7228011176436042
2005-01-01,-3.1,-3.9854449003993735,-3.3744844831710137,-2.735279249987799
2005-02-01,-6.6,-3.1826620504513774,-2.6325013763340275,-2.0534558365568523
2005-03-01,-6.6,-1.3467480258738795,-0.8836306649263916,-0.3844565137498277
2005-04-01,1.3,0.832018857843661,1.2235590988962743,1.6971110158941383
2005-05-01,1.6,3.5648668726394046,4.011911195524995,4.438547058747984
2005-06-01,5.2,7.183626638487793,7.633996027292694,8.076550413838913
2005-07-01,10.6,9.326679322405576,9.758824360357403,10.243296861358264
2005-08-01,9.8,9.371351178751684,9.80667981110901,10.283256549986495
2005-09-01,5.4,6.6178477533915725,7.0439172444787825,7.466385107187454
2005-10-01,5.5,2.873195479295915,3.319673097571363,3.8359789564185593
2005-11-01,-1.5,-0.8115648717266338,-0.39369865905290635,0.08564642815827539
2005-12-01,-7.0,-2.9122676129806977,-2.328268177787451,-1.6832033206866333
2006-01-01,-7.2,-3.945340576266623,-3.35573853628635,-2.6635306153794085
2006-02-01,-4.7,-3.167016525877708,-2.603950186634788,-2.031856742416936
2006-03-01,-5.7,-1.3342872199060056,-0.84346613131998,-0.32164865892674965
2006-04-01,-0.8,0.8552392471302438,1.2649661384084392,1.7262682522123352
2006-05-01,3.5,3.626242037832997,4.0509619972027675,4.480701303848792
2006-06-01,3.7,7.23879764546751,7.667853771887941,8.133285766677709
2006-07-01,13.0,9.391238273623035,9.807336858175246,10.257935113719666
2006-08-01,9.5,9.413848980909515,9.839300275340477,10.327055446581632
2006-09-01,8.5,6.669056693266335,7.08300345724135,7.5439105411141325
2006-10-01,7.4,2.9194569208747407,3.379705241176108,3.8575269821329927
2006-11-01,1.4,-0.7961772940031628,-0.3589904256423804,0.0987180969396133
2006-12-01,-1.3,-2.869060220341778,-2.2890875823556947,-1.6196235652122128
2007-01-01,-4.4,-3.9228631103988336,-3.320596305161617,-2.6343425681074097
2007-02-01,-3.7,-3.1394808426577807,-2.5792535310023714,-2.002510439071531
2007-03-01,-1.1,-1.3099574541004368,-0.8379962644427321,-0.34741681925271456
2007-04-01,2.7,0.8329958402058788,1.2741418709657717,1.7404932993944404
2007-05-01,4.9,3.610139864404369,4.060636965065127,4.463074766221304
2007-06-01,9.2,7.227276336169084,7.675157118193997,8.098833545469422
2007-07-01,8.3,9.368285279302272,9.811788667462212,10.200795019068304
2007-08-01,7.5,9.424402896860542,9.831292938935349,10.277784378874957
2007-09-01,6.8,6.605453378356268,7.066849048794858,7.471976204208363
2007-10-01,-0.1,2.9047962765445194,3.3373479628271343,3.8045030146922825
2007-11-01,-2.6,-0.8125468651651924,-0.38643441905471754,0.04031744654086226
2007-12-01,-6.8,-2.8749740164614974,-2.320940382150816,-1.672267737439504
2008-01-01,-3.1,-3.9084295626056402,-3.345255897724375,-2.7612213863789132
2008-02-01,-4.2,-3.1730490321474316,-2.602610445975399,-2.047640740862513
2008-03-01,-2.4,-1.3056375465170318,-0.8519532435270654,-0.41488547162836176
2008-04-01,-1.2,0.8237566914914307,1.2741666280541983,1.7117818713629893
2008-05-01,6.2,3.5777204413680828,4.0357920100573175,4.429597995471748
2008-06-01,6.4,7.196832470647912,7.652056360208816,8.091342981141507
2008-07-01,9.0,9.302054163410688,9.786218031649422,10.189998166252725
2008-08-01,10.0,9.347808413060248,9.816597055587533,10.245723146443526
2008-09-01,4.2,6.6013523812468655,7.0477610656535195,7.462001378353439
2008-10-01,0.1,2.895881417912154,3.3389814503620037,3.778626801983549
2008-11-01,-2.0,-0.8044724178165844,-0.38144729058663396,0.026144988533800265
2008-12-01,-6.1,-2.904647136778125,-2.323953532190875,-1.7176841083293701
2009-01-01,-12.8,-3.9689168467822804,-3.3488041796855352,-2.7116407330715657
2009-02-01,-3.8,-3.1676532414138863,-2.597715269974617,-2.0357031869764457
2009-03-01,-1.4,-1.2774106553280358,-0.8454639361991916,-0.3804385369275802
2009-04-01,3.0,0.8270412839764012,1.267850085267618,1.7004025229800364
2009-05-01,3.6,3.6309394433766555,4.037055938061016,4.474792599473286
2009-06-01,6.8,7.19348165542706,7.658323998519438,8.090340685433004
2009-07-01,10.8,9.361240896380254,9.79970917249875,10.178298673289083
2009-08-01,9.9,9.379369444653275,9.825890058687989,10.247912736019464
2009-09-01,7.6,6.618128405332761,7.066472882493272,7.4970137309434906
2009-10-01,-0.2,2.888703935152076,3.367956632555133,3.800121970660452
2009-11-01,2.8,-0.8086946153484726,-0.36683230502711384,0.052037803744174
2009-12-01,-10.9,-2.8719396277090565,-2.3184789244465973,-1.7057256230666193
2010-01-01,-8.2,-3.9982182336823806,-3.3485510614546894,-2.663894604926116
2010-02-01,-6.5,-3.1590368515228033,-2.605310374174116,-1.9966396326652704
2010-03-01,-4.5,-1.28288202387265,-0.8462225944932884,-0.38150806436690077
2010-04-01,0.1,0.8017852006964261,1.2817945410804699,1.6985364844874768
2010-05-01,3.3,3.5793738839529925,4.038655258455435,4.49587031583147
2010-06-01,7.3,7.186550467688121,7.672201795345079,8.095007277752172
2010-07-01,10.4,9.336789380442939,9.800082178404606,10.2270204888403
2010-08-01,8.3,9.368612407069358,9.84602096463049,10.276839895445713
2010-09-01,5.2,6.60003398172525,7.081758691181813,7.522317180331872
2010-10-01,0.9,2.8818046233544847,3.37542052136758,3.7668077294196824
2010-11-01,-4.5,-0.8560552647705563,-0.3471153081625111,0.07257891414361521
2010-12-01,-8.0,-2.8508073902548077,-2.285274064946514,-1.6857830418292892
2011-01-01,-5.5,-3.971769356752336,-3.3180482339755755,-2.680962175395507
2011-02-01,-4.8,-3.1961722477021057,-2.590820139199492,-1.9817620564311746
2011-03-01,-2.1,-1.2881770491954374,-0.8043610220697732,-0.3631101311798708
2011-04-01,3.1,0.8321429007865082,1.3184682365967835,1.7590379588060203
2011-05-01,4.0,3.604143722428823,4.096835916066688,4.519214564045247
2011-06-01,6.7,7.24656359414309,7.708687225692961,8.15475225905902
2011-07-01,7.4,9.385691404106149,9.838880673536185,10.247916738350176
2011-08-01,8.0,9.40973083677508,9.892699402469812,10.289556325590475
2011-09-01,8.9,6.660342876840508,7.132470292566255,7.564246003481238
2011-10-01,1.9,2.974079667228842,3.41036845734185,3.8365061784157777
2011-11-01,-1.9,-0.8205038466749115,-0.2924402888926192,0.12579251552849036
2011-12-01,0.0,-2.827413835118352,-2.2257020353153134,-1.609204875208668
2012-01-01,-5.2,-3.9167627307415067,-3.2438371454556485,-2.64805967359419
2012-02-01,-13.0,-3.081962824825383,-2.5218709834372035,-1.903828802323412
2012-03-01,0.3,-1.2249959735387463,-0.7543811588601645,-0.345342254827393
2012-04-01,-0.1,0.9447005391521428,1.3664863403209813,1.8172110716202017
2012-05-01,2.7,3.6591843350232733,4.1538870864786475,4.577637539094061
2012-06-01,4.2,7.295423361720054,7.7639623381546095,8.196275532207732
2012-07-01,8.6,9.456551853769039,9.903621890310205,10.32837732623573
2012-08-01,9.8,9.507296007082825,9.953779097958487,10.377923279205755
2012-09-01,6.0,6.713098835141586,7.188218407061045,7.626589894640573
2012-10-01,-2.1,3.0142280284004026,3.4548294501849073,3.894906615261305
2012-11-01,-1.2,-0.7625601532061959,-0.23840589893007236,0.2154277415757433
2012-12-01,-4.5,-2.7597669454207927,-2.1633448219479963,-1.5968024144966237
2013-01-01,-9.3,-3.8413687248633037,-3.190767372881072,-2.5915955287011707
2013-02-01,-4.9,-3.0154946679752506,-2.4341370740931376,-1.7872817218002615
2013-03-01,-10.1,-1.1522285139181436,-0.6870749821659361,-0.2625638793206529
2013-04-01,-2.2,0.9945983757625839,1.4211587608434832,1.900686924711574
2013-05-01,2.6,3.78234914249254,4.225775407970087,4.67024627224986
2013-06-01,6.9,7.40995894056505,7.830627699366461,8.274914422043372
2013-07-01,9.8,9.560005558870413,9.988740133743347,10.430768724869717
2013-08-01,10.4,9.601846051289288,10.027665997329114,10.490019434275567
2013-09-01,7.0,6.8387302202833515,7.278926791370656,7.71339552764814
2013-10-01,4.0,3.1158782560951432,3.571650466242702,4.017686020371578
2013-11-01,0.4,-0.593105248698153,-0.15716014858318617,0.3067263372794751
2013-12-01,-0.4,-2.6282834013815037,-2.0673333430596346,-1.4381276007934551
2014-01-01,-0.5,-3.683806615334942,-3.070730417013669,-2.486737366816869
2014-02-01,1.7,-2.9109151985560717,-2.332986894046992,-1.7356886550032353
2014-03-01,0.4,-0.9940159976895037,-0.5974006848672158,-0.13104580969559543
2014-04-01,2.2,1.0985066549029512,1.5197033981745893,1.9990759932193807
2014-05-01,2.9,3.854786279896677,4.312969095347115,4.780094454214745
2014-06-01,8.0,7.510063460335015,7.928396246904276,8.377593100525443
2014-07-01,8.9,9.64085222195521,10.048925149697741,10.511449094956118
2014-08-01,8.0,9.642568995218058,10.100554728848952,10.547628824650138
2014-09-01,8.1,6.911099201062402,7.333217132314297,7.772866153055614
2014-10-01,6.9,3.151176185638182,3.6264659184432886,4.083255403169942
2014-11-01,0.8,-0.5205254594049484,-0.1114097630841584,0.38127658704174117
2014-12-01,-5.7,-2.6197474802762963,-2.0344360833809834,-1.4426327203297842
2015-01-01,-2.8,-3.663185046867527,-3.0568520623789204,-2.4176665486338833
2015-02-01,-3.1,-2.888501798166861,-2.308307452579447,-1.7425884129458473
2015-03-01,-1.0,-0.9773048345146002,-0.5747103912584506,-0.10869590229186257
2015-04-01,0.9,1.1353250937711357,1.5331355106507567,2.038499452300329
2015-05-01,3.8,3.879612829945793,4.316416655240735,4.788819755525921
2015-06-01,7.4,7.524206937245026,7.945016014225838,8.402764982356983
2015-07-01,7.9,9.649837656356759,10.071726914514285,10.51067347356144
2015-08-01,10.4,9.69436252594654,10.107289011198603,10.539637974632521
2015-09-01,6.8,6.932317643938153,7.348371178813911,7.805103881938879
2015-10-01,2.5,3.1837349178617296,3.6484739758633626,4.075655632811069
2015-11-01,-1.8,-0.5097814284754266,-0.07956054967081094,0.4329091385573271
2015-12-01,2.9,-2.595668418014041,-2.0039154828573684,-1.4307223068001085
2016-01-01,-7.2,-3.669253355341054,-3.0450678735941406,-2.4020567880623225
2016-02-01,-5.1,-2.864617920860469,-2.297960624345535,-1.7272878120695518
2016-03-01,-3.2,-0.9616247182697376,-0.5565706911204771,-0.07635283189149568
2016-04-01,-0.7,1.1192492541141448,1.5508228041527097,1.9938161272253556
2016-05-01,2.6,3.894795956652725,4.324999097067356,4.7986699408983835
2016-06-01,9.0,7.537659521431883,7.940773850276454,8.453970068786877
2016-07-01,8.8,9.622627344313544,10.08440196305673,10.524549874043212
2016-08-01,7.7,9.666159485186771,10.104865382316115,10.561959865111696
2016-09-01,7.7,6.90000078642447,7.368610512849054,7.789524704894403
2016-10-01,2.1,3.187443412902666,3.6490471596591636,4.080152164566978
2016-11-01,-3.7,-0.5226386925238735,-0.0893056924178206,0.3866111202982791
2016-12-01,-3.4,-2.5818477030038993,-2.0025389859203266,-1.4259393038620627
2017-01-01,-5.6,-3.588640240922609,-3.051524673939701,-2.4556894421644038
2017-02-01,-3.2,-2.8342369286175564,-2.2972687060851453,-1.7196342506453544
2017-03-01,2.0,-1.0162941678528281,-0.5506312840220076,-0.03641163360185791
2017-04-01,-1.3,1.1391906811424368,1.5620522699604638,2.0378755270970057
2017-05-01,3.9,3.8915836583151515,4.328898327814654,4.861546433440275
2017-06-01,9.8,7.492069192499039,7.945066934771228,8.432610983025178
2017-07-01,8.8,9.636581460382352,10.082067175207804,10.568418355586704
2017-08-01,9.7,9.63331657119825,10.119650283153794,10.576181414661976
2017-09-01,6.2,6.860976705779875,7.344946241162053,7.832589797301419
2017-10-01,4.7,3.1618991426925573,3.6405766602690806,4.089990230443736
2017-11-01,0.1,-0.5470206418206202,-0.08563192608202308,0.3760081695330532
2017-12-01,-2.3,-2.5820674525796594,-2.012099269662195,-1.4164230720654758
2018-01-01,-0.2,-3.6316335476823847,-3.066285516870181,-2.433155799870195
2018-02-01,-8.7,-2.836550921836887,-2.330403661997704,-1.729680761006716
2018-03-01,-6.9,-1.0216689437561564,-0.5626487911731481,-0.04542621636527369
2018-04-01,2.5,1.1036975832379137,1.546284229078202,2.0485254999971554
2018-05-01,4.3,3.859057896896428,4.309548951487857,4.850267616330567
2018-06-01,6.9,7.445484353202924,7.943961953176251,8.40475190127737
2018-07-01,12.5,9.604386832715653,10.076408959294794,10.519428712540009
2018-08-01,9.0,9.611587420752237,10.115835323489966,10.575258820303624
2018-09-01,3.7,6.8393499307845165,7.349952277150271,7.782937641953452
2018-10-01,2.1,3.1274223425462178,3.6399316431821385,4.090596853223582
2018-11-01,-1.0,-0.5549127168593999,-0.08559769026843433,0.3716604450537972
2018-12-01,-2.3,-2.590022129769081,-2.0142066777485343,-1.4308158492581917
2019-01-01,-6.1,-3.630871452588781,-3.0728143929970395,-2.4325803387355918
2019-02-01,-1.6,-2.8830665218995204,-2.3247545777904692,-1.7687363546252293
2019-03-01,-0.1,-1.0422495729675585,-0.5622726778304907,-0.044691302525144784
2019-04-01,-0.5,1.0792480117724594,1.5454272233466675,2.067004272726564
2019-05-01,1.6,3.8501012614857775,4.296194923232797,4.822027009128303
2019-06-01,8.8,7.444070121674489,7.937931494907994,8.391700500853117
2019-07-01,10.2,9.558958033558865,10.068064623800648,10.54024872871712
2019-08-01,9.6,9.573357401455496,10.115350526541826,10.57196682417705
2019-09-01,6.4,6.826682522867683,7.331876759900422,7.822649175460808
2019-10-01,1.0,3.108563942896753,3.6252206209218842,4.101832828173053
2019-11-01,-2.4,-0.5618154235311916,-0.08794700188600402,0.3609900809527635
2019-12-01,-2.5,-2.6197806617082846,-2.0080555368910327,-1.403269434557539
2020-01-01,-2.4,-3.6507971893156523,-3.073410888998253,-2.4339118013032657
2020-02-01,-0.9,-2.8834769401779172,-2.318957877725532,-1.765791925712946
2020-03-01,-1.8,-1.0336323887685122,-0.5741223403268174,-0.05749102911677411
2020-04-01,-1.3,1.0239985729186434,1.5329202052869961,2.079570239377747
2020-05-01,3.1,3.8021879686445215,4.298490737777567,4.8481689074234975
2020-06-01,7.6,7.4270027005036905,7.94848037834671,8.441547854515154
2020-07-01,9.0,9.542080593532898,10.073308438687544,10.558980311849608
2020-08-01,10.7,9.562945972270848,10.12616760813841,10.594402609561376
2020-09-01,8.0,6.800746772622413,7.346006842844977,7.829499517236385
2020-10-01,4.4,3.1048452392711754,3.6258546372590055,4.140868642207892
2020-11-01,-1.5,-0.5967520244108274,-0.07358190535272247,0.390793538781202
2020-12-01,-0.9,-2.625142164523321,-1.9973933400073982,-1.4109384407754817
2021-01-01,-3.0,-3.6993345275411795,-3.0546014598686826,-2.4400144623681346
2021-02-01,-8.6,-2.872373865512284,-2.3296880872263643,-1.7169220805278724
2021-03-01,-2.7,-1.0854346986040613,-0.5627840144441454,-0.036583627924957264
2021-04-01,-2.2,0.9658160323853974,1.5503904433152003,2.0542702591566
2021-05-01,1.0,3.807934107506368,4.309611410809133,4.886525270802135
2021-06-01,9.3,7.412092413965717,7.956073724670683,8.476107302211757
2021-07-01,11.4,9.532004777451379,10.076467977340904,10.611768950451577
2021-08-01,10.3,9.534356094399714,10.13907768376565,10.64782195475334
2021-09-01,6.6,6.782252100660775,7.365380898210521,7.889332673317179
2021-10-01,4.2,3.121630361855362,3.645821891332417,4.152594349183461
2021-11-01,-0.5,-0.615054713184817,-0.07126770672760196,0.4529361024270245
2021-12-01,-4.2,-2.674180969218289,-1.994051189260583,-1.38935991444003
2022-01-01,-1.8,-3.672849985436057,-3.041985280387803,-2.398441673505986
2022-02-01,-1.0,-2.869770679739627,-2.306395569439549,-1.6663289452691548
2022-03-01,-2.7,-1.1027727336586663,-0.5289806737111147,-0.017169347344086774
2022-04-01,-2.9,1.0055315379695624,1.5579785328140643,2.1227340482562513
2022-05-01,2.5,3.765189919512647,4.302601027003508,4.941467276564142
2022-06-01,6.3,7.370061889917932,7.946235532995506,8.479029067935137
2022-07-01,9.6,9.474056581425767,10.084826818024073,10.65825556071096
2022-08-01,9.7,9.49056091492111,10.12903083335748,10.67669305013968
2022-09-01,5.0,6.785643015631383,7.372070222480332,7.900929594891461
2022-10-01,4.4,3.0694020606042107,3.6550540135460454,4.184755771889035
2022-11-01,2.3,-0.6220062795053595,-0.08364869997745927,0.4841280980099808
2022-12-01,-6.8,-2.705859952509459,-1.9869461109547972,-1.3581046685118372
