date,observed,lower,median,upper
1892-01-01,7.1,5.0908977448202455,5.6344769168062445,6.175291588032847
1892-02-01,4.0,5.063401358517737,5.662180427866129,6.276475464446079
1892-03-01,8.5,6.796709807422262,7.319997609289782,7.801017051160468
1892-04-01,8.7,8.582494981143498,9.24703637150039,9.785903670107627
1892-05-01,19.7,12.819968446203244,13.409126480919983,13.960827265759619
1892-06-01,15.3,14.287913402389197,14.892644441498886,15.466084029207575
1892-07-01,15.5,15.84838927850115,16.48584909705236,17.036016371159775
1892-08-01,18.9,15.690323046702737,16.244513829078866,16.741493983816724
1892-09-01,15.4,13.925631822382645,14.489538467039644,15.039397422137645
1892-10-01,12.9,11.345492586027941,11.832074360908923,12.385334169703
1892-11-01,10.3,7.991319074267635,8.554647252502974,9.150104794754478
1892-12-01,4.3,6.114786526228115,6.672701743238491,7.224591207972568
1893-01-01,4.1,5.0922983501351355,5.649594612570537,6.188875089994089
1893-02-01,7.8,5.125311742484943,5.6523036000480875,6.232512739665054
1893-03-01,8.9,6.764585507998237,7.315947165767145,7.761607751804325
1893-04-01,11.1,8.6048536413034,9.255009116379778,9.776913802559472
1893-05-01,13.0,12.851735358625595,13.380622299917885,13.97642408638235
1893-06-01,15.8,14.301662144164139,14.897645488250726,15.453660078139494
1893-07-01,17.9,15.875592738123892,16.469845009914188,16.994622245780974
1893-08-01,19.6,15.676464242944531,16.243218298757178,16.727643877790385
1893-09-01,14.6,13.927380781154726,14.477954773032948,15.012377397963874
1893-10-01,13.2,11.357490441350903,11.843793797879286,12.356851182764679
1893-11-01,6.3,8.023892450025638,8.543391807078708,9.131283203801628
1893-12-01,4.7,6.132001744404175,6.651870197926524,7.192270990539743
1894-01-01,6.1,5.164816209563483,5.647454629130253,6.153437910873587
1894-02-01,7.9,5.1660388388735425,5.64726345436397,6.221261845986959
1894-03-01,7.0,6.790914046383349,7.316259891152807,7.717743466580074
1894-04-01,11.3,8.648139421756717,9.22649559335978,9.755997542137889
1894-05-01,14.7,12.851051961360128,13.367512111155904,13.936480162654455
1894-06-01,14.8,14.261797071747798,14.904269534681774,15.43484713296941
1894-07-01,16.6,15.880595115331644,16.460140449591307,16.993426896567534
1894-08-01,17.0,15.683221959047112,16.23026187480809,16.685150853580726
1894-09-01,13.2,13.930721313398628,14.473648828623837,14.98827312615557
1894-10-01,10.8,11.365129094517211,11.833417599376297,12.336686083674074
1894-11-01,11.2,8.038045465295934,8.538070266631681,9.103635576629323
1894-12-01,5.0,6.1331420171986,6.652517813654032,7.170588710804045
1895-01-01,4.8,5.117326236568922,5.637761070178063,6.144219719238561
1895-02-01,0.4,5.159887048333595,5.652903360495249,6.22998422626232
1895-03-01,6.7,6.784654956858972,7.301094372793999,7.744744982461026
1895-04-01,10.3,8.673170324452155,9.237078189610049,9.741466078260801
1895-05-01,15.0,12.869839027236068,13.35849812335146,13.942748629373307
1895-06-01,14.3,14.316635516719892,14.908237006272492,15.438883084418654
1895-07-01,18.4,15.911537059042583,16.479062786059103,16.96248433471091
1895-08-01,19.2,15.711566921895388,16.22318899238109,16.674895649118014
1895-09-01,16.4,13.96084443743291,14.485774024653146,15.014974144049432
1895-10-01,12.9,11.342116120885668,11.829340880955874,12.327192353757944
1895-11-01,12.4,8.046088924138406,8.56445730508863,9.086635479725736
1895-12-01,7.7,6.145334279538983,6.665972281124569,7.143128432874278
1896-01-01,6.6,5.151458035306044,5.6634832952780325,6.126112680658691
1896-02-01,6.8,5.1913845000340055,5.669171186554058,6.188099916744137
1896-03-01,9.4,6.8198312038271185,7.311408763499575,7.750444631680376
1896-04-01,7.9,8.72298111692407,9.241479847539079,9.727815389447617
1896-05-01,9.7,12.830986341487,13.363275384063183,13.917970231591628
1896-06-01,17.1,14.34470522375374,14.928689426509909,15.420071240180889
1896-07-01,17.6,15.931486878090414,16.484911803943273,16.966586541361938
1896-08-01,15.5,15.710767618301423,16.220856638110824,16.64578261573894
1896-09-01,15.5,14.02348618840557,14.486873853948559,14.99205302327633
1896-10-01,13.2,11.362801964900735,11.846740797822072,12.315728628248735
1896-11-01,4.3,8.05221794883888,8.564001852196208,9.049242372823601
1896-12-01,4.4,6.185407833467037,6.675258796250773,7.1482203177032595
1897-01-01,3.9,5.2069398982071045,5.66261227223012,6.149739436069204
1897-02-01,6.1,5.223488556626139,5.692244096506689,6.203752800680043
1897-03-01,9.1,6.842872063915704,7.324670932028577,7.738924955720685
1897-04-01,11.7,8.75704300251364,9.255562364243923,9.736617794810485
1897-05-01,15.2,12.897858643246469,13.375184759421469,13.915124188279728
1897-06-01,17.7,14.429009027548972,14.961558282044791,15.435806961473864
1897-07-01,15.9,15.954160778279746,16.515334540480755,16.98208140023153
1897-08-01,17.2,15.765923978761649,16.245920717447653,16.682623828763205
1897-09-01,14.0,14.051738845734524,14.499855401892617,15.015139111903578
1897-10-01,10.6,11.421676963078234,11.85641058825453,12.3117669547124
1897-11-01,9.0,8.107487277772837,8.611992802682845,9.04702428833107
1897-12-01,8.1,6.214031828791772,6.70166229132716,7.173275323751192
1898-01-01,6.9,5.1922771606540365,5.67820291083159,6.164515147780604
1898-02-01,6.1,5.297572524273355,5.715111908484159,6.23391898078807
1898-03-01,7.4,6.8454648143550285,7.354645250786371,7.770344475333091
1898-04-01,11.1,8.796241055894438,9.276359718330102,9.745122771363338
1898-05-01,11.1,12.872132214932638,13.407002061292003,13.95414771608979
1898-06-01,14.4,14.480728352735326,14.982344305164034,15.436889021108565
1898-07-01,14.2,15.974917501763041,16.520896279851215,16.994058126555768
1898-08-01,20.1,15.789194754368225,16.25932203836946,16.69975697304964
1898-09-01,17.3,14.091138255074409,14.545797439297782,15.073646470937861
1898-10-01,13.5,11.437690234207656,11.899099111486262,12.337373052541047
1898-11-01,9.1,8.166190917951173,8.637895767584169,9.053869174720141
1898-12-01,9.2,6.255968005503239,6.730694519652003,7.199522115331543
1899-01-01,8.9,5.234172386193343,5.698126475467236,6.204859439919726
1899-02-01,11.7,5.347753283811262,5.7425596336824825,6.29520547466262
1899-03-01,7.7,6.9059406280221065,7.361229323676502,7.79430427688484
1899-04-01,9.8,8.813898298576731,9.297691239990101,9.767824026993004
1899-05-01,11.5,12.943948247156003,13.421782604269254,13.993716806756142
1899-06-01,14.0,14.51140624868293,15.006226446297905,15.445218509617064
1899-07-01,18.3,16.012214104631518,16.547616293692954,16.991976757128157
1899-08-01,16.2,15.795676770401275,16.274522409577585,16.719939396631474
1899-09-01,16.9,14.108260780098005,14.564706601916193,15.063810419634272
1899-10-01,12.4,11.455177195032816,11.904247316483525,12.368832287198295
1899-11-01,13.1,8.174935509065286,8.636547118499129,9.080135056162876
1899-12-01,5.5,6.25283789696643,6.7539815789968625,7.2139726007479945
1900-01-01,8.5,5.222235454257532,5.724077692907793,6.202240423566511
1900-02-01,9.6,5.3627837970445436,5.740629157869879,6.332463284413989
1900-03-01,5.4,6.888244158500457,7.36180708187947,7.829780881408129
1900-04-01,10.2,8.802382737103178,9.3000390455926,9.791906166345235
1900-05-01,12.4,12.945867405500557,13.431213105123348,14.001245248471959
1900-06-01,16.6,14.525105850053714,14.994644265658582,15.458708959579306
1900-07-01,18.3,16.03062928493985,16.549933512905653,17.036697221329447
1900-08-01,16.4,15.80290588303577,16.273142481782372,16.734593504491382
1900-09-01,14.2,14.0963331681178,14.572711088840848,15.083116770938464
1900-10-01,12.3,11.436166194926392,11.917070244892571,12.37328558853309
1900-11-01,10.4,8.154220690335501,8.63806636338838,9.099458186128285
1900-12-01,8.7,6.287500407735394,6.751436329824365,7.2318703687758
1901-01-01,6.1,5.2333088051041905,5.734476119867076,6.226222610285207
1901-02-01,4.3,5.366582795511506,5.737404895628705,6.3478897534915175
1901-03-01,5.9,6.913962119337076,7.36609406639657,7.8379928976463
1901-04-01,10.9,8.839829659829588,9.30908635380598,9.801213528232969
1901-05-01,15.2,12.96987316557895,13.432019531625325,14.022578908261059
1901-06-01,18.6,14.51986169910885,15.013897316367297,15.460242025643044
1901-07-01,17.2,16.033296975274144,16.56383808021562,17.040771192154338
1901-08-01,18.4,15.817084741888504,16.277480334414413,16.710656070324838
1901-09-01,17.0,14.109141934307571,14.582731288604311,15.088936104429875
1901-10-01,14.2,11.46522965091403,11.918052832759079,12.365322566439328
1901-11-01,8.5,8.133369873381733,8.638681069916888,9.091503806771781
1901-12-01,8.6,6.290973954885493,6.761883752484103,7.191374223658898
1902-01-01,7.6,5.2161331907588915,5.711090928709293,6.169603040146506
1902-02-01,5.9,5.375116103287847,5.740974558136313,6.257270500540833
1902-03-01,7.4,6.908190011284466,7.367898460426295,7.837924863485604
1902-04-01,10.2,8.80986943259378,9.29742276462369,9.79354297486282
1902-05-01,15.2,12.96922635997875,13.437184877532054,13.989943679264107
1902-06-01,17.1,14.504859862248706,14.998402665733156,15.461766529380062
1902-07-01,15.4,16.066785981487104,16.546938533111017,16.99554913268533
1902-08-01,16.0,15.789921854209792,16.265254182351672,16.712428481079446
1902-09-01,15.7,14.07911566624549,14.580055750904442,15.058167586780186
1902-10-01,12.2,11.454532436110176,11.899748512392716,12.365902934639474
1902-11-01,9.5,8.134220403276077,8.619854794202187,9.091388627060345
1902-12-01,6.7,6.309451428658518,6.756948830443914,7.237534235129418
1903-01-01,7.2,5.23429213555365,5.717446118985453,6.180152578999531
1903-02-01,8.2,5.3652622201370805,5.73264288001571,6.256404261979666
1903-03-01,8.7,6.900814728442358,7.376393344143524,7.827265009128506
1903-04-01,8.8,8.797861462391376,9.288168003561246,9.782154677396452
1903-05-01,16.2,12.953658801371363,13.425824741358918,13.945372957806454
1903-06-01,17.3,14.515242645417871,14.983976902891865,15.458580021252521
1903-07-01,15.5,16.07134602782181,16.528979413994115,16.991012059378413
1903-08-01,14.6,15.768431921579618,16.254713116328713,16.711498029559987
1903-09-01,19.0,14.087657720253135,14.551646816763986,15.02413599431342
1903-10-01,15.2,11.427984735607074,11.900807883220278,12.348631994515172
1903-11-01,8.4,8.113795619832892,8.606510267336457,9.050988216819896
1903-12-01,5.4,6.279541128805952,6.746418013595435,7.188294691386464
1904-01-01,5.2,5.224724008004377,5.695257853842358,6.1860903974904815
1904-02-01,7.4,5.342754117962076,5.700420424994002,6.22476257780299
1904-03-01,6.9,6.871679585141469,7.357634656914793,7.793844550782698
1904-04-01,10.9,8.771256284815468,9.257333239627354,9.722795771794035
1904-05-01,16.3,12.896744838838407,13.400036649464976,13.94655721893576
1904-06-01,14.6,14.468468346569574,14.964835137905078,15.429057282442544
1904-07-01,18.1,16.039502928606076,16.515138888618544,16.954988733663384
1904-08-01,19.3,15.75284796272781,16.221856367332034,16.64874950105395
1904-09-01,12.9,14.060822252953386,14.527661233136698,15.012429452598518
1904-10-01,12.2,11.395797330425806,11.88571358264717,12.312501559399132
1904-11-01,6.8,8.056646624189087,8.592584414584664,9.021239770578143
1904-12-01,7.8,6.2514927597616525,6.721907499881196,7.153284804179414
1905-01-01,3.1,5.236936348893288,5.6725508358821735,6.144165921060082
1905-02-01,7.2,5.288783730442143,5.692524631972869,6.15245897523576
1905-03-01,7.8,6.831291326774253,7.3241465831367885,7.771357097187397
1905-04-01,8.7,8.74428647331543,9.24498809538695,9.714091193272168
1905-05-01,13.4,12.917564939719561,13.388360476231583,13.93954554659159
1905-06-01,16.6,14.486205105768155,14.949825683500642,15.41343517025372
1905-07-01,17.4,16.05375966439415,16.503600612143703,16.940733942438786
1905-08-01,14.8,15.725535696808366,16.21080279318185,16.646360168318843
1905-09-01,16.6,14.065451647750143,14.525678527052069,14.992457207058536
1905-10-01,7.9,11.386126243035024,11.870792682160795,12.313108942327835
1905-11-01,7.4,8.053936476819626,8.574489517771248,8.9728842729736
1905-12-01,8.4,6.241355376192158,6.712357985315339,7.13198950031062
1906-01-01,6.6,5.212090757607346,5.66395047365652,6.164826957082446
1906-02-01,6.0,5.277538241417978,5.685804523348548,6.164757562715238
1906-03-01,8.5,6.853472005264772,7.33297966493534,7.765417816477633
1906-04-01,11.3,8.760281159124727,9.246016635095668,9.723859515924287
1906-05-01,13.6,12.89583160456341,13.380752694501233,13.937667229451154
1906-06-01,14.5,14.450454934257497,14.949914625902826,15.407325230992678
1906-07-01,17.5,16.068478980209015,16.516714961683405,16.947742095548936
1906-08-01,17.1,15.738806849088736,16.20570192122021,16.630500711574502
1906-09-01,16.9,14.054248233627026,14.508583202785164,15.02781211135178
1906-10-01,13.3,11.423634020366737,11.86507422172641,12.308804031955463
1906-11-01,9.2,8.077224182474733,8.570235760121227,8.967096863915271
1906-12-01,7.8,6.257597182285306,6.718098857017434,7.136026047814209
1907-01-01,4.4,5.224037917970495,5.67164559107753,6.130267622101304
1907-02-01,5.1,5.271224231120448,5.671700884765917,6.18822301558225
1907-03-01,8.2,6.838141961850018,7.341265957276918,7.7639971365469
1907-04-01,8.9,8.759011160241117,9.245195694279435,9.73098015635441
1907-05-01,17.0,12.895639503927779,13.38296518245026,13.918433933452471
1907-06-01,13.6,14.439983104830832,14.943903189326944,15.396881503433624
1907-07-01,15.2,16.08011494293918,16.5242981424186,16.935463949969552
1907-08-01,17.8,15.723129551452637,16.19535338146602,16.612761980618448
1907-09-01,15.9,14.039341420150471,14.505581071400407,15.015795080060153
1907-10-01,12.6,11.375733630135135,11.869535611125418,12.31074586685321
1907-11-01,9.3,8.064289951545868,8.576383694394757,8.98887035442196
1907-12-01,7.2,6.238513418713183,6.7107609580448235,7.1224876163993915
1908-01-01,5.2,5.224485041322957,5.679794552839878,6.124031953443456
1908-02-01,6.4,5.273235052832885,5.6544192772881665,6.150540394055052
1908-03-01,4.2,6.857123687348443,7.334187336749641,7.734991222800535
1908-04-01,5.9,8.742729220800955,9.239583522599343,9.735483518226433
1908-05-01,13.3,12.892869194431427,13.375553167161906,13.9357181774625
1908-06-01,17.3,14.449026031166209,14.928702121580855,15.38234919134546
1908-07-01,16.7,16.07767435266212,16.53068352814165,16.93558729201045
1908-08-01,15.9,15.67988431012339,16.209694092930384,16.601262641488162
1908-09-01,15.4,14.052503706063176,14.501724289073001,14.998264737491143
1908-10-01,14.2,11.378225789768505,11.876783114691074,12.344338052955324
1908-11-01,8.9,8.07609415274098,8.587795956067241,9.012985969512734
1908-12-01,7.8,6.262900974522063,6.723678676425132,7.13642590780901
1909-01-01,4.3,5.229395853200638,5.68387367288062,6.147407219498814
1909-02-01,7.5,5.239977591178423,5.66378017993484,6.152641332589462
1909-03-01,7.5,6.857489377677217,7.349694319670281,7.753528670190524
1909-04-01,10.1,8.784204974700575,9.24626016513612,9.744279038858616
1909-05-01,14.1,12.88974923032373,13.37274271314432,13.939689473945837
1909-06-01,14.8,14.458268246920566,14.948292613592738,15.390310812582573
1909-07-01,14.4,16.109990148192953,16.538761313991394,16.95661161877683
1909-08-01,16.9,15.713160628539365,16.213013549139387,16.608228563804772
1909-09-01,13.9,14.089499411361881,14.521170017658381,15.043607827295673
1909-10-01,14.9,11.435538312108019,11.902769364197077,12.346415983831536
1909-11-01,7.4,8.088084255606416,8.602134091365865,9.028939131043435
1909-12-01,10.0,6.241848575625521,6.742702059037852,7.1525297108373636
1910-01-01,7.3,5.244878588360386,5.699710082257914,6.174619216065064
1910-02-01,7.9,5.266184428874335,5.685860689722371,6.169322691558493
1910-03-01,7.3,6.881692098870751,7.3812137631929025,7.748410121122381
1910-04-01,10.1,8.803946649550674,9.267998557631344,9.750459589984743
1910-05-01,13.5,12.928454804928856,13.40626084716821,13.954383558162656
1910-06-01,16.8,14.511531336942788,14.963290071212196,15.41124091393774
1910-07-01,16.3,16.13436707561986,16.562549827587993,16.97543008110262
1910-08-01,14.5,15.765452566713737,16.234334744253054,16.639551418625622
1910-09-01,14.1,14.107528211544109,14.530176989043778,15.04749633250681
1910-10-01,15.0,11.446256610790048,11.910984058858917,12.382804948447799
1910-11-01,6.6,8.1070958802338,8.607781299373029,9.049453755638094
1910-12-01,7.6,6.2830048682908455,6.747280523935583,7.168402803682591
1911-01-01,5.1,5.281500197195738,5.734426097039567,6.158809886135376
1911-02-01,7.0,5.268161173923525,5.692012823957066,6.158300175875551
1911-03-01,9.1,6.869730735234825,7.404855005502748,7.763504454602281
1911-04-01,8.7,8.831027738750798,9.294336308227638,9.755714991766002
1911-05-01,15.8,12.94291704426882,13.414762794443782,14.004399184854982
1911-06-01,14.6,14.51192870518436,14.978467531671264,15.425846751521519
1911-07-01,20.9,16.190114473120666,16.584603394637945,16.981299279584384
1911-08-01,20.9,15.785849488760455,16.234028525721083,16.66531704069099
1911-09-01,16.0,14.126306076344198,14.546983667978463,15.05961359818443
1911-10-01,10.8,11.48158399789411,11.909129394953041,12.37361205712967
1911-11-01,8.9,8.117563942738801,8.636826739285743,9.086404808854558
1911-12-01,8.0,6.295667681636813,6.75672933028561,7.210899996057408
1912-01-01,6.8,5.300396284392513,5.753968906089352,6.24673682220612
1912-02-01,9.9,5.263220746869203,5.709770415088253,6.172425407025486
1912-03-01,9.7,6.952922020530792,7.420401633051156,7.811583898630004
1912-04-01,9.8,8.835054489664074,9.310422372839607,9.757654011220854
1912-05-01,12.1,12.943041478618719,13.425059331673783,13.999329004665986
1912-06-01,14.3,14.50367286553285,14.988788325206094,15.412860225554274
1912-07-01,21.1,16.18201632310186,16.587726995192273,17.00900583350967
1912-08-01,14.1,15.764917660129502,16.23436245467156,16.664614971369616
1912-09-01,11.1,14.107560851829486,14.542575649840694,15.050853979873253
1912-10-01,11.8,11.455756743026907,11.919532102065807,12.357723541534742
1912-11-01,7.1,8.156049751957529,8.628608306963608,9.071276021970899
1912-12-01,10.6,6.3201387507428795,6.762082045777296,7.205992171191454
1913-01-01,6.2,5.294721501897917,5.746175020820234,6.229819828585037
1913-02-01,6.8,5.281846773805025,5.6947347358538,6.157837296814507
1913-03-01,10.0,6.946698341490625,7.412816107378152,7.831215327113038
1913-04-01,11.7,8.806307423565867,9.313723361701541,9.739861898251693
1913-05-01,16.0,12.950161138737618,13.434291463687956,13.989036524659927
1913-06-01,16.1,14.513549850235739,14.992826146291431,15.426334989786017
1913-07-01,15.1,16.208774207129412,16.604421319589335,17.015913796339106
1913-08-01,17.1,15.780652264959071,16.237331210420276,16.669753209160007
1913-09-01,13.1,14.12773716754613,14.565726003193255,15.071718072753008
1913-10-01,13.1,11.482043943229895,11.921620668767918,12.381783800859244
1913-11-01,10.5,8.148630705698718,8.64957471678284,9.08464333373885
1913-12-01,7.3,6.320977769097378,6.764765009372923,7.217546441502176
1914-01-01,4.9,5.3330007340548145,5.759849759168172,6.234762917261292
1914-02-01,7.7,5.289933127283719,5.7016287483116805,6.193154703403153
1914-03-01,9.6,6.961603290329525,7.428359028696289,7.848402207781457
1914-04-01,10.2,8.838474500853282,9.311134846722958,9.746941040557518
1914-05-01,14.0,12.955297029154396,13.450732582970492,13.991925870747203
1914-06-01,13.9,14.530630936733113,15.003046823267955,15.436685138079943
1914-07-01,17.7,16.212847959815196,16.627542518821894,17.048841385558752
1914-08-01,17.0,15.814950191716017,16.251428406668047,16.67594854872965
1914-09-01,17.2,14.130758533200456,14.583661999989111,15.076210991131452
1914-10-01,10.2,11.49824705676929,11.93689907767087,12.388084111268293
1914-11-01,10.3,8.21042467309683,8.668750560223998,9.082155234134618
1914-12-01,9.7,6.362126335843292,6.781009817350726,7.189417171088026
1915-01-01,7.2,5.35649211699566,5.788742881848933,6.251595079376585
1915-02-01,4.5,5.304569664870644,5.700721966963661,6.177790530526024
1915-03-01,9.7,6.968304078473455,7.449486130174792,7.860696568315007
1915-04-01,8.2,8.82382384150518,9.319508475268309,9.751992693905255
1915-05-01,14.4,12.956336070355322,13.455037404126927,14.000992873679316
1915-06-01,17.2,14.5301719904961,15.008689090126875,15.481574128586429
1915-07-01,16.9,16.239826712285232,16.627080208419482,17.071790821773323
1915-08-01,15.8,15.779927736733693,16.261304940746548,16.683152111168557
1915-09-01,16.4,14.131533547414016,14.593151541374466,15.071787063755563
1915-10-01,10.5,11.519548063150795,11.94155416490883,12.369854879661855
1915-11-01,7.4,8.223368326572055,8.683627103261333,9.099106347044312
1915-12-01,9.2,6.339334785504416,6.767695174209495,7.1680830792085795
1916-01-01,7.6,5.373009914971347,5.793796886013991,6.232266804590198
1916-02-01,6.0,5.297593147244207,5.712674195546631,6.165256934548896
1916-03-01,10.3,6.982255647360685,7.460881577747086,7.860672690423312
1916-04-01,11.9,8.853118269718495,9.342378859842931,9.763649883213576
1916-05-01,15.3,12.97612416349727,13.47453369057629,13.985408987959095
1916-06-01,14.4,14.541221715740228,15.032210562707174,15.489324036291837
1916-07-01,14.3,16.22492875773524,16.644128397938267,17.042220718903096
1916-08-01,16.8,15.795259659374523,16.265783710000825,16.694228460693946
1916-09-01,14.7,14.14303172650623,14.59999499909616,15.05610572345833
1916-10-01,14.1,11.511655311819158,11.944352580496908,12.36018593312319
1916-11-01,11.3,8.238755687504483,8.698428850955036,9.103161208717445
1916-12-01,6.4,6.37156439815029,6.763328060887064,7.166584509335204
1917-01-01,8.8,5.399167744102939,5.793592612955368,6.254678486673247
1917-02-01,2.9,5.276459689303264,5.7073044704112625,6.136532503958413
1917-03-01,5.5,6.972645631818379,7.45784547364585,7.8566412144330755
1917-04-01,7.2,8.851684699047704,9.340330422103237,9.73991474253151
1917-05-01,17.3,12.963071395222547,13.460418695334074,13.996406607234695
1917-06-01,18.1,14.57156663021453,15.041515909360335,15.480540391976408
1917-07-01,16.2,16.25545973203763,16.662011948450438,17.054814283283868
1917-08-01,15.3,15.796556004865524,16.29017495532873,16.679943707628397
1917-09-01,14.5,14.195666544843684,14.60927086420078,15.079397026258658
1917-10-01,13.2,11.52770051823648,11.954376306953632,12.386722625869401
1917-11-01,9.6,8.268076565080662,8.72031042960101,9.107221860509469
1917-12-01,4.1,6.393626429903389,6.76013612340196,7.153301418637535
1918-01-01,9.1,5.388191763646108,5.805476937076712,6.276308137232544
1918-02-01,8.4,5.303254764370138,5.72322561273662,6.168195590889853
1918-03-01,6.9,7.031020761138051,7.473287237823736,7.878006610096528
1918-04-01,9.2,8.851856508959072,9.357870198094517,9.775605835519853
1918-05-01,15.5,13.009505209876718,13.465918742307135,14.009500829913533
1918-06-01,13.8,14.566721119299768,15.055669123764947,15.497537536634017
1918-07-01,18.1,16.276257429134276,16.66590803523308,17.096125037264766
1918-08-01,17.7,15.823323552807604,16.281070875957788,16.675793177842348
1918-09-01,15.2,14.182783842154564,14.60727318378809,15.080444357977175
1918-10-01,9.8,11.530189827299631,11.95674710553686,12.359122322108998
1918-11-01,8.3,8.261084865470275,8.728968918665622,9.126015740278872
1918-12-01,10.5,6.386180154407572,6.77592124994761,7.161098283574385
1919-01-01,7.9,5.431855740682779,5.828769581886368,6.26088061462332
1919-02-01,7.1,5.3192198820273155,5.721789288819768,6.14288825320631
1919-03-01,8.9,7.043321734867817,7.487350937332433,7.87210861620492
1919-04-01,7.5,8.875137274076971,9.370768424980621,9.78555188098727
1919-05-01,13.2,13.027581257653795,13.476406263843064,14.001115371367145
1919-06-01,18.4,14.570876611047064,15.056009094154449,15.501270378800976
1919-07-01,14.6,16.293771304403432,16.672686860657375,17.13307259558333
1919-08-01,17.0,15.840710213535353,16.28778607858485,16.70719844189673
1919-09-01,18.2,14.185777536271743,14.626003373285066,15.100597096068249
1919-10-01,12.3,11.534482342266184,11.972550193002832,12.398044195642354
1919-11-01,7.8,8.283407782034653,8.746105956784668,9.15199944914945
1919-12-01,8.4,6.3804171511720185,6.795496440501443,7.174211222976807
1920-01-01,7.2,5.435264585813251,5.849333665443147,6.264164994758099
1920-02-01,6.5,5.3330730586318875,5.735956398295311,6.144296153158179
1920-03-01,10.5,7.062358916085088,7.495518854546027,7.867878270339214
1920-04-01,10.6,8.908063441006151,9.39112136943495,9.798496836263485
1920-05-01,15.8,13.036204467870965,13.480930679187445,14.004794284643943
1920-06-01,14.5,14.596114916149386,15.055518603728029,15.520125446145856
1920-07-01,16.6,16.345709105000033,16.71041260223982,17.143253386251676
1920-08-01,12.6,15.854218969326611,16.311021370968547,16.71247572089383
1920-09-01,13.5,14.23153548841537,14.636791871186746,15.113147565885875
1920-10-01,13.3,11.55963484541595,11.980525467057298,12.431842349076323
1920-11-01,8.7,8.304818620024513,8.753051523064158,9.154454045457904
1920-12-01,8.9,6.402770638552276,6.801945278418113,7.190993780651714
1921-01-01,10.9,5.464941588778274,5.869240629805386,6.303024171220717
1921-02-01,4.8,5.3465689626613315,5.745679683370826,6.165597534091886
1921-03-01,7.0,7.054302497256762,7.51576958540171,7.900982415095815
1921-04-01,10.4,8.948516915475398,9.399663771163345,9.795374788480778
1921-05-01,13.2,13.027463447087884,13.48872732617255,14.019656124362708
1921-06-01,14.9,14.613485159022321,15.07420028022192,15.540917425549644
1921-07-01,17.9,16.361105869413063,16.728938794019278,17.160886799098975
1921-08-01,16.0,15.885425007212497,16.314082765711625,16.724955033538922
1921-09-01,14.5,14.211339263566908,14.65346898244146,15.118690694255541
1921-10-01,14.8,11.578502648560356,11.99669533397808,12.436964116520608
1921-11-01,7.6,8.311571290133811,8.784563308183102,9.22595490525427
1921-12-01,7.6,6.39345274126494,6.821971095584531,7.175190446461836
1922-01-01,4.7,5.49095577178329,5.895052877149823,6.360212340669226
1922-02-01,8.9,5.3472556094058445,5.763025424635574,6.175248811829246
1922-03-01,9.2,7.100786265573095,7.543825197207481,7.910698780715679
1922-04-01,11.4,8.970893155055586,9.422951236138953,9.86021023053781
1922-05-01,19.8,13.059496348509612,13.514403839057522,14.01601235957368
1922-06-01,13.8,14.603728409175671,15.090053252376235,15.551418817546182
1922-07-01,15.1,16.364426831017475,16.739861469960147,17.16513081784833
1922-08-01,15.2,15.877172673170495,16.32348359472759,16.744829929008908
1922-09-01,13.2,14.226115004480853,14.656898178242475,15.141874829973759
1922-10-01,13.0,11.593480625331257,11.996934682732327,12.427083695516595
1922-11-01,6.9,8.305018058911996,8.79443920330252,9.227623757577785
1922-12-01,5.9,6.389517836566997,6.804242489457389,7.212919644194155
1923-01-01,7.3,5.487967739406149,5.895258942869401,6.377444133670464
1923-02-01,8.6,5.354303950605308,5.7512909298945765,6.160969423701346
1923-03-01,10.1,7.088413054980581,7.52178873490412,7.941468099834124
1923-04-01,9.3,8.96216739087807,9.427757869579734,9.821256787808759
1923-05-01,14.2,13.059838304082515,13.48103098162148,14.017513475017019
1923-06-01,12.6,14.620832784727408,15.103816823147751,15.544926787300202
1923-07-01,22.7,16.37993904897009,16.750911825614956,17.163564707700274
1923-08-01,16.9,15.88293485784361,16.32335490896879,16.720542063070134
1923-09-01,12.0,14.254546989276363,14.64897225033499,15.114093503844126
1923-10-01,14.0,11.584926332563958,11.99084454388312,12.41432847909881
1923-11-01,8.7,8.297156187535684,8.786550079092645,9.227426502242569
1923-12-01,5.2,6.388022154797611,6.796192071931655,7.183721155961462
1924-01-01,6.6,5.4831515483831055,5.888974703649913,6.336712832925719
1924-02-01,4.2,5.326663976066486,5.746468999142419,6.141513270552848
1924-03-01,8.0,7.09352904807535,7.5242380560379925,7.920703310173964
1924-04-01,10.3,8.954370727233576,9.424287161128284,9.821515413703933
1924-05-01,15.1,13.040596920734178,13.469481283215028,13.952013677637469
1924-06-01,15.2,14.58819156084636,15.089717508838344,15.523242386646446
1924-07-01,16.2,16.383449621387214,16.73475883381291,17.142261978436117
1924-08-01,15.1,15.866261864417845,16.310999780292835,16.749074215869744
1924-09-01,15.9,14.233878943625749,14.652682663349609,15.115151609142995
1924-10-01,11.2,11.586527570017159,11.971378823669774,12.41264732108824
1924-11-01,10.8,8.33329248364063,8.792758224161524,9.212832877463859
1924-12-01,7.1,6.34748164838131,6.781500000679351,7.190068435422652
1925-01-01,6.8,5.496273360202932,5.908782028164414,6.360835558569027
1925-02-01,8.3,5.328727038690053,5.742753932937015,6.15198846225603
1925-03-01,6.2,7.105403112322711,7.513072822481995,7.914878070274197
1925-04-01,9.6,9.00359924287074,9.441228172635713,9.828074965747092
1925-05-01,16.1,13.034652512781518,13.453497861021695,13.936942701575374
1925-06-01,15.0,14.577352800292658,15.110611237838611,15.531104307093052
1925-07-01,20.7,16.36262101958607,16.73723301721796,17.14237767974703
1925-08-01,15.9,15.871171332579651,16.298748944289652,16.712336650030345
1925-09-01,12.7,14.212140371481626,14.660785941944425,15.149277026602599
1925-10-01,14.1,11.563818915951423,11.976388102221492,12.407715525308728
1925-11-01,8.0,8.33006528383149,8.787559845110287,9.203306869246061
1925-12-01,10.0,6.346996431144336,6.77136389686898,7.147103861467467
1926-01-01,8.3,5.498572292019059,5.889838101919514,6.373858602382274
1926-02-01,8.0,5.312321876361602,5.720632452557364,6.120158856357889
1926-03-01,8.1,7.073590349564011,7.511695678585573,7.90068258387635
1926-04-01,12.5,8.993571302879102,9.423509020240148,9.844578061414555
1926-05-01,12.4,13.01733046631974,13.440760790042297,13.879986799005389
1926-06-01,14.1,14.586041193933386,15.092885948743795,15.533655445892741
1926-07-01,17.8,16.331082151123052,16.717690235173063,17.125783782131734
1926-08-01,17.7,15.863085634684053,16.276076139521443,16.70892623813922
1926-09-01,16.7,14.194939500718036,14.647814763830134,15.119008682265735
1926-10-01,12.2,11.536172537986118,11.964946850738217,12.400084674268626
1926-11-01,11.6,8.335311521216834,8.805776110962316,9.219271857826804
1926-12-01,4.7,6.335798071288063,6.75742175804432,7.188343365207294
1927-01-01,6.8,5.513134206262607,5.9049545315869825,6.338295057063455
1927-02-01,6.1,5.299946622856168,5.710750840400379,6.130574582365744
1927-03-01,7.7,7.058692749714215,7.494615072962233,7.891115301447729
1927-04-01,8.5,8.990356606987422,9.428966599654846,9.832642534988812
1927-05-01,13.4,12.990078669270005,13.418184405831134,13.894654509029284
1927-06-01,13.0,14.592545937139953,15.1002093639265,15.543685010356356
1927-07-01,16.4,16.343643670792957,16.70763339276546,17.131834334243496
1927-08-01,16.4,15.859503846842996,16.287812386540235,16.69821399042274
1927-09-01,16.3,14.192279504990559,14.64577406686669,15.101803761052292
1927-10-01,13.1,11.524148265532194,11.951539264874242,12.40988020884409
1927-11-01,10.9,8.298083928507122,8.805706856133291,9.214881005163269
1927-12-01,7.3,6.331827581226726,6.750166803622038,7.201098620568127
1928-01-01,4.9,5.455749135876639,5.892508274273455,6.3626117558977064
1928-02-01,9.3,5.29775812220318,5.699566269313145,6.112086541496927
1928-03-01,8.0,7.038924663674787,7.496447968919243,7.880382328157838
1928-04-01,10.9,8.95974217569583,9.4249570190639,9.854646352380378
1928-05-01,13.4,12.975062721668177,13.380903123073722,13.8686257824748
1928-06-01,13.4,14.58324178066571,15.101783204948282,15.529056591238707
1928-07-01,16.7,16.333064948790504,16.7046731882308,17.119091050077746
1928-08-01,15.0,15.873270193662972,16.297662954160128,16.70938908827673
1928-09-01,16.3,14.19073547854248,14.627673265016433,15.094956911039839
1928-10-01,11.3,11.500914557108906,11.9494495575839,12.403474875467028
1928-11-01,10.2,8.316483652379821,8.796655382748648,9.218940050980578
1928-12-01,7.0,6.329374544830967,6.753203208251492,7.183391440096803
1929-01-01,1.2,5.4922289250399485,5.897254279730602,6.347567672347246
1929-02-01,1.7,5.274490161652508,5.717437201798255,6.089027827124522
1929-03-01,9.2,7.080536988748243,7.503837714729212,7.9009189879554205
1929-04-01,9.1,8.992279036137592,9.450296053619965,9.888528751239413
1929-05-01,15.9,12.985019565129889,13.397044157118486,13.834432392786356
1929-06-01,14.1,14.662832112046061,15.123862232853462,15.54348627322367
1929-07-01,17.5,16.343936350686306,16.702176545806655,17.12846738557363
1929-08-01,18.0,15.913042657532731,16.315507491394712,16.719612805638427
1929-09-01,16.7,14.240001068231116,14.640139844967484,15.118529140464181
1929-10-01,12.1,11.514070550784771,11.949166668403631,12.3880725580706
1929-11-01,9.8,8.35719241682278,8.818052382113306,9.210263881579602
1929-12-01,8.3,6.369165875530372,6.758982251020565,7.189770559778124
1930-01-01,10.0,5.504935560116832,5.912096645241855,6.373317030811417
1930-02-01,4.8,5.288991414425168,5.727738881328199,6.135417479164045
1930-03-01,5.8,7.112951126002242,7.512429436893765,7.930751594144208
1930-04-01,10.7,9.042792028363051,9.460727344718663,9.89922297864267
1930-05-01,12.3,12.994098056287672,13.391298883355681,13.83219009051314
1930-06-01,16.5,14.69542847832444,15.14139873147436,15.552633323657872
1930-07-01,17.2,16.354603168763802,16.72665651900516,17.166591706227695
1930-08-01,19.6,15.934782058049262,16.333967168544824,16.729132484308586
1930-09-01,14.1,14.24615071070465,14.656785983799104,15.118669488825168
1930-10-01,13.4,11.553329967888988,11.978961693633515,12.42550750510556
1930-11-01,10.2,8.40992263396556,8.82534186574442,9.24883344446168
1930-12-01,4.8,6.404353853609631,6.777605081658594,7.204731570902297
1931-01-01,6.8,5.513180733530982,5.9530874440120165,6.3509596804120205
1931-02-01,4.2,5.298551527917808,5.748014043499172,6.145581276089805
1931-03-01,8.6,7.1508470365975585,7.544907262903313,7.937549316943138
1931-04-01,8.4,9.064265387278947,9.49119064064306,9.913771089379926
1931-05-01,15.3,13.005884136707582,13.391366030239476,13.841688724995322
1931-06-01,15.1,14.714378862919245,15.176085867508,15.602781087878357
1931-07-01,16.5,16.350266751973926,16.750374617205324,17.172655654951726
1931-08-01,17.0,15.943590574904201,16.35380075283388,16.76684086344769
1931-09-01,13.2,14.276213966627967,14.686901392010252,15.152797051389443
1931-10-01,10.1,11.555444368080233,11.992687669991621,12.465685087754872
1931-11-01,11.6,8.428188496334347,8.85751833245374,9.290686910776552
1931-12-01,8.7,6.399941858870186,6.802129003446154,7.225262196169722
1932-01-01,10.1,5.5432991211746065,5.964214769003231,6.400206178796901
1932-02-01,5.0,5.307291456262872,5.762990911291791,6.156620079098172
1932-03-01,6.5,7.162142383481999,7.573182435649876,7.959499630742181
1932-04-01,9.9,9.12937936565951,9.534523665648805,9.945622948966578
1932-05-01,15.4,12.993946719410456,13.406768263485532,13.83954904773565
1932-06-01,16.9,14.729623896077566,15.225385639586731,15.62209874105612
1932-07-01,17.4,16.376491489398298,16.77052285769056,17.213438823546607
1932-08-01,21.4,15.964135982227445,16.38219033420922,16.81214474331997
1932-09-01,16.7,14.29868707046379,14.712918550525988,15.171061856313523
1932-10-01,12.5,11.585857734752809,12.019802182786226,12.488544610174944
1932-11-01,9.5,8.451696086907827,8.889109720549072,9.323164315562114
1932-12-01,8.1,6.428235875559587,6.833014302399149,7.263767383349073
1933-01-01,7.7,5.575357631657159,5.9849054543839895,6.420515285834861
1933-02-01,9.5,5.344788017887073,5.786402536712275,6.162411997706521
1933-03-01,10.1,7.183617970428249,7.59392017322137,8.010225298689223
1933-04-01,9.5,9.150197426303455,9.562842493976518,9.933326544654626
1933-05-01,13.3,13.026891412719689,13.411743849290922,13.83269438442885
1933-06-01,14.8,14.802802757365617,15.253441978104881,15.649561827663284
1933-07-01,19.3,16.39339801530181,16.790675391660006,17.217698173585777
1933-08-01,17.1,15.973506726126889,16.39369262022494,16.811654651979246
1933-09-01,14.5,14.292966244773213,14.725385331467814,15.191075779374852
1933-10-01,14.6,11.603651956294792,12.039433534331833,12.471504679927413
1933-11-01,6.2,8.430700622872887,8.910725799221769,9.308881552170291
1933-12-01,0.3,6.44688892484239,6.825040000564582,7.2603249950221915
1934-01-01,9.1,5.568382560783519,6.0000573822626695,6.438313409033016
1934-02-01,5.0,5.358363298603485,5.795955424919651,6.1547939392382425
1934-03-01,6.0,7.1747766808513775,7.6044292861198475,7.991727089303969
1934-04-01,11.6,9.163992441643384,9.59320371377612,9.985733322319355
1934-05-01,14.6,13.000737514146042,13.42746632292462,13.813653899061956
1934-06-01,15.5,14.829967064807583,15.276353188929269,15.692304949005111
1934-07-01,17.2,16.369414892260114,16.796737650370563,17.227454922350425
1934-08-01,15.5,15.98992123717398,16.403129430056087,16.824467318828013
1934-09-01,18.2,14.310227857010812,14.751886387666463,15.197428654267856
1934-10-01,14.4,11.600296709778648,12.055172344373368,12.494033573960314
1934-11-01,6.9,8.46203539565329,8.914133397299722,9.35813431719591
1934-12-01,10.7,6.4602039834076574,6.842339413951924,7.286464435358615
1935-01-01,6.9,5.584748230550875,6.001387713415617,6.466900768227516
1935-02-01,7.8,5.3603291764098016,5.813043140203675,6.16565987151593
1935-03-01,7.3,7.183078663046346,7.628095912258486,8.046616361534578
1935-04-01,10.8,9.20685313163978,9.621368637845208,9.981259426391977
1935-05-01,12.9,12.994963951763413,13.426219261347665,13.817532706044963
1935-06-01,19.2,14.858055700822566,15.306436626552628,15.720922867233694
1935-07-01,17.0,16.402017529163306,16.80614821115887,17.226883030094434
1935-08-01,17.7,16.017299633605646,16.424441445333635,16.854028179577757
1935-09-01,15.7,14.34087907634127,14.771617514999253,15.21370025678599
1935-10-01,12.0,11.638606083680116,12.070889337290053,12.502917257982128
1935-11-01,10.9,8.484338779078135,8.952436291538929,9.376202931733804
1935-12-01,8.0,6.489104403462841,6.858485384981246,7.31835139895187
1936-01-01,9.6,5.592900840159011,6.010853417048763,6.46886880734849
1936-02-01,6.7,5.381025360476417,5.815582061984952,6.204313484771547
1936-03-01,10.8,7.241650906100612,7.63420731503885,8.059789925947841
1936-04-01,9.2,9.257363236672838,9.632974803567656,9.992319643337533
1936-05-01,12.3,13.011718706349304,13.420552889831047,13.818932682078492
1936-06-01,18.2,14.87898396555481,15.333667084727667,15.737515797851087
1936-07-01,17.1,16.415026221293978,16.81749209960099,17.253705575461684
1936-08-01,16.2,15.999653397953235,16.44261994756942,16.862390811344934
1936-09-01,15.4,14.348084057788368,14.770366502476973,15.232726634216558
1936-10-01,10.7,11.64728138762558,12.089265527156961,12.519408326903008
1936-11-01,9.2,8.52836587459892,8.9762500583502,9.414052291609321
1936-12-01,10.0,6.470771431511699,6.868508907072389,7.319128827760827
1937-01-01,8.9,5.6089730567627285,6.023149846963973,6.487948796271221
1937-02-01,7.3,5.380084039540523,5.821168919524417,6.213454327137682
1937-03-01,6.9,7.257025445690233,7.653887201842325,8.043674113956628
1937-04-01,9.7,9.255866129175597,9.65000226509089,9.996172233112397
1937-05-01,16.5,13.004405683237662,13.421252847237291,13.831614477632488
1937-06-01,18.0,14.905943744806839,15.349253205319911,15.745833589264421
1937-07-01,15.8,16.431005398139604,16.826216004271622,17.264101417843282
1937-08-01,19.3,16.023593648843065,16.4502234867887,16.879216555996965
1937-09-01,14.2,14.36744583320777,14.784222884616632,15.23095421132927
1937-10-01,14.4,11.632989266592064,12.077258655986636,12.532076300964743
1937-11-01,8.6,8.534313692436756,8.963386460966523,9.395992122569337
1937-12-01,5.8,6.469500284665181,6.873182018598935,7.324865068939171
1938-01-01,7.7,5.637190839575889,6.0349529781876665,6.459834125182298
1938-02-01,5.8,5.376901802012231,5.806259142296991,6.222572041935517
1938-03-01,8.9,7.236516488995279,7.653270057143473,8.05343841062104
1938-04-01,6.8,9.282863529422945,9.662166325664813,9.997252972751555
1938-05-01,13.7,13.01324396195755,13.411838917301203,13.808982823590558
1938-06-01,15.6,14.921161091055327,15.358059273652502,15.758404633782884
1938-07-01,15.0,16.42264521368688,16.829211281074045,17.273196658585025
1938-08-01,18.3,16.032564757198198,16.457697768926828,16.857650208883022
1938-09-01,17.3,14.380798757453647,14.801346571138119,15.245851582178426
1938-10-01,12.9,11.642450270215214,12.092132873031257,12.497271787068419
1938-11-01,13.0,8.552450170546576,8.98831389186608,9.414401762737912
1938-12-01,10.9,6.477371077848569,6.890863188429389,7.318629773435271
1939-01-01,9.3,5.614118959934157,6.021434199152884,6.460408643107994
1939-02-01,8.3,5.406542650897431,5.823162257137449,6.204316656273363
1939-03-01,7.1,7.256831461471055,7.666655616611341,8.054592255580543
1939-04-01,13.8,9.307423828715162,9.673191883950537,9.993947510614163
1939-05-01,10.8,13.008762082923425,13.388022180872571,13.786343425403718
1939-06-01,17.3,14.918705110928126,15.358512947526151,15.785095244498622
1939-07-01,16.5,16.423503215200093,16.828066289505898,17.260446521036553
1939-08-01,16.3,16.03275020180592,16.448091324535383,16.86778142830784
1939-09-01,17.2,14.373980015773734,14.793320371035358,15.217962974375524
1939-10-01,10.5,11.614562063905185,12.081499601165422,12.530218895079532
1939-11-01,12.4,8.559166572762065,9.00035317144684,9.40243457383417
1939-12-01,9.1,6.4783593505945944,6.893758611964603,7.310860773001592
1940-01-01,-0.3,5.610358285989471,6.0239613766662305,6.4374444493280425
1940-02-01,7.3,5.410474980847004,5.819397845456429,6.204431522168867
1940-03-01,10.7,7.28298466351974,7.668145258080496,8.068430451623126
1940-04-01,15.2,9.278788589939978,9.688490834088281,10.035785950621047
1940-05-01,13.6,12.94398456883781,13.370392284351082,13.756824790505743
1940-06-01,15.4,14.965152668773603,15.37126255853938,15.773133587184782
1940-07-01,15.2,16.419621940401033,16.8214914123464,17.257837309824772
1940-08-01,14.4,16.030774732634626,16.444896141975534,16.859137880979752
1940-09-01,13.5,14.398942912647975,14.786901855292273,15.20521505740528
1940-10-01,13.4,11.62261598560774,12.077694239158365,12.51694703861402
1940-11-01,10.1,8.540937774170056,9.007112448755116,9.40436585722664
1940-12-01,3.4,6.447465147780677,6.888583023480615,7.303488695280856
1941-01-01,6.3,5.5983823545780185,6.0177555803495935,6.43649037850492
1941-02-01,8.7,5.393787374940024,5.81666119922404,6.217022050358383
1941-03-01,8.5,7.2842042126478646,7.666857282309268,8.06952532105029
1941-04-01,7.9,9.288092371817335,9.694287703923617,10.028837225848212
1941-05-01,10.4,12.945923573519071,13.36466431732436,13.753882234933384
1941-06-01,20.3,14.953690957837955,15.383395992766463,15.78240115386172
1941-07-01,18.9,16.420236797941982,16.827698893179928,17.285067363873505
1941-08-01,15.1,16.02422042637015,16.45151776314604,16.879058579055616
1941-09-01,14.6,14.372360989780805,14.791876282046506,15.232842972827296
1941-10-01,13.9,11.585911810084621,12.074522496315222,12.518724827666256
1941-11-01,9.4,8.537536437681327,9.0072601927909,9.403343891410097
1941-12-01,8.8,6.470940346065074,6.90367741517395,7.293058967102975
1942-01-01,1.7,5.606487051968785,6.015396639536574,6.492103714045195
1942-02-01,-0.5,5.39457036501303,5.806959196838934,6.214575947171117
1942-03-01,8.4,7.29894547299281,7.66963689433536,8.108616765949089
1942-04-01,9.5,9.290419848865637,9.690069647782362,10.05964120931047
1942-05-01,12.3,12.92629648682121,13.365011411177552,13.781911680663631
1942-06-01,16.2,14.96800861418831,15.388520958463083,15.808065728644062
1942-07-01,17.4,16.445287526096532,16.8621627621605,17.314692664564088
1942-08-01,19.4,16.05966458267111,16.471308958207977,16.91404800321544
1942-09-01,17.2,14.409322871907623,14.817195938842424,15.238714307814877
1942-10-01,14.3,11.622942214244604,12.107703657224402,12.540529566996808
1942-11-01,8.8,8.581325555571095,9.038589210112171,9.434183306721627
1942-12-01,7.5,6.491279842271001,6.9305595012864245,7.333149971102695
1943-01-01,8.1,5.675166184689691,6.05009800012915,6.503944999659063
1943-02-01,7.0,5.407147185199735,5.846660340267977,6.221715207346368
1943-03-01,11.2,7.318029324052842,7.7031289018180225,8.16983558139503
1943-04-01,11.5,9.331890536484266,9.717344676313491,10.103303135939132
1943-05-01,13.7,12.960279877902927,13.399823148746156,13.823518602115927
1943-06-01,15.5,15.037352618035523,15.413409899497662,15.897293755143398
1943-07-01,17.2,16.469934012933834,16.87397702412298,17.33602798409947
1943-08-01,18.7,16.085529140338853,16.494837784264746,16.933163527426146
1943-09-01,18.3,14.431767137873294,14.845623608366108,15.317856601346316
1943-10-01,12.2,11.637573127956218,12.133200563976347,12.580179027283554
1943-11-01,9.8,8.634170301839786,9.049390352882515,9.484103136837758
1943-12-01,4.9,6.505283218718374,6.950248339236211,7.408092871190277
1944-01-01,7.7,5.709556612353945,6.053266306662559,6.555517237249206
1944-02-01,5.7,5.423909040431376,5.8607919521240746,6.272881686658069
1944-03-01,4.8,7.349029031756562,7.724681098365189,8.195356886623204
1944-04-01,10.2,9.365815237196763,9.743865616213014,10.135847340293635
1944-05-01,17.4,12.959775224995873,13.4122970346422,13.84690321587571
1944-06-01,13.4,15.074470472018925,15.44265649426681,15.905149479034083
1944-07-01,16.7,16.503188308177485,16.901447124641393,17.368288788272928
1944-08-01,19.0,16.116085113291568,16.51667951151952,16.974424002351725
1944-09-01,14.6,14.471796457117343,14.859339003384672,15.332594817742311
1944-10-01,9.2,11.660059354432994,12.151819094214648,12.573052865752523
1944-11-01,11.0,8.647619256514192,9.075358262844286,9.51281405249915
1944-12-01,6.6,6.545664854993564,6.965765053638037,7.420718617032656
1945-01-01,2.8,5.728361954031243,6.080719279083491,6.587110637394963
1945-02-01,8.3,5.4892326968279255,5.880486624634624,6.312199324721032
1945-03-01,12.7,7.374105977705806,7.752223085145142,8.215846903110627
1945-04-01,13.0,9.389510351454538,9.767788898023188,10.20866951774854
1945-05-01,17.4,13.003910664265604,13.434251151912814,13.889460270185287
1945-06-01,17.5,15.099835053655072,15.468622390712735,15.92203978291609
1945-07-01,20.4,16.52290777827751,16.928093113327456,17.404093933769634
1945-08-01,17.2,16.122906435254862,16.52574403044937,16.965004311816706
1945-09-01,19.7,14.478423207956642,14.898820735080172,15.36558357528933
1945-10-01,13.1,11.667417450854126,12.177886099599547,12.61669005611903
1945-11-01,10.5,8.64074362286987,9.104224867677038,9.520131891814238
1945-12-01,7.7,6.532555484047145,6.985939952823914,7.448370963187298
1946-01-01,8.5,5.706429518419245,6.105770109906495,6.602449033605537
1946-02-01,8.2,5.495372070414375,5.886242180178089,6.331684821877767
1946-03-01,9.4,7.379256642784578,7.757543805478862,8.217727617395251
1946-04-01,12.1,9.384827306056108,9.779151432412874,10.216992615986905
1946-05-01,12.4,12.996942468963686,13.429009755800076,13.914578945386234
1946-06-01,13.1,15.102214534851218,15.466617054303892,15.89705720275016
1946-07-01,17.6,16.542228830713963,16.942598392171384,17.391973269334798
1946-08-01,16.0,16.122435433328835,16.516073499336876,16.98813124593225
1946-09-01,16.4,14.493473554094795,14.87569163313879,15.372994652368844
1946-10-01,14.3,11.687702997418317,12.168566414492382,12.603289464204687
1946-11-01,9.4,8.642650624349564,9.094108391674261,9.52860513075815
1946-12-01,3.4,6.528953328316897,6.988797661780233,7.449458176612239
1947-01-01,7.7,5.713014765119427,6.090740668226313,6.610050073175338
1947-02-01,0.3,5.470395929716739,5.879731989144804,6.334002326830314
1947-03-01,8.1,7.373835615348134,7.7712786505904266,8.248307788165807
1947-04-01,9.1,9.373165844431147,9.775325155098518,10.224914866376212
1947-05-01,16.6,12.977507618467348,13.42843706641569,13.858519064652606
1947-06-01,20.6,15.100711190158012,15.476959823197735,15.920391947790563
1947-07-01,19.3,16.516335533524998,16.96425984074893,17.408668342749806
1947-08-01,19.1,16.114427628206467,16.534613355249153,17.007213264311094
1947-09-01,18.7,14.495403357426467,14.902756070497865,15.387427778111267
1947-10-01,12.2,11.698460052491738,12.164496071730365,12.654759630611288
1947-11-01,12.3,8.656336932716046,9.10250051544453,9.542602722725752
1947-12-01,6.8,6.566863152443774,6.987038922840901,7.457583612006082
1948-01-01,10.5,5.700638325606527,6.112454034424997,6.6114956961242894
1948-02-01,8.3,5.517711809528134,5.89362017841181,6.356500946978677
1948-03-01,10.3,7.394833581165567,7.766845091810907,8.25760682438366
1948-04-01,11.6,9.382071503606108,9.787458507008957,10.242906077552245
1948-05-01,12.8,12.954411592788773,13.414260328248082,13.840891479323504
1948-06-01,15.5,15.09729135960575,15.477536643555686,15.940990971671805
1948-07-01,20.9,16.49583375232186,16.95888116045235,17.420503317537158
1948-08-01,18.1,16.087307393041435,16.529342932095286,16.948712872530482
1948-09-01,15.0,14.492396907796955,14.879394347803421,15.349549297688654
1948-10-01,11.6,11.687093285266297,12.166268399992934,12.636489250187672
1948-11-01,10.4,8.62741743404774,9.089025143612727,9.549591670100332
1948-12-01,9.2,6.570073086339705,6.987240545344447,7.42847568344062
1949-01-01,6.8,5.687120978306157,6.098929070135949,6.576037640955061
1949-02-01,6.5,5.491198617949869,5.8857923753808965,6.3228893706325415
1949-03-01,6.3,7.353164216684979,7.758735729230722,8.21037903974144
1949-04-01,14.3,9.403461434301184,9.789819582845393,10.199354586122379
1949-05-01,10.6,12.941590025902284,13.392407052136033,13.828548823392198
1949-06-01,14.1,15.066986521093915,15.462454964975919,15.888599466035476
1949-07-01,17.7,16.496764952941948,16.95081046498705,17.41385109299869
1949-08-01,16.2,16.085266237450252,16.526209479208315,16.917207319835395
1949-09-01,20.7,14.487628829174138,14.872262590451902,15.366323083925591
1949-10-01,15.0,11.667072583862867,12.157764137881335,12.614824743347086
1949-11-01,7.0,8.646481775244668,9.071633531425135,9.497256477932098
1949-12-01,7.1,6.55385011148577,6.9713410369152395,7.440527131682534
1950-01-01,7.3,5.671187621331903,6.079991239676367,6.5383266699506555
1950-02-01,7.8,5.480357373188906,5.867247494201807,6.282682256265575
1950-03-01,8.2,7.307337315471184,7.738579772873324,8.179464586124219
1950-04-01,8.4,9.379946551206219,9.774187351101984,10.178542952716452
1950-05-01,14.2,12.878089985869378,13.375086593473432,13.804486153643332
1950-06-01,18.0,15.085471928856208,15.442673258474237,15.897299230133518
1950-07-01,16.9,16.4759218339216,16.9413516029725,17.357911103948155
1950-08-01,17.8,16.08127204951386,16.514918366837577,16.90275499261201
1950-09-01,14.5,14.471384345685186,14.839595720268946,15.303887557451953
1950-10-01,11.6,11.669761879584343,12.129369795354854,12.618679249006389
1950-11-01,7.2,8.632315658982437,9.052184320904232,9.49958729360731
1950-12-01,6.8,6.5315550493720425,6.961968683088232,7.4142984512062196
1951-01-01,6.6,5.622309187048669,6.062981359929887,6.5264826897709955
1951-02-01,5.0,5.433944217467138,5.860178967018275,6.258894570793049
1951-03-01,10.4,7.293600746382941,7.728480068371505,8.173470786093349
1951-04-01,9.3,9.384798036875022,9.740720382964666,10.145065176977493
1951-05-01,13.6,12.87603500468724,13.345496679147857,13.741650949669069
1951-06-01,16.4,15.058323243229768,15.425648354695499,15.874736629526515
1951-07-01,19.3,16.462292918733162,16.912676502034465,17.331880822601498
1951-08-01,17.7,16.03191901120374,16.506921734177446,16.893881153319576
1951-09-01,17.5,14.412641371811937,14.817917107780602,15.274077751191529
1951-10-01,11.1,11.628155603782659,12.102652528543373,12.537533547907875
1951-11-01,11.0,8.630682207571716,9.041329315325342,9.479738895424932
1951-12-01,7.8,6.53152999864416,6.955719836635555,7.393310742131591
1952-01-01,4.2,5.6178959820358205,6.048218099265494,6.531039393317914
1952-02-01,3.7,5.442316311687432,5.8427466078352905,6.268683961906588
1952-03-01,7.4,7.274407102103074,7.708917905040129,8.125857120208872
1952-04-01,12.5,9.369369633131441,9.724103070906326,10.138227070781562
1952-05-01,13.3,12.85568590126561,13.33061599070195,13.734147325026532
1952-06-01,16.1,15.049069912306342,15.417313474372936,15.8476067231172
1952-07-01,20.1,16.48120467401548,16.886909678642056,17.33157722596985
1952-08-01,17.9,16.024015200254556,16.48168174459977,16.892239903729916
1952-09-01,13.3,14.421023148959495,14.79725363313945,15.22637761804904
1952-10-01,11.7,11.647678343060917,12.082895580482223,12.586822070045583
1952-11-01,7.7,8.618225683567477,9.021982599365765,9.445832843567333
1952-12-01,5.0,6.544186875948144,6.945373646668896,7.323677385290523
1953-01-01,6.9,5.629797726104893,6.017848320975758,6.4809471288497935
1953-02-01,7.5,5.416242240280447,5.834178566357403,6.231777612850763
1953-03-01,9.6,7.2605159905755405,7.6979388816316785,8.113438400420822
1953-04-01,10.3,9.375439985402299,9.710123555075853,10.140847275718254
1953-05-01,16.1,12.820170892986706,13.297297039696497,13.704893920336016
1953-06-01,19.5,15.035307732111276,15.421968961880289,15.837780231998728
1953-07-01,18.3,16.452494040472644,16.881260786329396,17.309355701884957
1953-08-01,17.1,16.006011769952963,16.475612503738454,16.916131679443602
1953-09-01,13.2,14.38210532867319,14.759838734380631,15.222580407342555
1953-10-01,12.5,11.624148848420186,12.09009329113579,12.563164086405811
1953-11-01,9.0,8.616288512836697,9.002802814929675,9.426299680933115
1953-12-01,10.8,6.532543939331311,6.944312412743889,7.3349136409200915
1954-01-01,4.9,5.595271961223308,5.992850602870429,6.453102432637487
1954-02-01,4.9,5.424692828490016,5.8231080162556275,6.208239261927891
1954-03-01,9.2,7.2669349275401585,7.686118532526326,8.113139433755011
1954-04-01,9.5,9.335082771744313,9.704320947889645,10.140271723912527
1954-05-01,14.7,12.826889135254804,13.294924014532423,13.694515606848602
1954-06-01,15.5,15.026198813365506,15.41347657457353,15.830994835907616
1954-07-01,15.9,16.468762956963108,16.86871192536527,17.29397076565086
1954-08-01,17.8,16.000667113727207,16.468692426481,16.92078897000465
1954-09-01,15.8,14.394234982379277,14.760294862625825,15.23895885483287
1954-10-01,14.2,11.611882762582807,12.084194109727495,12.544228327228714
1954-11-01,7.8,8.61861456316026,8.995592192364313,9.390577347834865
1954-12-01,8.2,6.497770741884121,6.9407534277026475,7.3177162797039905
1955-01-01,7.0,5.59079695250623,5.985786883736163,6.433341858163947
1955-02-01,6.1,5.409946846542013,5.8108173402521315,6.183878037842492
1955-03-01,11.3,7.231194758268571,7.663872178016209,8.095524549897167
1955-04-01,11.7,9.31031487223623,9.696488748294152,10.120329630497913
1955-05-01,11.5,12.799224374623844,13.267296459056645,13.661973310151865
1955-06-01,14.3,15.012180892181858,15.417606540245291,15.828114714999023
1955-07-01,18.5,16.441153165105135,16.871314636975818,17.263012277857886
1955-08-01,18.1,15.997715396177012,16.45244014142053,16.879360006030016
1955-09-01,16.3,14.362494234193921,14.747308178020758,15.208195245654785
1955-10-01,10.3,11.602752108649062,12.08417658319246,12.558991954922439
1955-11-01,12.7,8.598416642449783,8.998664103237278,9.385275177018363
1955-12-01,8.4,6.496034529439255,6.91746192522198,7.305389329397002
1956-01-01,5.2,5.585662922475493,5.978026353941523,6.41664879189948
1956-02-01,2.9,5.412205611561233,5.798922901183804,6.176812931341332
1956-03-01,8.1,7.214174424967083,7.6557755819539,8.077571390121738
1956-04-01,9.9,9.311037131694112,9.681820506174276,10.089503540257242
1956-05-01,13.7,12.778097854302914,13.25650151900868,13.669168879819361
1956-06-01,14.2,14.992673649770701,15.398201065062848,15.804106435373336
1956-07-01,16.5,16.428980755656323,16.864536657386708,17.247476240729828
1956-08-01,14.4,15.963098699875832,16.44214641655793,16.850635272076218
1956-09-01,15.2,14.342188183434823,14.743298998476586,15.155253095567264
1956-10-01,14.3,11.63130385418393,12.076384410893525,12.543126110765636
1956-11-01,7.7,8.56680040900063,8.986519967445943,9.406246230398706
1956-12-01,10.3,6.475585362882868,6.910558341644327,7.316415791005128
1957-01-01,10.2,5.567646823196196,5.962635073640068,6.435275581876219
1957-02-01,8.8,5.413308248113691,5.803430890728145,6.1795383158625246
1957-03-01,9.9,7.2110515348597355,7.650761362864364,8.06857758070643
1957-04-01,8.2,9.311170605519836,9.692331984165895,10.10085111897959
1957-05-01,10.2,12.773726038679666,13.241529442217859,13.644269805666223
1957-06-01,18.9,14.951381242305683,15.408518653913973,15.78692601891918
1957-07-01,20.3,16.40669700219577,16.85337048318536,17.240094461252646
1957-08-01,16.3,15.96423748464271,16.433050926681986,16.88973896849039
1957-09-01,15.6,14.319139652089866,14.7069036927118,15.168798409853542
1957-10-01,12.3,11.582038168616473,12.078943703463597,12.521105617312935
1957-11-01,9.4,8.564157377272048,8.98058784536748,9.418591114545775
1957-12-01,7.4,6.502797494062881,6.9021659360445184,7.339553560492302
1958-01-01,6.2,5.587779402629552,5.944826248810246,6.384451985644838
1958-02-01,11.2,5.430586067078024,5.799645343699757,6.194130742897551
1958-03-01,8.5,7.195812782835467,7.639056921473491,8.0610804179298
1958-04-01,7.3,9.323968042015732,9.690203600086805,10.077331429093476
1958-05-01,13.9,12.780295992285279,13.219966018170553,13.652891652021571
1958-06-01,14.0,14.988504649836045,15.40766912296904,15.761072617499183
1958-07-01,16.8,16.404987996549398,16.843643213806935,17.210566177392458
1958-08-01,17.3,15.981121613690117,16.424650462559246,16.84008942457374
1958-09-01,17.4,14.303344752854304,14.692482989907813,15.140005511054902
1958-10-01,13.4,11.563338715262546,12.04670074579883,12.492231931043435
1958-11-01,7.6,8.563769652248993,8.96224617254574,9.381878436887693
1958-12-01,8.4,6.484826542612889,6.894090894102812,7.288415180911084
1959-01-01,5.8,5.571987360506756,5.933265164379702,6.34781024740299
1959-02-01,6.1,5.417184189194876,5.774636124407241,6.183206697937689
1959-03-01,8.4,7.200178409909434,7.615875714551701,8.050559253915289
1959-04-01,11.8,9.305128978414295,9.669154406930597,10.051712734708257
1959-05-01,15.5,12.737922611938668,13.201764857087422,13.597473575314577
1959-06-01,15.3,14.982508045671896,15.395554275086202,15.738993352254864
1959-07-01,19.6,16.407541630113315,16.821254461975414,17.243685286000176
1959-08-01,17.1,15.984977486378547,16.418697235775035,16.82426175069225
1959-09-01,14.1,14.27249224253155,14.66936182107009,15.118573665113853
1959-10-01,12.1,11.617781008419257,12.045911172106294,12.455746152210583
1959-11-01,8.1,8.547095773621558,8.946120148072897,9.355970331472713
1959-12-01,6.4,6.490351420335321,6.883288850529918,7.271085443040628
1960-01-01,8.5,5.546868388206603,5.917204547432712,6.368059739486867
1960-02-01,10.5,5.384043811324526,5.77175969722895,6.187203794873087
1960-03-01,8.0,7.16984521533378,7.6146658734193515,8.022817866401725
1960-04-01,11.0,9.276855861902979,9.663177599325948,10.09200164631095
1960-05-01,13.5,12.728939444132822,13.1882512646614,13.59845514234625
1960-06-01,16.5,14.97637421528203,15.376938303627888,15.740791489965572
1960-07-01,15.2,16.40269140885626,16.801725175956644,17.220829216458355
1960-08-01,16.5,15.958633245872177,16.39513152297089,16.82748939554059
1960-09-01,14.1,14.240180104927527,14.649776798871141,15.069443942657449
1960-10-01,13.9,11.55663772060245,12.03266198229047,12.462397069557092
1960-11-01,10.7,8.506233157339743,8.93086580156044,9.345039682912427
1960-12-01,6.9,6.464146997824821,6.852981362565096,7.253546152305196
1961-01-01,7.1,5.506416207982147,5.905819827679377,6.314176404140992
1961-02-01,8.3,5.343917838611901,5.739553562356342,6.148208930742454
1961-03-01,9.1,7.122477263596342,7.593713612428551,7.99468167911619
1961-04-01,12.3,9.250115320802504,9.643026433672665,10.059454871222428
1961-05-01,12.4,12.694644870211405,13.162659124455526,13.569937276387213
1961-06-01,14.3,14.945813525992085,15.3565539567004,15.744714673846529
1961-07-01,16.5,16.391818012536284,16.796867680339062,17.189528075658455
1961-08-01,17.0,15.938042667164407,16.371478313087188,16.787494584448634
1961-09-01,16.6,14.184196907752353,14.628635455606043,15.014625508260515
1961-10-01,14.6,11.556400799137904,12.00603878511781,12.44756101317648
1961-11-01,9.2,8.502436137408079,8.916913534033746,9.33788010531939
1961-12-01,11.5,6.409838991997163,6.851256222176205,7.25003980478411
1962-01-01,8.9,5.493967471430862,5.889253289097441,6.312006087565389
1962-02-01,5.3,5.289134124342306,5.727727961355455,6.1401104182522515
1962-03-01,5.8,7.090806292950626,7.564803977611708,7.953702606798142
1962-04-01,10.1,9.240093735499316,9.616565401093503,10.02465706200113
1962-05-01,13.1,12.650249336941764,13.133456682758826,13.541770736031081
1962-06-01,14.8,14.937146790822466,15.3400968330336,15.740560482327245
1962-07-01,15.1,16.337235169801232,16.770286975872327,17.174612901125794
1962-08-01,15.3,15.903867506034091,16.356261855026705,16.765136100869586
1962-09-01,15.3,14.155431022156394,14.59151427752736,14.998792398035297
1962-10-01,15.4,11.520981463686898,11.983821032024924,12.394289635126366
1962-11-01,9.2,8.471190499096862,8.910942136602852,9.315343609855207
1962-12-01,6.0,6.3852211706304685,6.817882741538541,7.198672452019793
1963-01-01,0.5,5.461266274877506,5.877122959459404,6.256378603555
1963-02-01,1.9,5.230047210004139,5.696485451152095,6.107940284134616
1963-03-01,7.4,7.075245022452781,7.5516016886582396,7.942575920867397
1963-04-01,10.1,9.226984347097273,9.615635688176454,10.025074711856114
1963-05-01,14.5,12.622130849218927,13.09198710215578,13.524461871563243
1963-06-01,14.6,14.910151532054957,15.331325772991864,15.742847102655857
1963-07-01,19.4,16.32932724596327,16.76287508807459,17.187186962686134
1963-08-01,18.4,15.88566539573324,16.352963025826625,16.79743399233732
1963-09-01,15.2,14.116887733042413,14.603033060794923,14.974176018732958
1963-10-01,11.6,11.529203211386447,11.998039333091914,12.408709281568445
1963-11-01,11.7,8.478219057929248,8.91506797410613,9.321704955221787
1963-12-01,2.3,6.384500069254482,6.821888244330708,7.205478228765906
1964-01-01,4.0,5.449768547171812,5.872314958291181,6.271778818864614
1964-02-01,8.0,5.272798258955731,5.706160061876263,6.100864978819735
1964-03-01,6.7,7.10691061705602,7.550012334219102,7.946581938086482
1964-04-01,13.4,9.238450712000196,9.631999695334308,10.051011265678113
1964-05-01,15.0,12.624795495457448,13.118237580500075,13.551582773375078
1964-06-01,14.3,14.904470175400544,15.334698634501795,15.726673983504206
1964-07-01,18.4,16.308311870778542,16.77591428835658,17.18460866575528
1964-08-01,18.0,15.934389796918138,16.362794253374858,16.777359260014247
1964-09-01,16.8,14.138137294665697,14.59138304631308,15.002851937756466
1964-10-01,9.7,11.577386120281853,11.994784953569322,12.428393762667255
1964-11-01,9.8,8.4962271484495,8.918734472740475,9.354470418587933
1964-12-01,8.6,6.402382827868649,6.8403746372611725,7.207055643735989
1965-01-01,6.7,5.467871274957688,5.888337539418078,6.290620763130915
1965-02-01,3.4,5.255044489152582,5.714252246128446,6.1064041186635265
1965-03-01,8.6,7.1234766174398505,7.548230389442162,7.934222749650846
1965-04-01,7.5,9.250710575437697,9.6341082352304,10.059281434673379
1965-05-01,12.8,12.608644936115116,13.121146825658757,13.548896851830877
1965-06-01,13.7,14.945133361736056,15.355363849820762,15.774553437534147
1965-07-01,15.5,16.35616834876456,16.777359446823354,17.211840353735404
1965-08-01,16.3,15.958824873488824,16.388049479670002,16.79355417946349
1965-09-01,15.1,14.1668257335926,14.5987144810842,14.97757341309439
1965-10-01,12.7,11.571815613679588,12.03288885992395,12.4492099639274
1965-11-01,8.2,8.537355016122664,8.939045210749462,9.34167719368446
1965-12-01,10.4,6.410627305191144,6.860990216115488,7.243054511083666
1966-01-01,9.7,5.5162794874494665,5.902400663807123,6.307382233032795
1966-02-01,9.3,5.336820694495641,5.741024079125212,6.145728074291503
1966-03-01,6.2,7.144304256092619,7.572656482847557,7.9854447761183005
1966-04-01,10.7,9.261278801205904,9.659435083199867,10.086017566739812
1966-05-01,12.9,12.65219343161882,13.138364185104619,13.559639650925778
1966-06-01,18.0,14.96260987869227,15.387259631261411,15.800622164110553
1966-07-01,15.3,16.379469427726857,16.78768885229261,17.225346655634013
1966-08-01,16.6,15.978024958786632,16.398038952674902,16.795341540793775
1966-09-01,15.6,14.147221903137432,14.624969221725665,15.0206668822617
1966-10-01,15.4,11.616118093517636,12.04735752975478,12.4595281841562
1966-11-01,10.7,8.557837288595804,8.961407855358232,9.387932114830035
1966-12-01,6.9,6.456198590726655,6.869673034762462,7.278060778469362
1967-01-01,8.6,5.530913614584288,5.933106696118092,6.321467072936919
1967-02-01,9.3,5.367698184315262,5.774696281923304,6.172549754895352
1967-03-01,9.1,7.141799933276864,7.599816984126143,8.014133955971374
1967-04-01,7.2,9.287373508390017,9.676428910112794,10.104684152221168
1967-05-01,13.9,12.631557951584165,13.154319858067334,13.585205039642913
1967-06-01,15.4,14.965466548847076,15.401828651040962,15.82697306618006
1967-07-01,18.5,16.38516756009141,16.80241539715713,17.211743503226288
1967-08-01,16.2,15.973327800362341,16.420049130753426,16.81702269132024
1967-09-01,15.1,14.161985931820562,14.627909924427101,15.024255791019918
1967-10-01,15.1,11.629490859046946,12.0668554105659,12.512694706275097
1967-11-01,6.9,8.582375620399628,8.976350622495007,9.418218118797826
1967-12-01,9.6,6.481925749521831,6.874151847201528,7.31104446156544
1968-01-01,7.7,5.529585717471728,5.945393976453637,6.32637438987313
1968-02-01,3.5,5.340157321666743,5.780441124118525,6.189974550528194
1968-03-01,11.6,7.150589377618158,7.603315091267594,8.026609553792015
1968-04-01,15.1,9.293557757902734,9.70039894120608,10.153630831616729
1968-05-01,11.6,12.626121372462737,13.143369261399942,13.575110893894534
1968-06-01,14.5,14.969238925651275,15.415777434486369,15.840424145033113
1968-07-01,17.9,16.403757734062,16.831289575541653,17.270403246705637
1968-08-01,16.1,15.997032999157785,16.441570512750502,16.855093104316406
1968-09-01,15.1,14.187186852358336,14.632435325959843,15.045232818252853
1968-10-01,14.3,11.632289312527366,12.074178149450663,12.523440648711022
1968-11-01,13.2,8.593044859413428,8.992515433829674,9.467268669222094
1968-12-01,5.4,6.494158107204952,6.893031074383679,7.321727137474725
1969-01-01,7.9,5.533568700488736,5.952352061546847,6.349159704048951
1969-02-01,5.1,5.332298967003055,5.804016949963348,6.170133584437856
1969-03-01,7.5,7.1388371836462685,7.615464699176489,8.021349449900631
1969-04-01,9.7,9.289964592173515,9.702025036665855,10.146290215885339
1969-05-01,16.9,12.62380389662709,13.157676315860638,13.589221061188423
1969-06-01,14.3,14.976284595304898,15.439849517129831,15.850351074692599
1969-07-01,18.7,16.392750535375733,16.82317840837473,17.248562729358383
1969-08-01,16.7,15.969799562962942,16.4399074073817,16.846817712854683
1969-09-01,16.0,14.188266370981323,14.632117487016775,15.045856797462609
1969-10-01,13.2,11.605605666863026,12.081437882750087,12.49242706465077
1969-11-01,13.0,8.589210710512361,8.988627843320325,9.44155477430213
1969-12-01,4.5,6.520524047255878,6.8941748718011215,7.321442786752251
1970-01-01,7.4,5.525537226015866,5.953348081169128,6.318750474165493
1970-02-01,6.3,5.332803335513286,5.817359318935436,6.187880709686363
1970-03-01,6.7,7.152102216434715,7.612333137099749,8.033330758370848
1970-04-01,10.1,9.309453068344274,9.70120439101498,10.147971808723232
1970-05-01,12.2,12.60923685280633,13.155618600915474,13.614597198315925
1970-06-01,17.2,14.988123226396656,15.445770081989934,15.893172894625257
1970-07-01,16.3,16.39802568828997,16.820364528636734,17.26397365681735
1970-08-01,16.7,15.999025280965345,16.45754079868556,16.84421697021816
1970-09-01,14.8,14.201454879707784,14.622968992976865,15.051525741437295
1970-10-01,13.3,11.619539059392213,12.087598982285645,12.540842887893646
1970-11-01,10.7,8.591288965658038,9.00336328695061,9.42094868236722
1970-12-01,6.3,6.512374634711051,6.902483174763832,7.316027133130068
1971-01-01,6.1,5.5112732542828695,5.943838219332588,6.3640035961268575
1971-02-01,6.0,5.370038712882509,5.821261842715922,6.22766707053248
1971-03-01,6.9,7.145767876817528,7.615274865476351,7.991309713975392
1971-04-01,12.3,9.320597468045252,9.700462755048566,10.154566567377643
1971-05-01,14.7,12.598390743878886,13.143999295786333,13.615713334035187
1971-06-01,15.7,14.988749453121443,15.454726462907626,15.912226906172092
1971-07-01,17.7,16.39345937415361,16.83423136548093,17.294316545361145
1971-08-01,16.5,16.008496686633478,16.45562539365439,16.868824878921743
1971-09-01,13.8,14.195783993279566,14.618259450082789,15.068265919381371
1971-10-01,12.4,11.626271846468994,12.093473753809741,12.548016704152639
1971-11-01,7.8,8.579806099495759,9.00585823570757,9.42123332389582
1971-12-01,11.0,6.517467201724025,6.927779640328945,7.342370453115682
1972-01-01,6.5,5.504227321069643,5.958245173245902,6.367982444673483
1972-02-01,5.8,5.337990920941954,5.8156707645493855,6.21434466862414
1972-03-01,8.1,7.161243366577732,7.61647084390558,8.027508228262434
1972-04-01,8.9,9.335733375064018,9.698288764029236,10.162438099324035
1972-05-01,11.0,12.6031231026747,13.143605628528537,13.630179521181166
1972-06-01,13.8,14.998924609455646,15.469302713822776,15.895179241591249
1972-07-01,19.9,16.395543023851218,16.84906182542848,17.306671272819557
1972-08-01,15.8,16.00826485128156,16.469496482173213,16.873025929771572
1972-09-01,13.5,14.205528091883568,14.625231043039374,15.061865193086915
1972-10-01,11.3,11.62367679209755,12.096883580603889,12.575078388041634
1972-11-01,10.3,8.592417379030582,9.03075991020233,9.42917368530819
1972-12-01,8.7,6.537634558201803,6.932329547868755,7.342010958287905
1973-01-01,6.4,5.509593523043011,5.957378394064682,6.370524703321838
1973-02-01,6.5,5.355351700326011,5.83590554585708,6.245801753258786
1973-03-01,6.0,7.176586944024785,7.6143152620695,8.011251551992354
1973-04-01,7.7,9.316282907384801,9.71694643669269,10.196421709275077
1973-05-01,12.7,12.605980900354117,13.149625736946827,13.62890365780947
1973-06-01,19.4,15.05081323745838,15.485979471230873,15.924703142124546
1973-07-01,17.4,16.394976249276684,16.85633586863422,17.300292752930435
1973-08-01,17.8,16.036104103791104,16.47931647992536,16.89223956649842
1973-09-01,17.3,14.197271183070603,14.634129523765033,15.099599988126215
1973-10-01,11.9,11.643176512325116,12.112862766779493,12.532188968389018
1973-11-01,8.9,8.61667780513051,9.051363115956946,9.44720750155265
1973-12-01,6.5,6.517038922156515,6.957624865191542,7.353521468768462
1974-01-01,7.9,5.54055530217719,5.968130695387183,6.406961966183159
1974-02-01,8.3,5.33909504058174,5.848722070207886,6.253933119948041
1974-03-01,8.3,7.173848516817195,7.633671782213995,8.052490056096602
1974-04-01,10.3,9.339667094394235,9.744526706001768,10.217577139726131
1974-05-01,11.0,12.582844607825097,13.153934445420349,13.653642740940903
1974-06-01,14.8,15.05266768657655,15.51988627614979,15.96933022022086
1974-07-01,13.8,16.408361383980946,16.874683019883477,17.31068092447991
1974-08-01,18.3,16.06615750241943,16.503092610244515,16.911814987643353
1974-09-01,15.1,14.192952735212168,14.646426369753776,15.092044946234939
1974-10-01,8.0,11.693692363814176,12.140237740640417,12.560570491761464
1974-11-01,11.6,8.63478667718166,9.07019529486508,9.476572463757389
1974-12-01,10.0,6.553047138029662,6.986098604039576,7.380495014423253
1975-01-01,9.1,5.582957673576865,5.9894967747486385,6.3996849945857095
1975-02-01,7.3,5.398608358681723,5.885115525470859,6.263972614901941
1975-03-01,6.9,7.224904938935654,7.658186875479112,8.117966450992347
1975-04-01,10.6,9.380888460459335,9.772674320729326,10.216966483196034
1975-05-01,11.5,12.605580389428132,13.183900099142175,13.66771289718099
1975-06-01,15.4,15.09989140905714,15.539912866463654,16.025349823677296
1975-07-01,16.7,16.457266837036578,16.887858510941946,17.343260246289088
1975-08-01,19.9,16.096299799812375,16.5350399785615,16.96707791121475
1975-09-01,16.1,14.247961032659518,14.673524777737903,15.111228900323384
1975-10-01,10.4,11.726051398636239,12.184540924626745,12.596378648969079
1975-11-01,7.5,8.674532995934875,9.105510659762698,9.527131192490318
1975-12-01,5.8,6.597265858989037,7.026431313379399,7.416911542029128
1976-01-01,8.8,5.606909378011972,6.018782662599925,6.428242168273737
1976-02-01,7.0,5.437903263056237,5.903374205959362,6.312101309717997
1976-03-01,4.9,7.242389907448758,7.7049005645260955,8.106049007932631
1976-04-01,8.5,9.422260340241806,9.81354067220556,10.25138042248673
1976-05-01,15.8,12.673011805520487,13.212310056588866,13.691551769571934
1976-06-01,20.9,15.160089245040423,15.5810124508473,16.06177328708583
1976-07-01,19.1,16.525334309666448,16.93017260376845,17.361598341626337
1976-08-01,16.5,16.15389288885857,16.573696587564324,16.987959698146224
1976-09-01,14.9,14.261369949034425,14.690692957660536,15.141725563899264
1976-10-01,14.1,11.776553708961744,12.221613657409009,12.615328235537568
1976-11-01,7.7,8.739028079798942,9.138121575403748,9.529468717832899
1976-12-01,4.7,6.649612909109949,7.066100085360949,7.467104003043074
1977-01-01,7.0,5.633706333832018,6.055470691799105,6.44782512941536
1977-02-01,7.5,5.4988756772040945,5.947996751716561,6.3423750453800745
1977-03-01,9.7,7.2889351999654375,7.747781601511651,8.16237821855079
1977-04-01,9.3,9.431914197007144,9.853029582538682,10.290593981011362
1977-05-01,12.8,12.729644443429228,13.239748403032605,13.735379112898348
1977-06-01,14.3,15.215311228042331,15.612419508032952,16.094697540887434
1977-07-01,16.9,16.53446101944159,16.96426736902094,17.40053056623898
1977-08-01,15.2,16.208117524552026,16.61356188284514,17.011646165457876
1977-09-01,14.2,14.308517497419214,14.725471804756303,15.174566402522059
1977-10-01,14.7,11.827836990400762,12.261790596829794,12.65442475533392
1977-11-01,11.1,8.752464605092559,9.18569193069465,9.59272583819692
1977-12-01,8.3,6.682090137159543,7.105715239454231,7.510562130973364
1978-01-01,3.7,5.653312668196486,6.077891790156976,6.484655136033232
1978-02-01,9.2,5.517858924351646,5.979984934898352,6.384206046782199
1978-03-01,7.8,7.323458924938495,7.776463738077641,8.198496255566953
1978-04-01,9.8,9.435245205018546,9.892529698081933,10.33173923377708
1978-05-01,14.3,12.758216178615507,13.284584275249664,13.757584208214631
1978-06-01,16.9,15.26314589963754,15.670371238424817,16.10446727216685
1978-07-01,19.2,16.589205696134112,17.018428490087018,17.476696474566367
1978-08-01,14.9,16.24400478776886,16.670314686332205,17.083219350433772
1978-09-01,14.8,14.336841944318362,14.77454941568872,15.215077422109035
1978-10-01,13.5,11.889527649133441,12.320525694674874,12.701695996581131
1978-11-01,9.4,8.80221279841925,9.22886620668074,9.694767988250083
1978-12-01,9.5,6.733316329372871,7.157627821777622,7.586125597812392
1979-01-01,1.1,5.700660370762748,6.113845758687301,6.517142960106467
1979-02-01,5.7,5.57693350271739,6.018006199975471,6.4330638314330075
1979-03-01,8.6,7.381560382622375,7.832988253931231,8.258604165920262
1979-04-01,11.0,9.465989732321251,9.943268152222275,10.396882991167661
1979-05-01,16.2,12.792544585233323,13.337187827687163,13.804788293466888
1979-06-01,17.8,15.30377056003875,15.715808062730678,16.1858998461066
1979-07-01,17.5,16.649799416139505,17.089247639731376,17.50972607840591
1979-08-01,16.8,16.29956947372833,16.705808517525504,17.114960856521403
1979-09-01,16.1,14.36482586810673,14.820789773405547,15.272185474354377
1979-10-01,14.7,11.89042873322875,12.371889144718104,12.758020581019633
1979-11-01,8.1,8.861910662448004,9.283810798273347,9.71519840596116
1979-12-01,9.6,6.7936412927447485,7.199530643666319,7.617462394703425
1980-01-01,4.9,5.753581037610099,6.190858974691725,6.561968344706386
1980-02-01,7.9,5.66332338675015,6.069467366356593,6.4901424223387165
1980-03-01,7.3,7.419600625914567,7.896375594480069,8.286045474190246
1980-04-01,9.9,9.55191027686665,10.008754446845604,10.41202461516929
1980-05-01,10.7,12.856747892667885,13.384395665241483,13.846339069075261
1980-06-01,16.8,15.354222372222127,15.779389485682897,16.232877154185335
1980-07-01,17.6,16.720816577821097,17.14746382561159,17.575006005875398
1980-08-01,16.3,16.356374801805458,16.7867466184371,17.19847244900574
1980-09-01,16.9,14.403369223950037,14.870512420630355,15.303921207662887
1980-10-01,11.7,11.971387165947194,12.432839531943722,12.83586994319331
1980-11-01,11.0,8.927664265765253,9.341663294111154,9.781587468438738
1980-12-01,9.4,6.865205006633596,7.2588439682337125,7.676838121738408
1981-01-01,6.5,5.83548773232642,6.245760751946911,6.64673271836609
1981-02-01,7.7,5.721943056606692,6.122858043087804,6.56117789361909
1981-03-01,12.8,7.500668632655834,7.949075164710348,8.328794076396271
1981-04-01,12.8,9.625103661391814,10.063236970037341,10.472540462674612
1981-05-01,15.4,12.899188611972704,13.44208210125139,13.927840160808474
1981-06-01,15.6,15.398154754591252,15.83383410881459,16.30539287518791
1981-07-01,18.9,16.76605215418981,17.19853016132972,17.64408739212863
1981-08-01,19.5,16.437404666200766,16.832829278825873,17.276327506640115
1981-09-01,14.9,14.450050910306919,14.908184134636352,15.35321982297923
1981-10-01,10.5,12.02630774896197,12.479116535064758,12.906835177401828
1981-11-01,12.1,8.97592565551608,9.38564503208998,9.831218277146807
1981-12-01,5.7,6.903922351859648,7.304568713526394,7.743504676613753
1982-01-01,8.9,5.861180416629707,6.295997462424513,6.70844085567957
1982-02-01,6.6,5.77251429798042,6.158001257666702,6.589846303520243
1982-03-01,6.1,7.541668677297551,7.992670728247103,8.415651475943802
1982-04-01,9.2,9.672469173387775,10.098939264429013,10.537999637074178
1982-05-01,14.0,12.957815007980532,13.485015481057697,13.940389654460146
1982-06-01,17.4,15.45829947868104,15.88770462589094,16.344331739424224
1982-07-01,19.1,16.793356061213174,17.237003955376128,17.67249688894492
1982-08-01,18.2,16.481625889653273,16.879459652948206,17.28839430454264
1982-09-01,16.1,14.494384178107072,14.954221795849914,15.350532092940167
1982-10-01,11.0,12.124808523956649,12.516657269822465,12.947203616968334
1982-11-01,12.2,9.027516377505023,9.436005060410174,9.866279531383666
1982-12-01,5.9,6.964859004045203,7.35641120786206,7.788074161789121
1983-01-01,9.0,5.9514292209740995,6.3458919606887125,6.747540961776824
1983-02-01,5.1,5.826993183671577,6.217317838483778,6.616406152673384
1983-03-01,8.8,7.592278504624559,8.0472651575752,8.439167585937753
1983-04-01,11.1,9.748508043773358,10.14718432429358,10.5875158140137
1983-05-01,12.4,13.012167115051657,13.530838760490408,13.986198574930393
1983-06-01,15.9,15.51528535899927,15.933209775071347,16.404865538516123
1983-07-01,19.8,16.86586906594179,17.298069587221544,17.74095650384533
1983-08-01,18.4,16.556951362865625,16.94159344489475,17.35815339454824
1983-09-01,15.9,14.564123802730014,15.003821850816028,15.405723524906161
1983-10-01,16.8,12.173329514860265,12.589804466322253,13.025601558876849
1983-11-01,12.3,9.092724152030005,9.4870999616138,9.946604475176622
1983-12-01,9.1,7.040797270204273,7.413293361792918,7.85573324454345
1984-01-01,6.4,5.985095987781484,6.407058493122046,6.777552756929632
1984-02-01,5.1,5.8754472775100615,6.278240989554451,6.701427186513925
1984-03-01,5.2,7.685757596166611,8.085672037145464,8.503212535228299
1984-04-01,12.4,9.808876119021939,10.197840047589954,10.627649207190704
1984-05-01,10.9,13.056473319569724,13.583449812982686,14.052588622566097
1984-06-01,16.0,15.574364497727139,15.98486717955965,16.484580161224777
1984-07-01,19.1,16.893674009888798,17.346599782681032,17.790296540577607
1984-08-01,17.0,16.594731878298475,16.995345245830006,17.432714431825158
1984-09-01,16.8,14.578664621015392,15.04944177435798,15.454120159154972
1984-10-01,13.4,12.216674468681921,12.642688119741699,13.081392367524344
1984-11-01,12.2,9.130686684292684,9.533101740448412,9.994772340022958
1984-12-01,8.0,7.102142536095606,7.468766552764772,7.930504413014183
1985-01-01,6.9,6.02947534887122,6.453675440059262,6.836139282364528
1985-02-01,7.6,5.912608749213817,6.318613400630202,6.750842036480035
1985-03-01,8.3,7.748517588437549,8.151447296149522,8.559515296118835
1985-04-01,10.4,9.863642822820902,10.247449831950163,10.69722610980527
1985-05-01,15.2,13.104801543706257,13.631303220257733,14.09809968653861
1985-06-01,16.6,15.63536825346985,16.040170565331852,16.525700867126094
1985-07-01,18.5,16.960997986183212,17.39943440837922,17.860999791002577
1985-08-01,15.9,16.647177570861,17.04061029933448,17.482456009803812
1985-09-01,15.6,14.628338367317657,15.080840398289055,15.49033917922521
1985-10-01,17.2,12.2932372711786,12.706033208675102,13.13318374221063
1985-11-01,11.5,9.158168087476671,9.57582484488205,10.0364949740411
1985-12-01,11.2,7.132864205485815,7.510990082030803,7.951401734969064
1986-01-01,5.1,6.071521299877866,6.4798100008397395,6.880611116647712
1986-02-01,0.8,5.9452531866828995,6.365084416617734,6.796109363457359
1986-03-01,7.2,7.772222827534748,8.19887356289761,8.609351019119858
1986-04-01,8.2,9.91113054832298,10.293280605768096,10.741397819358708
1986-05-01,13.5,13.158510805868817,13.662385053148046,14.133321039055621
1986-06-01,18.8,15.687691414654784,16.09331204045349,16.578746488177636
1986-07-01,16.7,16.99871031640308,17.427453221637276,17.90941385479324
1986-08-01,15.0,16.716124578199658,17.079006546200368,17.564022616338008
1986-09-01,12.2,14.648165580795736,15.126126810694005,15.54485987666859
1986-10-01,14.4,12.354408169441447,12.74646090695305,13.173335985946531
1986-11-01,10.8,9.218465087706642,9.632363363649606,10.095344116578394
1986-12-01,9.8,7.21262664925621,7.5673827023826234,8.021724383257892
1987-01-01,6.4,6.11988101584511,6.552379945423228,6.953865936949797
1987-02-01,7.7,6.010363734745505,6.424861065636197,6.861405001024809
1987-03-01,9.0,7.874280727734582,8.26576902898407,8.674181761310601
1987-04-01,15.2,9.946666431402043,10.353811689361414,10.807408115581254
1987-05-01,12.1,13.215035184674276,13.728136782766985,14.222155043598697
1987-06-01,18.2,15.746022684564215,16.150677934523465,16.692806102600304
1987-07-01,17.7,17.080268772766345,17.510590359527654,17.967846281026016
1987-08-01,18.0,16.770038140334655,17.156939030576556,17.652802020886078
1987-09-01,17.9,14.691064417570258,15.175445791974226,15.608679204486785
1987-10-01,13.8,12.406808737229335,12.828578336201304,13.257135885184262
1987-11-01,8.9,9.270358102010478,9.702680443768067,10.167324220793915
1987-12-01,10.3,7.264465198985748,7.629018306742472,8.089967709763712
1988-01-01,8.3,6.21028051964388,6.635199374234192,7.036204867393869
1988-02-01,5.0,6.094026999757101,6.486571766716791,6.944441888556405
1988-03-01,9.1,7.934733953411746,8.319190462878241,8.771293105526878
1988-04-01,12.9,10.023717360644557,10.42101375380252,10.897336341420612
1988-05-01,16.0,13.292787782364075,13.804726634373809,14.301184982794819
1988-06-01,14.9,15.802118934273864,16.21572723936043,16.739206347689752
1988-07-01,18.3,17.152591099663404,17.572022632555363,18.030588024619792
1988-08-01,18.9,16.825144949031476,17.221981306813387,17.74129804175016
1988-09-01,14.7,14.763442684878717,15.236491963316285,15.677581778438098
1988-10-01,14.0,12.435765022842231,12.880755321628591,13.362478416088802
1988-11-01,12.5,9.328345322417047,9.763416607292928,10.25793644910079
1988-12-01,9.0,7.334861544447552,7.711539098624951,8.208218283540473
1989-01-01,8.0,6.293318982907932,6.680520662561406,7.10506749169561
1989-02-01,10.3,6.136786245416701,6.553703155879778,7.008332969075085
1989-03-01,9.7,8.0151408825356,8.393237254796933,8.813962334509103
1989-04-01,9.3,10.09372549055692,10.480880179625693,10.970673078982388
1989-05-01,15.4,13.347526966781633,13.866062318025685,14.339269067311832
1989-06-01,16.5,15.875117978331705,16.281058575316017,16.82534697168122
1989-07-01,20.9,17.199130075964593,17.62947130741896,18.102891021413132
1989-08-01,17.8,16.906450221487837,17.274523692971922,17.82059076406128
1989-09-01,16.9,14.820250444766252,15.28717705793261,15.7518075135222
1989-10-01,14.5,12.52285680814677,12.945562774069813,13.387003479729154
1989-11-01,10.6,9.37557368151252,9.803989181906733,10.308231680740947
1989-12-01,11.6,7.4003196710704096,7.749493424280029,8.220814943042745
1990-01-01,9.4,6.315372866926462,6.725781069746024,7.1817251554930355
1990-02-01,11.0,6.172254917346732,6.59535034153577,7.057712313187204
1990-03-01,12.3,8.075284032312966,8.452157092514254,8.888440618693688
1990-04-01,9.7,10.132103096000073,10.5220302550444,11.01099969333751
1990-05-01,14.8,13.392249776876962,13.901006987383681,14.39259595901022
1990-06-01,15.1,15.90099821254318,16.328729057001382,16.85159816677201
1990-07-01,17.3,17.21951359795025,17.662102136670406,18.138699577340347
1990-08-01,19.9,16.94416165351572,17.33369113944313,17.838569861094864
1990-09-01,14.7,14.83597990440116,15.319735623360417,15.783120448807772
1990-10-01,16.9,12.553860757159542,12.984847357978442,13.404537650655142
1990-11-01,10.3,9.415501171479328,9.846053308920936,10.359320955252667
1990-12-01,8.2,7.431130861371083,7.806390889398191,8.267648173500838
1991-01-01,7.7,6.352616198279384,6.768140846856518,7.170050596758749
1991-02-01,7.0,6.1955231721844966,6.657965842776046,7.078475715220833
1991-03-01,13.0,8.136203556009521,8.49819700926044,8.875454398227076
1991-04-01,11.0,10.171705452712128,10.559388145490995,11.038342814027434
1991-05-01,9.9,13.419768524380878,13.939523727607948,14.426599422848401
1991-06-01,15.9,15.962146836136577,16.37347881559004,16.905473429471975
1991-07-01,19.8,17.286955403327394,17.708938071273952,18.186815597655986
1991-08-01,17.3,16.984079709870393,17.397148417614922,17.89855933850698
1991-09-01,17.0,14.901798840139577,15.368057844722196,15.807533956118329
1991-10-01,13.1,12.589611463447849,13.034346911792351,13.462495389980683
1991-11-01,11.3,9.461387649910682,9.88389352231897,10.429482466896983
1991-12-01,10.3,7.443290895467067,7.839174303833111,8.3026002893683
1992-01-01,5.9,6.36174375498624,6.798186808258793,7.199997669029329
1992-02-01,9.1,6.25760618880975,6.685540544586845,7.125835962831582
1992-03-01,8.9,8.13035500123583,8.531727344637629,8.928229543658565
1992-04-01,10.8,10.195289462736524,10.588723397643435,11.094863462481166
1992-05-01,15.7,13.459724992565636,13.973023563080034,14.447578533442579
1992-06-01,17.1,16.001411195139912,16.41226108862,16.920105340507675
1992-07-01,17.7,17.32302974427888,17.72996951270361,18.17965645804837
1992-08-01,18.4,17.01716518191824,17.420367153139587,17.90445973324793
1992-09-01,15.9,14.929346497243152,15.372035724522814,15.85631626290418
1992-10-01,10.0,12.616908035271736,13.053130557027828,13.482762374472978
1992-11-01,11.1,9.507234677326712,9.9213726740327,10.419815509207526
1992-12-01,6.8,7.492344122035976,7.8583097212191735,8.344264679480743
1993-01-01,10.2,6.396103246561508,6.8419527710999075,7.231988996687044
1993-02-01,5.3,6.27583633978386,6.7095682314495875,7.155929868763628
1993-03-01,9.4,8.151732798757823,8.562220506603513,8.969305777306436
1993-04-01,14.8,10.218292676770819,10.625866264175912,11.127095941066758
1993-05-01,15.6,13.48615391265375,14.00274311492175,14.474296226759945
1993-06-01,16.6,16.035053983367376,16.439653988808256,16.952952048838988
1993-07-01,16.7,17.322620076557136,17.778002219463993,18.21814631472782
1993-08-01,16.0,17.04375352595654,17.458639385341268,17.97191826972081
1993-09-01,15.0,14.917244622800357,15.415519737837261,15.864439272735636
1993-10-01,13.1,12.652659469103115,13.087573981205658,13.55232712854917
1993-11-01,8.0,9.515110251908427,9.963105003881303,10.47891334378599
1993-12-01,8.4,7.534661238642188,7.901690855499235,8.369092095797972
1994-01-01,6.8,6.415279688267617,6.870342408481726,7.293414224240697
1994-02-01,7.5,6.311807578563271,6.7439839935498505,7.20957469110689
1994-03-01,10.0,8.182986330833645,8.604803483289437,8.997928589702337
1994-04-01,11.8,10.248030304328523,10.655985761835296,11.121623807635482
1994-05-01,12.9,13.476240393601852,14.055623529893223,14.523333700691218
1994-06-01,17.7,16.05219313318262,16.48635578244877,16.992692033702994
1994-07-01,20.8,17.384882909199593,17.81303607083018,18.255954079745006
1994-08-01,19.2,17.08513418564127,17.499781858305933,18.026817661765026
1994-09-01,14.3,14.939057730953644,15.457534462028981,15.938735900943026
1994-10-01,12.0,12.713586188067929,13.127088406581475,13.568294092521835
1994-11-01,13.4,9.58578473474528,10.006268233243532,10.533345667487342
1994-12-01,12.0,7.551150610411349,7.950889958694701,8.426102718202213
1995-01-01,7.4,6.4517442269736165,6.930110942885769,7.303202486862538
1995-02-01,8.7,6.361314802622285,6.767990195275881,7.24293760717233
1995-03-01,8.0,8.22519884873484,8.6282790787432,9.049052077610229
1995-04-01,9.4,10.284639150375572,10.696697744005053,11.157181321864643
1995-05-01,14.3,13.534375037296927,14.092866242550647,14.60448474205728
1995-06-01,18.7,16.09710167755741,16.536694860319596,17.039003583940094
1995-07-01,20.8,17.37624597638744,17.834770094049663,18.31936814125093
1995-08-01,20.7,17.131838566135023,17.538070608532013,18.04897376350564
1995-09-01,14.2,14.948416065641148,15.487749199793644,15.94251842868932
1995-10-01,15.0,12.744280218673742,13.156241865929669,13.645735503625108
1995-11-01,11.0,9.614164253400775,10.056440484349741,10.535179698540052
1995-12-01,9.0,7.597457809541284,7.995485261022038,8.420099800178713
1996-01-01,8.0,6.521684525032456,6.960377718763341,7.328256648969609
1996-02-01,5.9,6.399789095666797,6.816597268078276,7.311921249162582
1996-03-01,7.2,8.255664770570576,8.667666944855323,9.095838879357448
1996-04-01,13.2,10.315505432532024,10.740583023003694,11.197340572640151
1996-05-01,13.7,13.593206361457684,14.117282384133048,14.61074291855851
1996-06-01,19.8,16.129894357210105,16.564958354858092,17.055810397404187
1996-07-01,16.7,17.431407265100336,17.875795481122697,18.331449795636765
1996-08-01,18.8,17.176919367799982,17.581935355959427,18.076024815722295
1996-09-01,12.4,14.989750533383907,15.5146567915202,15.997971636103799
1996-10-01,13.5,12.782356725359378,13.195290155604933,13.670510726696923
1996-11-01,12.7,9.654687340778496,10.090091158423318,10.589407654994035
1996-12-01,8.4,7.6182457733626645,8.022309378436587,8.488509161798332
1997-01-01,5.1,6.541139891517156,6.99485254929637,7.37092992761293
1997-02-01,8.7,6.429690312520463,6.8563816250878435,7.3630261568569715
1997-03-01,9.9,8.280247514690496,8.710374013238766,9.14466691871871
1997-04-01,9.7,10.351364512806386,10.77117389313452,11.230212771618818
1997-05-01,16.2,13.642547630150313,14.172570955468295,14.674297896522198
1997-06-01,18.0,16.171864213019973,16.63376232251621,17.127997129923386
1997-07-01,15.7,17.466256700561157,17.93641604883386,18.39666243294638
1997-08-01,19.6,17.237177998512244,17.649799005395813,18.135380576887165
1997-09-01,15.4,15.025796620807292,15.563795947536342,16.05087769159621
1997-10-01,16.0,12.818946015279723,13.240729953233052,13.721297634628169
1997-11-01,10.3,9.713050420485114,10.146220174975374,10.648935811657552
1997-12-01,9.9,7.661114152697789,8.065617643756777,8.513862967368652
1998-01-01,8.8,6.588309742548966,7.030980641790963,7.4264344903316655
1998-02-01,8.7,6.507195676399944,6.900907146452441,7.413699205676937
1998-03-01,12.9,8.327876723693311,8.76721826947321,9.172361200202097
1998-04-01,11.9,10.395234726454957,10.807836657571084,11.28444886679993
1998-05-01,18.6,13.666950059527716,14.217458170911838,14.708530969179268
1998-06-01,15.9,16.212916743820138,16.67445493189048,17.145415535125096
1998-07-01,17.9,17.5123916670321,17.95348671471384,18.43044282245625
1998-08-01,17.6,17.261351435799213,17.688097288574756,18.2119576435297
1998-09-01,15.3,15.09338324798733,15.597756510903265,16.05991673506744
1998-10-01,13.0,12.849905345356797,13.27401687536305,13.770245013074405
1998-11-01,11.0,9.755791945903495,10.181568835983743,10.679579503649336
1998-12-01,8.0,7.713038048917771,8.102356673954034,8.564128559429253
1999-01-01,9.8,6.61367057170999,7.085489784647297,7.499274899411557
1999-02-01,7.3,6.516468209077067,6.930084146693021,7.45040891350907
1999-03-01,9.6,8.36323686534035,8.788686985208686,9.210157731882036
1999-04-01,11.3,10.433034954167676,10.847373075457483,11.29050894762727
1999-05-01,15.9,13.696858106567548,14.24899378475347,14.739090425986076
1999-06-01,14.9,16.287821929593044,16.715118921274218,17.185883056954196
1999-07-01,19.4,17.514960762898156,17.98286101066044,18.45484428104939
1999-08-01,18.0,17.30283792193113,17.708157117336093,18.23668629266385
1999-09-01,17.9,15.087160816884335,15.626054546888188,16.066338844593396
1999-10-01,13.3,12.864680221876798,13.306334079776237,13.804585466962928
1999-11-01,8.5,9.765782942768807,10.211522293991989,10.692340116562793
1999-12-01,5.9,7.726622263472144,8.113462366579686,8.599804619448305
2000-01-01,9.4,6.6553594886227865,7.104913334460958,7.510350430862097
2000-02-01,7.8,6.549334991997641,6.961517633390329,7.45309982415519
2000-03-01,9.9,8.389230272641921,8.807734998911087,9.244775672948503
2000-04-01,12.8,10.453178352211143,10.863835170475198,11.333447104179312
2000-05-01,17.0,13.757791774237882,14.268629520186053,14.772420452603544
2000-06-01,20.2,16.280763535551596,16.742147394420755,17.20547294251606
2000-07-01,15.6,17.573859141600373,18.003776621210726,18.47109999335026
2000-08-01,18.4,17.330269819188793,17.74385574047923,18.244125353180547
2000-09-01,17.0,15.13798829161718,15.639424045667756,16.09984330650284
2000-10-01,12.6,12.903659389029976,13.349362788347207,13.834024907704677
2000-11-01,11.0,9.80959677615644,10.230788031151508,10.710394309473843
2000-12-01,11.2,7.767087802210058,8.149141604108696,8.643639620057506
2001-01-01,7.1,6.689792077515857,7.1297646923356,7.532298062776924
2001-02-01,9.8,6.573189856346547,6.990952085975476,7.46356575975626
2001-03-01,9.0,8.425528762214059,8.838221073848933,9.2812376207346
2001-04-01,10.0,10.503554522790369,10.899876661888982,11.361559115981615
2001-05-01,13.5,13.789858721117028,14.30124451568952,14.800791585463358
2001-06-01,15.8,16.309519992144455,16.78675148589875,17.24799615437166
2001-07-01,18.2,17.624301601896157,18.04324422104691,18.50288212962754
2001-08-01,21.0,17.373907067640445,17.774135923122557,18.301613873562843
2001-09-01,12.8,15.155444631678654,15.668924636072568,16.1433575352788
2001-10-01,16.0,12.932910034845568,13.393343803626106,13.872381655658785
2001-11-01,10.2,9.838152542300374,10.276524978394676,10.74448027117671
2001-12-01,7.6,7.81110600085045,8.187413108133146,8.658535778207588
2002-01-01,10.1,6.732034596977439,7.16246588312138,7.545852404675289
2002-02-01,9.5,6.594544792174398,7.04120822001667,7.494669537597086
2002-03-01,10.2,8.465463269172865,8.874566494547885,9.33615819730834
2002-04-01,10.8,10.538251033681918,10.940488253109926,11.431334771545758
2002-05-01,15.1,13.791778537863182,14.331479767421365,14.830144195206781
2002-06-01,17.4,16.35787201886552,16.829214172145164,17.27578630567406
2002-07-01,18.7,17.640730843747026,18.083258985611288,18.539676116912656
2002-08-01,19.3,17.40277768913306,17.814737470051355,18.344692279909946
2002-09-01,15.8,15.159792702842639,15.702115113082387,16.14849276349451
2002-10-01,12.8,12.966979761869883,13.4236609040079,13.886045031143253
2002-11-01,11.4,9.867139585912497,10.30427157470426,10.743133603717492
2002-12-01,9.7,7.819657512243044,8.220547514403618,8.68452013223083
2003-01-01,8.3,6.751525861984841,7.202686984538175,7.569072235271969
2003-02-01,7.2,6.623748561341216,7.065947218992033,7.490420517246311
2003-03-01,11.6,8.478076967136754,8.887204108022496,9.389887110310625
2003-04-01,14.0,10.565118645058753,10.969622434729535,11.43648298969243
2003-05-01,15.3,13.810967230069194,14.368084240714147,14.846987722667265
2003-06-01,17.4,16.405017506851518,16.850981601801962,17.310479077903437
2003-07-01,18.0,17.667964711528107,18.103339427541496,18.553369086556696
2003-08-01,22.3,17.42683206900753,17.84763478131508,18.358138326039
2003-09-01,14.0,15.175822573935864,15.742251751053537,16.182341607799458
2003-10-01,12.9,13.009997711059624,13.455158393219502,13.956517446372432
2003-11-01,12.5,9.889412033219024,10.334172320051437,10.780010137380499
2003-12-01,8.3,7.8273514818500445,8.236197659984397,8.746960102549204
2004-01-01,5.0,6.777833502723644,7.221275506317865,7.626084755448984
2004-02-01,12.4,6.676739375257908,7.081380729772162,7.553408689314324
2004-03-01,9.8,8.499724510240295,8.927172609905815,9.374848426954308
2004-04-01,12.4,10.571063033343215,10.999585007281958,11.430322642678048
2004-05-01,12.0,13.85326381675964,14.37457085597658,14.883570806171338
2004-06-01,17.1,16.414754925086594,16.876118619558106,17.316049338879655
2004-07-01,16.8,17.67571470029758,18.123926274486415,18.6006273260636
2004-08-01,21.5,17.4654753784207,17.878077707216157,18.359905677686168
2004-09-01,16.5,15.203249339904174,15.7666366191763,16.21314352645038
2004-10-01,15.2,13.02996929630059,13.46011526666771,13.954256464238687
2004-11-01,9.4,9.935883237447904,10.34395081845037,10.808494319684431
2004-12-01,7.0,7.8534607435659485,8.262282797534564,8.75692591215932
2005-01-01,8.2,6.818907790092712,7.246403219111528,7.640127589920772
2005-02-01,7.5,6.6984882523049345,7.109701113261689,7.568541395636435
2005-03-01,10.7,8.538096554021468,8.941560148781255,9.404181489770771
2005-04-01,14.0,10.590141993859794,11.029587184817592,11.463705004632372
2005-05-01,17.0,13.871225942281054,14.402683346457103,14.918476610007904
2005-06-01,20.1,16.444062295858252,16.896488313804,17.369564689899793
2005-07-01,18.4,17.719990777785743,18.140691674519076,18.60180908316389
2005-08-01,18.0,17.472708259879028,17.8894144559887,18.38400722896503
2005-09-01,17.8,15.236453306730253,15.764614810645687,16.243925761544258
2005-10-01,15.9,13.056804390369138,13.472976204158067,13.985747435618245
2005-11-01,13.0,9.919846043409,10.348630418797374,10.84496296482162
2005-12-01,7.0,7.882762979075572,8.283210523974581,8.77307140440455
2006-01-01,3.7,6.841779803107633,7.247687613553086,7.622737810997775
2006-02-01,4.7,6.700587641381897,7.117106544776122,7.567900275477112
2006-03-01,11.9,8.54947814904299,8.94668678534256,9.407664177405438
2006-04-01,10.0,10.581745245690186,11.029532519568205,11.475300007640564
2006-05-01,15.2,13.893067285762037,14.412922627594025,14.904532173292873
2006-06-01,18.0,16.453211577518765,16.915748983663754,17.365874640548636
2006-07-01,21.1,17.742092414861542,18.14573796137155,18.58829487048338
2006-08-01,16.3,17.478265784816585,17.89072416598792,18.412237497044757
2006-09-01,17.8,15.278556648646468,15.786394054905745,16.20823562127078
2006-10-01,15.0,13.037478977234606,13.497898371713468,13.960550371955778
2006-11-01,12.5,9.919907366070671,10.368611176948122,10.870072955826467
2006-12-01,10.9,7.862356475740299,8.299284012923023,8.789467324604885
2007-01-01,12.1,6.814792185142025,7.2736099661815015,7.661578496900371
2007-02-01,8.4,6.726092374686153,7.120628212016074,7.566483305443806
2007-03-01,7.5,8.553226675656637,8.963880951919379,9.432067102568388
2007-04-01,13.9,10.594452039426573,11.049287783606072,11.44682441854058
2007-05-01,16.5,13.867706169411461,14.428847114170892,14.916524163448248
2007-06-01,17.6,16.496620262965425,16.92699375244557,17.38879000605657
2007-07-01,17.5,17.749506907930343,18.169383504552798,18.60756709652701
2007-08-01,17.9,17.471217635427372,17.907464193852054,18.406294746095497
2007-09-01,15.4,15.2333650446483,15.79329711560105,16.23653138603143
2007-10-01,13.0,13.062652750669383,13.515879206314033,13.994637474645637
2007-11-01,10.3,9.949733078525963,10.372100273897455,10.882554505952326
2007-12-01,9.2,7.877773446327508,8.303920357075459,8.791572034513825
2008-01-01,11.6,6.838800691846826,7.2723602973668875,7.674978952638629
2008-02-01,8.7,6.727237606992714,7.1237240245321924,7.5882211499528776
2008-03-01,8.7,8.542615621298083,8.9917259726972,9.41309890010643
2008-04-01,12.7,10.598150715434098,11.061980442984158,11.436559944883545
2008-05-01,15.6,13.858711559047451,14.438878658202361,14.925150083090069
2008-06-01,16.1,16.476945108573446,16.92608937712554,17.40546472251979
2008-07-01,19.3,17.741734809599812,18.1823562027417,18.613473514169556
2008-08-01,17.6,17.472196811554415,17.890118932530644,18.42108128896451
2008-09-01,16.8,15.233393184792542,15.774373064828175,16.275998602887853
2008-10-01,13.4,13.071193956088658,13.518542172306589,14.004262289272752
2008-11-01,11.5,9.932192822048,10.358385377385236,10.888110991988004
2008-12-01,7.8,7.848462065009211,8.319552357270073,8.761480819305637
2009-01-01,4.1,6.840988737717141,7.271980854668439,7.678243216400651
2009-02-01,5.9,6.724893207216382,7.122062473757613,7.561569507964983
2009-03-01,7.3,8.550541888667144,8.98555636320541,9.40626385573523
2009-04-01,14.0,10.598295009910569,11.058880310816654,11.44851116709298
2009-05-01,13.7,13.887817213457298,14.431415873785685,14.949929598104845
2009-06-01,17.2,16.450090998480317,16.924897493593,17.401575743312293
2009-07-01,19.0,17.75175401302294,18.194479823997824,18.633552322387658
2009-08-01,17.4,17.481374285779744,17.90710554674244,18.413011539988688
2009-09-01,15.1,15.228553004475605,15.81040214242103,16.288785497378015
2009-10-01,16.2,13.063021314616124,13.538823318090376,13.98545689004155
2009-11-01,11.8,9.937851286619702,10.392955873153525,10.910926707248455
2009-12-01,7.4,7.860547111783455,8.345066034768585,8.794347229876562
2010-01-01,4.9,6.862197110663061,7.2806844600011456,7.711750195713655
2010-02-01,7.6,6.7170667684812955,7.143051527082012,7.5957819037480245
2010-03-01,12.3,8.602829348862706,9.015895627685365,9.464890348662207
2010-04-01,12.7,10.617578635859834,11.07033300797583,11.483512719020066
2010-05-01,12.7,13.873579742324361,14.45225278366819,14.97022120686781
2010-06-01,16.3,16.473513238228215,16.95894640754183,17.443566319939567
2010-07-01,21.9,17.778889632557565,18.21902967072699,18.65963643254059
2010-08-01,17.5,17.510381831661217,17.926678592109525,18.45553166363708
2010-09-01,15.2,15.290306340103111,15.83315856172441,16.3072790519124
2010-10-01,15.5,13.05467666459028,13.554685755214802,14.048658129335523
2010-11-01,14.0,9.964885053026151,10.39977748206109,10.93701101686333
2010-12-01,4.4,7.8672849934728,8.35917249039097,8.858013008522637
2011-01-01,10.6,6.861464053143184,7.30576833381296,7.727744892199397
2011-02-01,9.3,6.734478543881512,7.159577240042429,7.635264291008738
2011-03-01,10.0,8.589918669645431,9.033197048672005,9.438775360843682
2011-04-01,12.3,10.649078106832466,11.09881129532991,11.520254317613634
2011-05-01,14.9,13.892403849052588,14.478143206220645,14.994189674046284
2011-06-01,18.9,16.494445707971753,16.969917052715846,17.49306083868507
2011-07-01,15.2,17.7725145433345,18.237699666343634,18.688585837424206
2011-08-01,17.3,17.52712772803479,17.940518191068573,18.480731135205925
2011-09-01,17.4,15.29321680018064,15.848591398620448,16.312934352007936
2011-10-01,15.5,13.104026155044881,13.576334858495693,14.039501765855837
2011-11-01,14.4,9.970467018472025,10.426759695029197,10.953599733750892
2011-12-01,8.2,7.933957033322335,8.379247629257623,8.86291288491254
2012-01-01,9.8,6.869810657729088,7.321756523696523,7.755988605744452
2012-02-01,8.1,6.772266104447448,7.175498725872327,7.663052476033862
2012-03-01,7.4,8.616371947480859,9.052799570287043,9.47485755407821
2012-04-01,10.3,10.667186488089369,11.118758881159069,11.548129441561745
2012-05-01,15.6,13.916333182836865,14.497277347734734,15.007398124851447
2012-06-01,17.4,16.529335255895163,16.99979338991205,17.51805083246672
2012-07-01,17.9,17.827682488139867,18.25601596068963,18.715809914355294
2012-08-01,23.1,17.546054554027588,17.966906553303723,18.515856485359084
2012-09-01,15.5,15.327919687378044,15.883299882045586,16.36585345501573
2012-10-01,14.2,13.123771780304402,13.594856197842642,14.068315350256883
2012-11-01,8.4,9.990432535807107,10.451084213751546,10.985887919382728
2012-12-01,8.7,7.9560162850203975,8.403933008525964,8.875977793740232
2013-01-01,7.9,6.894664931240293,7.339057030729859,7.787568015659603
2013-02-01,5.7,6.773930731954122,7.206683304421954,7.686561929748942
2013-03-01,9.8,8.637074881210546,9.069702297691938,9.512469948272907
2013-04-01,12.1,10.632393997309707,11.141527188470015,11.56645890298724
2013-05-01,11.7,13.96185154063457,14.51402893118716,15.029838513995351
2013-06-01,18.8,16.539478701549488,17.038686653199054,17.514283687171883
2013-07-01,20.1,17.844065103092404,18.271516704933237,18.78046809251555
2013-08-01,20.9,17.547349359641668,17.991237229628922,18.540154276609698
2013-09-01,17.2,15.342232692714934,15.904776899624272,16.375443888094726
2013-10-01,15.3,13.127608681106945,13.604265652111774,14.09125065457245
2013-11-01,9.6,10.015485504340015,10.451273886378377,10.99462385588995
2013-12-01,7.4,7.976170468090209,8.445029067059867,8.915117317219003
2014-01-01,9.4,6.88703214183605,7.360229977119897,7.826298393142492
2014-02-01,7.0,6.759341235630306,7.230421719900708,7.726655748980827
2014-03-01,11.8,8.649389872594707,9.105082439747182,9.524512685808515
2014-04-01,12.7,10.662030472014498,11.157224231631908,11.585643333371346
2014-05-01,14.4,13.954749964067673,14.54676257277201,15.05410162757349
2014-06-01,18.0,16.52836004783707,17.046055420516964,17.533279326897624
2014-07-01,21.8,17.83131143483259,18.29918383102062,18.7633196313486
2014-08-01,17.0,17.53226315631349,18.013632347689345,18.54952830677287
2014-09-01,17.2,15.371305662683435,15.924693108865144,16.404053930778385
2014-10-01,14.3,13.143551495369081,13.633082420987936,14.15542415504085
2014-11-01,13.3,10.017994243159475,10.495820175879162,11.039663876285527
2014-12-01,10.5,7.974561448227915,8.465059321668313,8.96797746860983
2015-01-01,6.5,6.925137123405053,7.382075469452346,7.847744919712243
2015-02-01,4.5,6.737551235496716,7.240658135624933,7.767026733492669
2015-03-01,7.6,8.655399506807663,9.1312325198361,9.568762444196212
2015-04-01,10.1,10.673683828616134,11.160934314234964,11.599942444591813
2015-05-01,13.6,13.925920601181021,14.576608821495665,15.102137296015268
2015-06-01,16.3,16.52331079720885,17.076468929952092,17.60119570619043
2015-07-01,21.7,17.882119447822912,18.31567594131684,18.797309197667317
2015-08-01,18.6,17.539180305259123,18.052083948672717,18.58106300678503
2015-09-01,13.3,15.393651348608454,15.947000255100903,16.46693157333084
2015-10-01,13.9,13.174154618731528,13.665754743280846,14.185670780066008
2015-11-01,14.0,10.028749402181568,10.512430788212427,11.03752932137239
2015-12-01,12.8,8.02067458859161,8.500835911339461,9.00756256612465
2016-01-01,9.0,6.914177167102598,7.426004706007757,7.8933171977246275
2016-02-01,9.7,6.790384669134361,7.283983169310933,7.7816423070776555
2016-03-01,6.0,8.70553244830132,9.168127525059493,9.612287240169511
2016-04-01,12.1,10.702073940373843,11.200435953471027,11.640526339214869
2016-05-01,14.1,13.984099028499196,14.593438967174457,15.117675044901777
2016-06-01,18.3,16.563868047106826,17.11089596815554,17.64236130817595
2016-07-01,20.2,17.901007805132064,18.342599617258706,18.83093937891364
2016-08-01,19.5,17.565338325839026,18.082939181281873,18.611054570466074
2016-09-01,18.3,15.405608171605712,16.005263895928444,16.485575592325844
2016-10-01,11.1,13.189386359912678,13.6855748123905,14.238737348434844
2016-11-01,10.3,10.056342651995092,10.555183404646936,11.053084127909624
2016-12-01,7.7,8.049595325895389,8.539187214494303,9.056690224334773
2017-01-01,4.6,6.953673429911181,7.442305988986934,7.920901389108315
2017-02-01,9.2,6.829320374089225,7.31794578572784,7.8239246085410405
2017-03-01,10.5,8.72053984973878,9.177971068099538,9.694856175822672
2017-04-01,8.5,10.730695316339238,11.230966029888112,11.703442846537644
2017-05-01,19.2,14.034220479986615,14.639949475724224,15.125420013400065
2017-06-01,20.0,16.63169466580789,17.144957458300134,17.684346310904463
2017-07-01,19.2,17.917251724692044,18.3766456941138,18.865035541929583
2017-08-01,17.6,17.59688877351487,18.10583395129982,18.63998820460386
2017-09-01,16.3,15.427409364371664,16.02519345710553,16.52131748352431
2017-10-01,16.1,13.25318785498736,13.710729856928491,14.262254019968013
2017-11-01,9.4,10.063132933180936,10.569192773816887,11.086074487209775
2017-12-01,8.4,8.094710511809089,8.577394768563106,9.098450041027327
2018-01-01,7.5,6.994462473984074,7.4804364497830305,7.953677698906133
2018-02-01,2.3,6.864669243500367,7.345208210966703,7.857280138859264
2018-03-01,10.1,8.744126601588396,9.220740478682096,9.767727004271224
2018-04-01,15.0,10.74091933172456,11.255888498239354,11.73458201328473
2018-05-01,18.5,14.041369493640657,14.66212199595686,15.178648387574643
2018-06-01,17.9,16.63521440079627,17.17209071334426,17.719017772486495
2018-07-01,21.4,17.97813839946821,18.42296886315563,18.908042954410785
2018-08-01,18.6,17.668098734898514,18.13745409430933,18.6973099677759
2018-09-01,17.6,15.434631373208287,16.05190152345503,16.550383631923378
2018-10-01,16.9,13.274413475104613,13.738736211706929,14.332750425050323
2018-11-01,11.9,10.107956432752742,10.613152649766164,11.134976222673341
2018-12-01,10.0,8.118608443540237,8.610594677063144,9.166631290579259
2019-01-01,6.7,7.0294471493471855,7.503768201970395,8.004649000160928
2019-02-01,6.3,6.885753099141039,7.402250916935195,7.902971644321291
2019-03-01,9.3,8.753053705494144,9.250792235513424,9.784334131690704
2019-04-01,12.0,10.763714785128913,11.29028481071417,11.795844717870919
2019-05-01,12.5,14.06277950480049,14.707406635039645,15.227091351663478
2019-06-01,20.7,16.687902284119488,17.23048175302788,17.77649433937439
2019-07-01,23.5,17.973400621402224,18.43554370019229,18.947766987406546
2019-08-01,19.6,17.678804201827635,18.172003021868647,18.727522776807863
2019-09-01,16.0,15.445566215756667,16.09771707934233,16.611162275810894
2019-10-01,14.6,13.324783495346498,13.777397131052723,14.34618476968371
2019-11-01,10.2,10.126662789708162,10.630771243703165,11.18155012104019
2019-12-01,10.1,8.173025983196208,8.646553125952092,9.199947621160987
2020-01-01,10.6,7.037789364186093,7.548405690931466,8.06956104138885
2020-02-01,7.7,6.913262838869739,7.435046928832985,7.954552771960372
2020-03-01,11.3,8.762081267635141,9.290420721637517,9.848015181894647
2020-04-01,11.0,10.738153903824847,11.31853970358706,11.798804543161795
2020-05-01,14.4,14.097120865598875,14.744830901794014,15.268680029095307
2020-06-01,18.3,16.713893524849276,17.26603336754678,17.82158098070479
2020-07-01,17.0,17.99221741049848,18.48118873831375,18.95893299175914
2020-08-01,21.6,17.663240627293675,18.19733179602384,18.744729903561133
2020-09-01,18.2,15.462035209125549,16.110996704811413,16.66404376346445
2020-10-01,12.7,13.327088218419586,13.804136047593122,14.34702554648617
2020-11-01,11.3,10.123784468629212,10.649042011049463,11.182406097426687
2020-12-01,11.5,8.179630668804618,8.675428646811795,9.222191342664647
2021-01-01,7.7,7.059135766973477,7.562356782049308,8.079308875821356
2021-02-01,12.1,6.939354690741138,7.461894007927528,7.978469282896798
2021-03-01,10.1,8.765179895992842,9.30202769190251,9.856980063145455
2021-04-01,6.2,10.758457054699637,11.330386630827974,11.815359260497914
2021-05-01,12.7,14.080313479623907,14.76259188384421,15.301294281550803
2021-06-01,21.0,16.746654614301445,17.27590506288937,17.847664168679707
2021-07-01,15.8,18.008524367288413,18.487421796970224,18.996208196595724
2021-08-01,15.7,17.659654397728215,18.203390617390973,18.777784446506928
2021-09-01,17.5,15.474035334982998,16.148846979931555,16.67081724717016
2021-10-01,14.4,13.329869023228316,13.815900726689733,14.426773236219033
2021-11-01,9.3,10.113887401947288,10.667946162469104,11.201003007653659
2021-12-01,12.8,8.200291937808544,8.701023962757297,9.241034970761136
2022-01-01,9.9,7.082252895742404,7.597814308598882,8.14832162647044
2022-02-01,8.4,6.93518226011817,7.477695798809249,8.020510847019107
2022-03-01,8.3,8.773036723135828,9.339187419616433,9.911544429380031
2022-04-01,10.1,10.801360841561133,11.349547036566516,11.875374017633732
2022-05-01,16.5,14.101195850246146,14.793992299141337,15.3703429373219
2022-06-01,19.3,16.752889874641234,17.31544593723521,17.86198006829528
2022-07-01,20.4,18.02340367061504,18.535904240453554,19.04751867481668
2022-08-01,18.7,17.682927207334636,18.24070453550366,18.85270420649026
2022-09-01,17.0,15.510457664477402,16.1720674319373,16.723958331147614
2022-10-01,15.1,13.34283115764862,13.849937602837981,14.44756188132671
2022-11-01,11.5,10.123706219427735,10.703896486513688,11.303624592516591
2022-12-01,13.8,8.16458332239821,8.729657796177463,9.307323123339286
