date,delta_med,delta_lo,delta_hi
1892-01-01,15.410588365949602,14.350983949268644,16.61558542454233
1892-02-01,16.03105441178954,14.992058480842964,17.22460312377505
1892-03-01,18.222677360491584,17.18240647044419,19.351009851193595
1892-04-01,20.304717164528412,19.27380707329979,21.43820670394672
1892-05-01,22.60140480225018,21.585562477209763,23.757622064158692
1892-06-01,20.89855795090874,19.844009951562747,22.010373061386154
1892-07-01,20.31705931015248,19.28407614145205,21.38881467393849
1892-08-01,19.45505912373322,18.43250950163258,20.488654535410756
1892-09-01,19.267611200095097,18.28461203533163,20.34088799650014
1892-10-01,17.81344974419916,16.785230072329423,18.870877889104047
1892-11-01,15.983944060456714,14.990058690154749,17.05466742965189
1892-12-01,15.082366575081256,14.053427794513105,16.151671433365603
1893-01-01,15.34815716969675,14.374940385192216,16.380602936998496
1893-02-01,15.961199376364169,15.001318382567792,16.975110180389294
1893-03-01,18.144895217094316,17.17685942804888,19.111309593918456
1893-04-01,20.221335541015073,19.281783640093032,21.196535286206863
1893-05-01,22.504184790258996,21.574944247164844,23.54137604621032
1893-06-01,20.805706629272077,19.842004443836245,21.781778799230413
1893-07-01,20.22141603423897,19.259918063802235,21.171629950950834
1893-08-01,19.34780341137406,18.404061996011805,20.27630627392698
1893-09-01,19.16603543530086,18.252923628889672,20.1422562329511
1893-10-01,17.708748785987794,16.753833594226847,18.656390578622712
1893-11-01,15.874181671766268,14.947754291279912,16.847214121748532
1893-12-01,14.974895853578627,14.004344146339104,15.923950530486096
1894-01-01,15.229902307544894,14.301120089497507,16.193071199785578
1894-02-01,15.835368129044673,14.923184614479743,16.774932758369552
1894-03-01,18.015857494069383,17.092717756427778,18.909501799776887
1894-04-01,20.088864500367634,19.19380047624925,20.989993804387197
1894-05-01,22.376027342968435,21.4683679821075,23.348220011048657
1894-06-01,20.677983897360825,19.734396013371228,21.580858366971587
1894-07-01,20.096150617068865,19.164434242574835,20.976044821440034
1894-08-01,19.22046851247022,18.30593768681815,20.0736778036465
1894-09-01,19.05355413535504,18.15875390767956,19.986824584083713
1894-10-01,17.600707025815147,16.66902341342049,18.49223776498909
1894-11-01,15.761319403021862,14.856176116758949,16.688387774708385
1894-12-01,14.876783823014994,13.939607453462155,15.779686892689067
1895-01-01,15.13571976411537,14.224776238599969,16.05503712197971
1895-02-01,15.755882968178128,14.87106510453715,16.665943783810793
1895-03-01,17.950784053265956,17.058688410910225,18.80243802526574
1895-04-01,20.030465443028987,19.151426796324042,20.896874291753768
1895-05-01,22.329272180668816,21.43565346792029,23.278763575514855
1895-06-01,20.638243639489442,19.721551020770868,21.523255715913912
1895-07-01,20.059968266040574,19.13023075033916,20.911914865508944
1895-08-01,19.1777613773606,18.301468696370716,20.024320717091634
1895-09-01,19.023905770938214,18.149879187730793,19.93332410235271
1895-10-01,17.57204129329559,16.655605743165108,18.4493645178796
1895-11-01,15.729073647525476,14.856275549454388,16.63547118397738
1895-12-01,14.851027417722097,13.93297070148717,15.732698492376187
1896-01-01,15.09981711350959,14.231212548849873,15.99346808998464
1896-02-01,15.7184834869084,14.856787818358349,16.60005699409194
1896-03-01,17.900353069099644,17.019389840218057,18.737160095943256
1896-04-01,19.974883723775285,19.100928919058642,20.82274377760275
1896-05-01,22.27381829927185,21.38528510322041,23.199659692071638
1896-06-01,20.570663421229956,19.66855576997657,21.43263594251109
1896-07-01,19.998472474010057,19.095247236165722,20.82462796444516
1896-08-01,19.105150248609696,18.24774149424305,19.933647029597854
1896-09-01,18.954681110044113,18.082883356221807,19.83153207142525
1896-10-01,17.489140556323367,16.590549089055887,18.346999706570728
1896-11-01,15.651640442960762,14.781684235637556,16.52911185737929
1896-12-01,14.781180565860181,13.867751225643039,15.64968917464182
1897-01-01,15.028496580059265,14.145057819348587,15.908463959351819
1897-02-01,15.648496690570326,14.786871630555227,16.52415036187586
1897-03-01,17.838862281562342,16.955504794013326,18.666388041134006
1897-04-01,19.92706372658005,19.04625604677303,20.76609772196806
1897-05-01,22.226278762699195,21.331877111506547,23.157855467239287
1897-06-01,20.541282536034913,19.63782122750673,21.37199517883158
1897-07-01,19.96034382343425,19.046798898433856,20.802557007517883
1897-08-01,19.08054800071616,18.20496516754115,19.896352236122926
1897-09-01,18.933495357808905,18.06023648089129,19.80870897844453
1897-10-01,17.474476458274264,16.595590597853427,18.33685067274701
1897-11-01,15.640533457161611,14.779424992842857,16.515469500849207
1897-12-01,14.782924351411472,13.867148140305012,15.638709725219638
1898-01-01,15.03304334467053,14.155452769633799,15.90148621179327
1898-02-01,15.65238232258921,14.80546062150866,16.528053450411615
1898-03-01,17.851533939689226,16.98436790647046,18.68216975822326
1898-04-01,19.94416946066901,19.067014088563077,20.784671224424923
1898-05-01,22.251466750556578,21.373774175070015,23.187236895187112
1898-06-01,20.57260622263087,19.695377167584038,21.413543362909273
1898-07-01,20.008030465625602,19.101973865805217,20.851795897124685
1898-08-01,19.139389382924957,18.283078394675965,19.944611665509544
1898-09-01,19.002874802820184,18.143906671644963,19.881416028987132
1898-10-01,17.541563277323718,16.676585117873373,18.406005554587466
1898-11-01,15.70988031994251,14.871361846834528,16.582139502335846
1898-12-01,14.868058739651769,13.980498536479695,15.716085177383556
1899-01-01,15.118023130322038,14.251034163971756,15.98320173742224
1899-02-01,15.751331234297396,14.928436664402831,16.618390858090233
1899-03-01,17.953071425085337,17.08216911381948,18.776153849833424
1899-04-01,20.030584165751392,19.178146393712208,20.877427939772918
1899-05-01,22.332709725863122,21.48668278964452,23.27688103702063
1899-06-01,20.65605110279496,19.78026547244244,21.49690577031956
1899-07-01,20.09116118542553,19.20789307571989,20.916018551375686
1899-08-01,19.20430316512515,18.367629542504638,20.03419362172959
1899-09-01,19.07153275187492,18.222497274955284,19.96653388036097
1899-10-01,17.612484135362685,16.764121192756726,18.472786518105767
1899-11-01,15.772268821265524,14.936673421565551,16.637421671184654
1899-12-01,14.923270107026436,14.0415575934997,15.792556217782138
1900-01-01,15.164371207659393,14.312348602080565,16.03910707498989
1900-02-01,15.794903271486326,14.96303563333191,16.653174456230207
1900-03-01,17.989619799190336,17.128100163243992,18.82938390593158
1900-04-01,20.06166319939283,19.212603727727675,20.9036522502246
1900-05-01,22.363900599594636,21.508607502800807,23.308520122971288
1900-06-01,20.68121476712728,19.823262575703602,21.506019180414615
1900-07-01,20.10114375589771,19.23240011270076,20.942659285273194
1900-08-01,19.20391225920337,18.368568014814258,20.026009471361938
1900-09-01,19.06379028319234,18.2196445069794,19.95791006017326
1900-10-01,17.602624206001238,16.75097867191025,18.454552980957494
1900-11-01,15.74106280703531,14.899724683108088,16.598311653637506
1900-12-01,14.898454489913115,14.021949735672953,15.759250088400991
1901-01-01,15.134918049562714,14.293159471382134,16.00002870472783
1901-02-01,15.754383020411371,14.929532733158641,16.595789665384586
1901-03-01,17.954425346882605,17.10908447788516,18.786958817764244
1901-04-01,20.01197875740432,19.187585829424133,20.855996913211875
1901-05-01,22.327349011032503,21.47815991378254,23.24314791210052
1901-06-01,20.635002710254952,19.78232622064613,21.455318147507302
1901-07-01,20.06289637549152,19.200898045327605,20.88412795842616
1901-08-01,19.160181769989656,18.34729844110528,19.964139274468632
1901-09-01,19.02018235536863,18.199988808388355,19.901997284416748
1901-10-01,17.57186916000262,16.738336183398054,18.405600226108128
1901-11-01,15.708706859679172,14.872014649598682,16.55424688916033
1901-12-01,14.877537837987564,14.012717052558171,15.73770868225009
1902-01-01,15.109334035480053,14.280755923838559,15.962537434972093
1902-02-01,15.73166557042433,14.921588016282369,16.565938946928046
1902-03-01,17.945999389476132,17.104866251438185,18.768623868393092
1902-04-01,20.00554646684582,19.17780703703185,20.847847966407386
1902-05-01,22.32660703031043,21.48762454878087,23.234950178526187
1902-06-01,20.647675737172552,19.787849462513798,21.46907063774019
1902-07-01,20.080842148126088,19.218807474148335,20.904738558993
1902-08-01,19.17468776371696,18.353821709541734,19.99096450048687
1902-09-01,19.047149438915845,18.22180880281132,19.944241494602945
1902-10-01,17.599233913006103,16.761952918552137,18.433568006821385
1902-11-01,15.732806225653697,14.885807110966566,16.589866220890976
1902-12-01,14.905018370250659,14.048346234031598,15.768580464354711
1903-01-01,15.127692995584209,14.303350732612996,15.978199402427219
1903-02-01,15.739682423736422,14.94042255207335,16.589587892375476
1903-03-01,17.962271653237288,17.134056781480243,18.781938688679205
1903-04-01,20.009784558006466,19.17083694725476,20.842752784275614
1903-05-01,22.32517537315901,21.48669251628593,23.23778751962493
1903-06-01,20.632916915662022,19.780911095756736,21.458149626573395
1903-07-01,20.064796904562044,19.21252359826144,20.890532092639877
1903-08-01,19.15966432032319,18.342513941254726,19.97133807679079
1903-09-01,19.02276959136561,18.20115615378295,19.89946470096579
1903-10-01,17.56700828504205,16.744206199019313,18.400729868362557
1903-11-01,15.692177742320485,14.861423846783236,16.54008358963361
1903-12-01,14.874060229095454,14.032022573338416,15.730160874940298
1904-01-01,15.095141099602886,14.270219216734867,15.94867103283306
1904-02-01,15.702453927675318,14.908154249689439,16.551543676012926
1904-03-01,17.93942205224501,17.118124427468462,18.747420998506463
1904-04-01,19.977650071982957,19.149082953342557,20.815242914612988
1904-05-01,22.293173109322783,21.457058510913,23.19996310921066
1904-06-01,20.600849944841084,19.75817382073715,21.406213275171407
1904-07-01,20.036162077838007,19.17909033779546,20.842838257304376
1904-08-01,19.123771066029047,18.299239013275038,19.917505816312016
1904-09-01,18.985111195984807,18.15993778516292,19.84290271049599
1904-10-01,17.53174873484464,16.69787497626453,18.356005824251305
1904-11-01,15.644859206794823,14.793628611764504,16.47126371935095
1904-12-01,14.827066530815099,13.971770142786072,15.664933037667488
1905-01-01,15.038451119197191,14.211085503186233,15.872410360558447
1905-02-01,15.640722256620975,14.832077784209924,16.463327936829206
1905-03-01,17.88264830472497,17.06345622398545,18.682617002905573
1905-04-01,19.91308421006558,19.08164619740839,20.733345461431092
1905-05-01,22.23605455411014,21.391242553589688,23.117285766050387
1905-06-01,20.536766452708044,19.69475363334905,21.331408022939986
1905-07-01,19.974732023319184,19.125244430078393,20.786570453345814
1905-08-01,19.068535300798736,18.244480912469115,19.86942308653064
1905-09-01,18.94305006701301,18.120848980808745,19.789359627614814
1905-10-01,17.495374649186175,16.661865350575116,18.321410818068415
1905-11-01,15.610502878426068,14.771806269494682,16.449801604744323
1905-12-01,14.810781388369977,13.965849412956194,15.653416980841312
1906-01-01,15.034863618438637,14.201800083799293,15.877733949747197
1906-02-01,15.641072004429995,14.813506663511433,16.46717011699831
1906-03-01,17.897255015057464,17.075248296741137,18.713832594524202
1906-04-01,19.929214105010367,19.09543102194221,20.760401142305508
1906-05-01,22.25714612503431,21.419082690381455,23.162149601682017
1906-06-01,20.570145487816944,19.72944127808888,21.39502128476775
1906-07-01,20.00789317898572,19.153307734714318,20.831288047380585
1906-08-01,19.099878477392775,18.275246777920938,19.928686619594252
1906-09-01,18.965952032477443,18.15964983284754,19.81660454358942
1906-10-01,17.523582893294567,16.698877429073743,18.366665041092734
1906-11-01,15.627034024420489,14.784926684050257,16.48903902607943
1906-12-01,14.821410154107769,13.981177693797486,15.695143699053938
1907-01-01,15.036725851800266,14.197785899638108,15.897769754432959
1907-02-01,15.633218034357164,14.807563876104805,16.485912487715844
1907-03-01,17.8947489704683,17.07566927926703,18.715813451478077
1907-04-01,19.90318821665936,19.065715418379803,20.761431064667402
1907-05-01,22.22856165495658,21.38595050683038,23.137920755779312
1907-06-01,20.532359299448416,19.686319332998874,21.364270245147818
1907-07-01,19.961611431742874,19.11160035858971,20.796392640690204
1907-08-01,19.055845448737227,18.217139653364416,19.879405084178895
1907-09-01,18.904292288470387,18.10263794894321,19.757410892013507
1907-10-01,17.473551861605237,16.64487714698147,18.318715322734043
1907-11-01,15.55856867453134,14.72306401144694,16.407456659958097
1907-12-01,14.762774467669372,13.922900537145352,15.631677121141582
1908-01-01,14.975650075743667,14.126859598822188,15.812678924940778
1908-02-01,15.569054191506947,14.744405368932442,16.39194984787952
1908-03-01,17.829075178966473,17.018508137174575,18.65033223975156
1908-04-01,19.84009278679932,18.99463280358784,20.677816192381993
1908-05-01,22.16988892728307,21.31279959106439,23.07072682291989
1908-06-01,20.48716026443899,19.62616714348305,21.31064337591558
1908-07-01,19.920656738003302,19.066110135825628,20.74496803929791
1908-08-01,19.018982110937635,18.184830465147346,19.841392336747912
1908-09-01,18.871494655453205,18.06673307718111,19.722198750337597
1908-10-01,17.455550678812,16.623270738712,18.307686870702092
1908-11-01,15.537773795839446,14.687206338345646,16.39387354046284
1908-12-01,14.751721835416989,13.901004169771886,15.632866376719377
1909-01-01,14.95698548780173,14.110920093905776,15.807854721758495
1909-02-01,15.554981041482762,14.712347756326698,16.398513813372684
1909-03-01,17.821484721087753,16.997015381211234,18.66716080657421
1909-04-01,19.821846847670997,18.968260806785054,20.661405232599474
1909-05-01,22.15280672045357,21.297605287069924,23.071313124463213
1909-06-01,20.457115002032722,19.598870776930934,21.274210178948977
1909-07-01,19.881042486083906,19.03524530133048,20.706740041988546
1909-08-01,18.96916236449117,18.132613595330575,19.777002373462114
1909-09-01,18.811498638709473,17.990678856299475,19.642800364971325
1909-10-01,17.386938657263332,16.550529420333266,18.216846836325637
1909-11-01,15.454907037510996,14.607444672359337,16.289192263630756
1909-12-01,14.677925803380774,13.82482210875585,15.518186224562013
1910-01-01,14.864694804025532,14.028405342845845,15.697188337653783
1910-02-01,15.469328797404684,14.630931818087781,16.277209391668592
1910-03-01,17.739458724573254,16.91300808619639,18.53756433667039
1910-04-01,19.73481529378701,18.87845420680787,20.539171628204926
1910-05-01,22.06502508695449,21.208837656370118,22.937818279373875
1910-06-01,20.374204173166103,19.51324655631982,21.168902510255304
1910-07-01,19.803323774106527,18.936282273248917,20.597656358617296
1910-08-01,18.89141371267586,18.074479941580073,19.677888317366445
1910-09-01,18.737704341406264,17.91091484516519,19.55329719826091
1910-10-01,17.33062367563953,16.490318276944745,18.136886734303786
1910-11-01,15.400359496582617,14.545340410489379,16.20459602241464
1910-12-01,14.625602197097912,13.785382843932418,15.437852271775405
1911-01-01,14.819021417420917,13.965752778309703,15.654905398892561
1911-02-01,15.42619314086672,14.577556897543134,16.232675204710343
1911-03-01,17.71325247486226,16.875347119094393,18.50320070500307
1911-04-01,19.69346481356272,18.82571434820877,20.505537728870802
1911-05-01,22.026544945737786,21.16835094019427,22.91704753243822
1911-06-01,20.342913787315364,19.47232353666908,21.134794097810722
1911-07-01,19.782771354534002,18.886427494101188,20.587930825290975
1911-08-01,18.861907126002418,17.999024711967778,19.66763967095516
1911-09-01,18.69984471128174,17.830208216836194,19.53364275580739
1911-10-01,17.281550303402152,16.407883895128617,18.115986059289476
1911-11-01,15.339792303080296,14.456731785652558,16.159491310405294
1911-12-01,14.550040005385593,13.68264238050774,15.383571126196804
1912-01-01,14.7422225475284,13.835010542001392,15.599831090116329
1912-02-01,15.345269525004998,14.453551161654548,16.179385802918386
1912-03-01,17.633955634356745,16.73945978108942,18.46014605415153
1912-04-01,19.61434616718953,18.678144441788277,20.438606545606074
1912-05-01,21.949384000468157,21.02821512617398,22.858295047473753
1912-06-01,20.25992698498479,19.337426731586337,21.07675731795868
1912-07-01,19.70606254281375,18.769725153075942,20.54709485698879
1912-08-01,18.78341539365672,17.872886583008675,19.605769680473152
1912-09-01,18.61893825690642,17.7151555991783,19.473806592487882
1912-10-01,17.227317054554174,16.301336084506964,18.078540955227417
1912-11-01,15.281267857717932,14.362584439228318,16.120004572683786
1912-12-01,14.520467357806458,13.615459559622124,15.365151130573224
1913-01-01,14.71630550911863,13.77478852863322,15.57854225383662
1913-02-01,15.326878632064144,14.39322644134297,16.171528584799358
1913-03-01,17.633041669563873,16.71969230054213,18.473397486322217
1913-04-01,19.618596757251137,18.65808072132422,20.446262806727574
1913-05-01,21.95218593748735,21.03348158638818,22.872667642752837
1913-06-01,20.277045278214615,19.345760249572585,21.09974445690628
1913-07-01,19.733811496486943,18.78831435195668,20.586280697439847
1913-08-01,18.818423028438367,17.909893550561414,19.641373555190786
1913-09-01,18.6529983812413,17.74125451771732,19.515774813393392
1913-10-01,17.271346757984176,16.34466269219902,18.130591943150442
1913-11-01,15.33181491791667,14.413458567435999,16.178184814892024
1913-12-01,14.587925633285122,13.669250094532067,15.419659885923464
1914-01-01,14.785512851676142,13.850455424312798,15.637498135066068
1914-02-01,15.39041877792921,14.472822478422524,16.238252856732494
1914-03-01,17.719257396232052,16.8266090190499,18.549932049675373
1914-04-01,19.703555259846123,18.77332197179444,20.520166577282634
1914-05-01,22.05205584927148,21.153402472389967,22.960111454963407
1914-06-01,20.395025997503357,19.503446075183174,21.198223446041645
1914-07-01,19.857393732782672,18.958233641552003,20.674364090110373
1914-08-01,18.95031006149231,18.09108409489123,19.74359879628787
1914-09-01,18.796992690922266,17.94774356654973,19.62858340895041
1914-10-01,17.422295938286958,16.57039061176982,18.235698389796006
1914-11-01,15.4930093897873,14.63594951688913,16.31093716153668
1914-12-01,14.747111679551029,13.90026168287997,15.553426909636732
1915-01-01,14.944089447501474,14.092451582807104,15.77598339731411
1915-02-01,15.553085017354704,14.711207794896717,16.369069366885974
1915-03-01,17.885634010558388,17.06476052251995,18.688740023854482
1915-04-01,19.85542711189521,19.001408504353716,20.657802470027054
1915-05-01,22.204695454858633,21.367834171416042,23.09180400286582
1915-06-01,20.54278308819344,19.698167443877107,21.32580426346133
1915-07-01,20.008927329178196,19.154614953211436,20.793909099793762
1915-08-01,19.08974756244748,18.27563493766267,19.875279398236675
1915-09-01,18.91845346576473,18.118440168156866,19.746278324680482
1915-10-01,17.544892800048636,16.733083974491866,18.358392659412026
1915-11-01,15.61140149040195,14.780664705524766,16.409682502139997
1915-12-01,14.858500212050574,14.032115871114211,15.661783566546754
1916-01-01,15.048313610513159,14.215549290727868,15.855779802385024
1916-02-01,15.657109667525821,14.839041646143963,16.457501598080174
1916-03-01,18.007219528845834,17.182272450770242,18.791724737298814
1916-04-01,19.963312659636916,19.132075494154794,20.758536676562223
1916-05-01,22.315702728976333,21.491101026978626,23.176142420009835
1916-06-01,20.659038590107507,19.832728811335027,21.428611769752482
1916-07-01,20.124599909994632,19.299568259966122,20.907084794445904
1916-08-01,19.20644612889202,18.401899362168724,19.975412730682176
1916-09-01,19.039162951289807,18.257151169406974,19.867381086344317
1916-10-01,17.677279081984615,16.877923238485,18.474624856589248
1916-11-01,15.735332463327168,14.921215788193258,16.549666234467498
1916-12-01,14.98834193622471,14.172609194306228,15.803263648913108
1917-01-01,15.178080168654544,14.373222686332923,16.001393191347475
1917-02-01,15.77658051439893,14.984838255143131,16.607333371785774
1917-03-01,18.13499749355681,17.326767845810906,18.928739249445158
1917-04-01,20.0709425788475,19.256977056129305,20.876865044550094
1917-05-01,22.431585696514972,21.605347701915143,23.29306420887409
1917-06-01,20.76539389328106,19.959056082325944,21.547056609342317
1917-07-01,20.230880789561137,19.430620975409184,21.025909523748407
1917-08-01,19.306109044958088,18.522146322642058,20.0958058903448
1917-09-01,19.143124720540996,18.36307742887846,19.967242638491786
1917-10-01,17.781688672445554,16.99126117870795,18.592792902087755
1917-11-01,15.834213948445779,15.034114919817851,16.649954345015047
1917-12-01,15.089125990188906,14.273345325570691,15.928669144450186
1918-01-01,15.281231010487744,14.481806006811336,16.114823964188346
1918-02-01,15.882135182016274,15.090541466776447,16.709378534793107
1918-03-01,18.24443333612122,17.44891901599842,19.051645894742343
1918-04-01,20.168304214319996,19.361020156529914,20.98477184550115
1918-05-01,22.53481394530182,21.7166965448604,23.403667859489467
1918-06-01,20.87284447656465,20.055199162488258,21.66511821626701
1918-07-01,20.339601843972492,19.546811166621026,21.138912143416306
1918-08-01,19.420201029223087,18.613192624416296,20.208498551113628
1918-09-01,19.243746327907992,18.471513522790236,20.078941242898345
1918-10-01,17.878504601942414,17.08077702870824,18.68677482922237
1918-11-01,15.934385660175227,15.127765322163627,16.738081506233232
1918-12-01,15.18041972241042,14.378893057836246,16.026876678104465
1919-01-01,15.373359972754393,14.573228891004224,16.19202671385566
1919-02-01,15.973861078675338,15.190427100089892,16.785821849263446
1919-03-01,18.342664951643965,17.55717327033669,19.14750122141212
1919-04-01,20.26186409812495,19.468984377025656,21.07303939044011
1919-05-01,22.626674924128306,21.81753846628362,23.50747174263523
1919-06-01,20.968731533870603,20.167393538491908,21.76981084211231
1919-07-01,20.454583513432777,19.655921399723546,21.23837991516466
1919-08-01,19.52129342843437,18.722449536292103,20.316979967407672
1919-09-01,19.34866949066138,18.583911933848647,20.176991230366955
1919-10-01,17.983180149636205,17.197850394317474,18.80393868588452
1919-11-01,16.030808313814962,15.24154484421486,16.84801372557582
1919-12-01,15.286149474683395,14.484859121232555,16.127468940921755
1920-01-01,15.469891143085178,14.677922459296317,16.296345092274347
1920-02-01,16.056401440737602,15.285676244103344,16.865160624959113
1920-03-01,18.436629719192304,17.657742613214612,19.248712286682963
1920-04-01,20.35482457386238,19.563008607542077,21.160895776845233
1920-05-01,22.714512819698385,21.908576098824604,23.61874448290805
1920-06-01,21.06835533271716,20.272495708989354,21.872247842374886
1920-07-01,20.55858392154054,19.773925754122125,21.361707701027438
1920-08-01,19.62611551992306,18.822621616490036,20.44530922235168
1920-09-01,19.460855915929045,18.692757581034318,20.313019345208765
1920-10-01,18.11051820035066,17.32197513450597,18.96504407042612
1920-11-01,16.169765302438655,15.370171217832025,17.016617162928505
1920-12-01,15.432045752217944,14.610606750743127,16.315212685439892
1921-01-01,15.623016869262472,14.818443733363882,16.486495405213486
1921-02-01,16.22017461125471,15.426733870260781,17.089147670323317
1921-03-01,18.6064826761738,17.8026955817079,19.476853630796608
1921-04-01,20.518084567714673,19.698302991069436,21.398438898250877
1921-05-01,22.88876548581033,22.052001277129992,23.833648068538015
1921-06-01,21.229809751906537,20.41117625536258,22.11490083234979
1921-07-01,20.727032324841485,19.91041015321824,21.60410939229635
1921-08-01,19.7900940047632,18.954575944745972,20.666495324995466
1921-09-01,19.60621662860761,18.8022006489179,20.5166990556118
1921-10-01,18.24580696753057,17.431552099325877,19.16868317468098
1921-11-01,16.295204262342168,15.463109864927883,17.2122622449656
1921-12-01,15.534309031065682,14.708670782321436,16.484863471026326
1922-01-01,15.72100469111853,14.890385736631044,16.639841118757552
1922-02-01,16.30053497261808,15.483330245409727,17.230025086286343
1922-03-01,18.674009395107767,17.870550836693557,19.59764274790104
1922-04-01,20.573377372164053,19.750517503863595,21.48248474788946
1922-05-01,22.920313757296544,22.092831770438313,23.867283357224178
1922-06-01,21.243821045747776,20.42962819013186,22.122731006390286
1922-07-01,20.727625932376185,19.9153441989269,21.589907398792292
1922-08-01,19.763685892000943,18.95599864459733,20.62423248390414
1922-09-01,19.56863750285678,18.77272886749197,20.4521649632234
1922-10-01,18.199071416541063,17.3933608082184,19.057582481023033
1922-11-01,16.2349883286144,15.429246741144405,17.09752350891987
1922-12-01,15.473845204680877,14.658281423417662,16.35127754763631
1923-01-01,15.645313998785173,14.842515864671844,16.499883011135395
1923-02-01,16.22699991096014,15.42732284287607,17.073100429573934
1923-03-01,18.614969401108553,17.83061955123903,19.46513492824803
1923-04-01,20.5125330980916,19.690854756415273,21.34366636569356
1923-05-01,22.85375711871137,22.030902002903584,23.764138454353553
1923-06-01,21.1966669649223,20.385939447239153,22.02474133507628
1923-07-01,20.68775963566726,19.890743425678327,21.504289102233294
1923-08-01,19.729185901566286,18.935470983144953,20.55680956705417
1923-09-01,19.52828544532852,18.751354875291327,20.386299049347333
1923-10-01,18.16254427057568,17.36950868706501,19.005114543567508
1923-11-01,16.222225900229795,15.411714143860388,17.063888557185088
1923-12-01,15.455864989440554,14.640799915467126,16.308466302912063
1924-01-01,15.625808390649357,14.822750332350934,16.461888742038667
1924-02-01,16.197998891278296,15.394298865054871,17.02211379973376
1924-03-01,18.586796510812967,17.814600630679518,19.421624195346418
1924-04-01,20.479993846975795,19.663641366474735,21.28416965223708
1924-05-01,22.80120393246742,21.99463878684905,23.684018106150496
1924-06-01,21.1557454838855,20.341117175520825,21.976910381358792
1924-07-01,20.64666917851394,19.85547123478984,21.440724404703616
1924-08-01,19.68742258319181,18.89295490894937,20.483308862631432
1924-09-01,19.481570409680938,18.711784515888613,20.31664883618461
1924-10-01,18.120221402545795,17.32473056730214,18.939828743944545
1924-11-01,16.180388810060315,15.378610013353924,16.986270477362236
1924-12-01,15.412778209881335,14.607325836804991,16.220133950138887
1925-01-01,15.581496732063753,14.776019723158877,16.376836879784694
1925-02-01,16.15136800971004,15.367263197308175,16.9380476686598
1925-03-01,18.557461547118187,17.778083160881923,19.371855132340524
1925-04-01,20.447352379152633,19.64380614712952,21.226688611329426
1925-05-01,22.770462348773172,21.97315089178148,23.637890455004573
1925-06-01,21.148905917412527,20.33639121229924,21.93478240013259
1925-07-01,20.6360885180663,19.855715090932197,21.42124969581256
1925-08-01,19.680459128685005,18.897292252245435,20.46190119688182
1925-09-01,19.481392138297227,18.715770197875976,20.291237202643877
1925-10-01,18.122189957571663,17.330172742137105,18.913697584904394
1925-11-01,16.189413912931677,15.387127535459538,16.984689203459993
1925-12-01,15.423038181653586,14.607942946127364,16.232460313159564
1926-01-01,15.592558910530016,14.795473570454588,16.398716758566856
1926-02-01,16.159535922646487,15.384342366065313,16.952805023011564
1926-03-01,18.58848417899525,17.797968506263924,19.385195140634227
1926-04-01,20.47491187664773,19.676039440475286,21.24088302749907
1926-05-01,22.79030392072135,21.98310815271448,23.631320401049415
1926-06-01,21.179570170601725,20.374692472786954,21.952191661282185
1926-07-01,20.66638754833808,19.88497549379985,21.439574970015904
1926-08-01,19.713644071853835,18.92721096838847,20.489923473932485
1926-09-01,19.516245264229052,18.752866537632855,20.310757745368083
1926-10-01,18.15417644678528,17.362842653210443,18.944110483192283
1926-11-01,16.22920182411721,15.439705781760063,17.012749085285453
1926-12-01,15.452638739792924,14.651950403504399,16.262339784734923
1927-01-01,15.634027303373593,14.852945253019254,16.423777804652552
1927-02-01,16.214807850453433,15.44952121093264,17.002517999586225
1927-03-01,18.655261566030955,17.87627215582876,19.443341116388606
1927-04-01,20.535114926457773,19.742184908144793,21.31742831687425
1927-05-01,22.85425309136913,22.05127693382073,23.694125266410616
1927-06-01,21.258294684658907,20.470353019845522,22.04242378164819
1927-07-01,20.749347913614425,19.973334071601943,21.5329711579283
1927-08-01,19.803204960093442,19.020667854295656,20.598809278885433
1927-09-01,19.611207887333627,18.84587702957461,20.41203265708474
1927-10-01,18.255318363997894,17.4728713592761,19.049787223610124
1927-11-01,16.341838856429252,15.552348623069804,17.15438292827661
1927-12-01,15.572981239008914,14.780064648156925,16.432045497583214
1928-01-01,15.757036911107539,14.978977265344774,16.59040635415894
1928-02-01,16.330293745959622,15.569024854753517,17.149750222432942
1928-03-01,18.78372722240651,18.005540709656408,19.59959306341063
1928-04-01,20.668771848203995,19.87254252710716,21.484547883873898
1928-05-01,22.970707261827634,22.175031770875115,23.838882262192122
1928-06-01,21.394094304268233,20.603511746898544,22.214442690717576
1928-07-01,20.86862563765382,20.08588179933209,21.700678181322093
1928-08-01,19.927561473091238,19.144262649883032,20.767811590046943
1928-09-01,19.72614766826057,18.958924278213885,20.580483074296673
1928-10-01,18.361804398765855,17.57384780141799,19.213910170241103
1928-11-01,16.44953358742834,15.643337392977877,17.29627988338515
1928-12-01,15.671797195269452,14.875729082274923,16.571717860324558
1929-01-01,15.852768733778584,15.064999307174123,16.711603734103516
1929-02-01,16.413623063894676,15.639170096968932,17.269654948536495
1929-03-01,18.86762144773489,18.085467573819972,19.724820890990436
1929-04-01,20.735912941695936,19.93153730006173,21.57894583873113
1929-05-01,23.014316260259797,22.22349504833453,23.90145679817595
1929-06-01,21.443302323792196,20.664407952308526,22.263399148415324
1929-07-01,20.898564296086047,20.121090151637596,21.725365861367795
1929-08-01,19.949050331639796,19.17676582704281,20.763928522917006
1929-09-01,19.731188669692262,18.971555617403446,20.55166718614005
1929-10-01,18.349155246032062,17.579837604751813,19.17130230096832
1929-11-01,16.430460810465526,15.635385606564736,17.223786306137512
1929-12-01,15.643046997183962,14.84972065558977,16.487830607855656
1930-01-01,15.809448871546842,15.036805707525666,16.62483113116713
1930-02-01,16.361851730287604,15.591499765686837,17.1829512657032
1930-03-01,18.823759218181763,18.063744026755806,19.63130024741048
1930-04-01,20.69056727721209,19.889524471560094,21.478289051014592
1930-05-01,22.953139431024425,22.182535687161405,23.790025929239373
1930-06-01,21.4036052260505,20.639539718749955,22.189769582794202
1930-07-01,20.854414272971532,20.08789350243068,21.649450722282083
1930-08-01,19.917466166771433,19.138899020296982,20.708575040004817
1930-09-01,19.68908705662202,18.92270836417518,20.51133720702604
1930-10-01,18.332774023526913,17.55155867452244,19.144365294266635
1930-11-01,16.40824358662625,15.633027695623072,17.20929804295404
1930-12-01,15.633086098785528,14.830761476511201,16.462620922769876
1931-01-01,15.808549118117114,15.02641366114235,16.617157210120364
1931-02-01,16.357636772223525,15.577551891108365,17.166858354250323
1931-03-01,18.82441953656599,18.05943234465776,19.629967700868878
1931-04-01,20.69410138056952,19.88766218384377,21.489682660903647
1931-05-01,22.943450683974785,22.16008512282566,23.776341318146383
1931-06-01,21.407417213795274,20.633846515076684,22.20107735856383
1931-07-01,20.850122610188563,20.076769573429768,21.64219552830666
1931-08-01,19.920411400911902,19.130845646134315,20.70792788196876
1931-09-01,19.68718191541053,18.906268257146696,20.49419370685712
1931-10-01,18.328169137023913,17.53479601864637,19.13319425561557
1931-11-01,16.397220852248395,15.617235441841686,17.202353825514496
1931-12-01,15.624969874351127,14.826406666220318,16.443276666085374
1932-01-01,15.783755861527707,14.998739278918597,16.60368375177599
1932-02-01,16.336518519509724,15.555616379150786,17.13631117011021
1932-03-01,18.80443046566006,18.026036855931956,19.592263225359297
1932-04-01,20.66745697516037,19.86301166492918,21.439980677651207
1932-05-01,22.90005072297786,22.118013050061023,23.711211586413423
1932-06-01,21.3853828187792,20.617164462941968,22.154597659295796
1932-07-01,20.813597170912324,20.049235886469162,21.586808950776927
1932-08-01,19.877178599040057,19.11697236811701,20.654731947528337
1932-09-01,19.630152034284112,18.871000664121777,20.41836215616419
1932-10-01,18.274742971367353,17.504547404802157,19.06822043473244
1932-11-01,16.35295993334149,15.57276970146595,17.148010466476865
1932-12-01,15.5835825593863,14.789179211132188,16.391287160643675
1933-01-01,15.748415306532348,14.969107723526946,16.54577060070726
1933-02-01,16.29985356398197,15.525263823936223,17.081444983042026
1933-03-01,18.769863186927346,18.00234721826711,19.565608564637067
1933-04-01,20.641919812151343,19.83821523249198,21.410625104613246
1933-05-01,22.86281284505637,22.0704108420251,23.662081398053576
1933-06-01,21.365847617196167,20.580996391650423,22.137168042515626
1933-07-01,20.790270385768267,20.01424072082688,21.56419881390249
1933-08-01,19.852863162807942,19.077954596894497,20.625450647907513
1933-09-01,19.604645881647542,18.828941366891197,20.410045785835646
1933-10-01,18.25261386990516,17.472715335584294,19.036820410337935
1933-11-01,16.32844945418615,15.543074269763231,17.11245763080839
1933-12-01,15.551442566798036,14.746280409670867,16.355332304608854
1934-01-01,15.711455719282664,14.916550839600948,16.500239535752968
1934-02-01,16.263987181056457,15.468116814550848,17.04181853964063
1934-03-01,18.730334574800267,17.958243405416276,19.52124735445291
1934-04-01,20.604844709812845,19.797481367087393,21.380437687813096
1934-05-01,22.812189231353855,22.02438477323918,23.61000193247875
1934-06-01,21.330776781098223,20.5452021948339,22.100392095902027
1934-07-01,20.754375851519995,19.96514572553941,21.528929428807732
1934-08-01,19.817018524680204,19.042493798781216,20.581123001827407
1934-09-01,19.56245275313046,18.786165379068432,20.369888144262845
1934-10-01,18.213116567834224,17.422776225180833,19.002733990542396
1934-11-01,16.29472923854353,15.49195707847784,17.070453430921567
1934-12-01,15.523544566306992,14.718646854618182,16.30280693857507
1935-01-01,15.680139558710108,14.880336544559704,16.48377265571071
1935-02-01,16.235711610396717,15.442974201128775,17.02345464674648
1935-03-01,18.713320594794546,17.93784573352664,19.495030356370254
1935-04-01,20.58426197541247,19.788714092668563,21.364924937541232
1935-05-01,22.77661807632976,22.00572429834212,23.581100166876265
1935-06-01,21.323956565724018,20.530150210550044,22.09134721325985
1935-07-01,20.738546583590086,19.95417641710155,21.504420165199235
1935-08-01,19.80330147948851,19.01856865999428,20.575748851371518
1935-09-01,19.55065820035631,18.76866255349443,20.35566640128979
1935-10-01,18.203102244338382,17.40403604723035,18.986636919744225
1935-11-01,16.284432745765237,15.483178725505832,17.059264286203977
1935-12-01,15.507309737587892,14.700573884518672,16.302989694750273
1936-01-01,15.656581508742924,14.8621221653718,16.452452255438416
1936-02-01,16.211920667862096,15.40751880583921,17.00071448643105
1936-03-01,18.691749748708673,17.88854734904677,19.481120861243657
1936-04-01,20.555368089484148,19.757572682558415,21.33034760147365
1936-05-01,22.74003845482545,21.950360120460953,23.542804043804498
1936-06-01,21.30441475928408,20.50165502614564,22.057151403166372
1936-07-01,20.704806332731813,19.900394249442243,21.46123392530474
1936-08-01,19.77268821425156,18.96565450426859,20.538143771700927
1936-09-01,19.511119342149836,18.707076439475937,20.30634165342611
1936-10-01,18.163225830515845,17.349603730957675,18.94148393132406
1936-11-01,16.239300449609715,15.41765397755638,17.01561528158318
1936-12-01,15.461229865270308,14.64400787671266,16.25950744620989
1937-01-01,15.60626312222832,14.791403900790208,16.39953771398154
1937-02-01,16.158195429382136,15.344232031414046,16.94629206310183
1937-03-01,18.645984043574273,17.834698156388505,19.434911784541523
1937-04-01,20.523647010370425,19.69538745866309,21.28278924666537
1937-05-01,22.69930857377802,21.88857751837996,23.481122525924302
1937-06-01,21.28270843841105,20.485091129174847,22.044708782404847
1937-07-01,20.684657660702086,19.87832102568222,21.451376949277467
1937-08-01,19.764837266890826,18.949969969212464,20.529898267079524
1937-09-01,19.50411092778687,18.693703773145447,20.316984563223798
1937-10-01,18.171225849320436,17.371914855562007,18.949895364864425
1937-11-01,16.257918467762835,15.441537518126133,17.041221201714386
1937-12-01,15.502486952612268,14.686224923823488,16.297266423292896
1938-01-01,15.652361485475142,14.845852856026676,16.454105212920986
1938-02-01,16.21243409947472,15.405603213062552,17.004377636015857
1938-03-01,18.711698042047566,17.919564404534,19.50088310209505
1938-04-01,20.60061374884014,19.793728168012187,21.361260250775395
1938-05-01,22.765661545477194,21.973181212927326,23.54378275457762
1938-06-01,21.365528633076984,20.583741034071114,22.11727173993426
1938-07-01,20.7644047636612,19.988158916927063,21.532448346822807
1938-08-01,19.84291536619753,19.061546377900672,20.62077708046061
1938-09-01,19.583278737592714,18.797020023027507,20.39554232284002
1938-10-01,18.253657822957138,17.46086243741081,19.04130515905453
1938-11-01,16.33703421065559,15.534445281341117,17.12134074926705
1938-12-01,15.582400522663889,14.766629320195912,16.390076976292324
1939-01-01,15.720291423982987,14.928135014558721,16.527392764387095
1939-02-01,16.289903816923463,15.49514966808183,17.078917685037133
1939-03-01,18.790702443996018,18.001597486966933,19.59093890480615
1939-04-01,20.678905104718822,19.891024405122497,21.44806270433103
1939-05-01,22.823370949344643,22.044369163219393,23.618319021033038
1939-06-01,21.450757331433987,20.665823941620562,22.22176442022462
1939-07-01,20.84564009271911,20.063146456341116,21.62080234505779
1939-08-01,19.92192246574735,19.131272673291214,20.72561296493695
1939-09-01,19.656818915974167,18.86638372393551,20.494991635622526
1939-10-01,18.33568249931689,17.52929637175528,19.17443854021447
1939-11-01,16.417686256090718,15.615306955338223,17.256297058553997
1939-12-01,15.667942756717812,14.83305074156395,16.51730052069249
1940-01-01,15.803209996727425,14.98491583155492,16.657557931118145
1940-02-01,16.37057801728014,15.555195576355723,17.234893673632552
1940-03-01,18.868739491734022,18.06262661893041,19.721068407415434
1940-04-01,20.74968919389513,19.957547751978034,21.587623410375787
1940-05-01,22.878879124121795,22.08678814494516,23.715356265064433
1940-06-01,21.51438093360157,20.712351419397628,22.331322219414794
1940-07-01,20.901216298973964,20.12132331240217,21.726466543014418
1940-08-01,19.976381234637934,19.18204341494921,20.825476135841345
1940-09-01,19.702062898289995,18.899709015613613,20.569997437786615
1940-10-01,18.389672953741062,17.56017919696079,19.252638703970486
1940-11-01,16.457872780322887,15.640188044103677,17.32800317782129
1940-12-01,15.70263754349125,14.864172794469606,16.593472522290288
1941-01-01,15.828253817463391,15.01400965963215,16.714868238965327
1941-02-01,16.397757459527575,15.57662012238043,17.256982050896543
1941-03-01,18.88458437321335,18.092363067866447,19.756169921134425
1941-04-01,20.77770093880819,19.9731299996702,21.614840209496027
1941-05-01,22.890649137793673,22.099856942524003,23.725974082943452
1941-06-01,21.531222057993222,20.726244296926435,22.361893193764523
1941-07-01,20.914515950720165,20.14241503748935,21.742496018031048
1941-08-01,19.982252496356175,19.184175766231352,20.79081354890736
1941-09-01,19.690935442519297,18.89812451108942,20.527973772200482
1941-10-01,18.3816740290763,17.594912903395826,19.210879843916963
1941-11-01,16.450414415976205,15.654235485592872,17.278339242335782
1941-12-01,15.692051593247438,14.866880357380271,16.525135041235973
1942-01-01,15.804213821503744,15.0053263738427,16.645444606801476
1942-02-01,16.364040314189772,15.572799999670858,17.16929677509407
1942-03-01,18.85866960088842,18.087882887990425,19.657279490921315
1942-04-01,20.75317803712007,19.96938940440821,21.53175834011171
1942-05-01,22.842015729211234,22.061464446670133,23.62477679690788
1942-06-01,21.49738842321798,20.733488094451552,22.24286871801383
1942-07-01,20.874850730560333,20.098816190535732,21.64604195941927
1942-08-01,19.949314626757314,19.160240495537987,20.70515258886945
1942-09-01,19.64367834904402,18.86304343252534,20.444431711187793
1942-10-01,18.343788960567704,17.56092088748942,19.127705440493624
1942-11-01,16.41641759113068,15.61818073060114,17.18750224831701
1942-12-01,15.665742497534016,14.854426146684665,16.457695473258088
1943-01-01,15.787878636926244,14.982430557966973,16.593090573256198
1943-02-01,16.345535055060683,15.551924401739983,17.13881434267538
1943-03-01,18.85724891840239,18.067242713553146,19.63351869943979
1943-04-01,20.756098844994256,19.966086155129087,21.53112140361641
1943-05-01,22.84578013883731,22.05359210550341,23.622621405444605
1943-06-01,21.511747428990912,20.75127238894113,22.251940985560132
1943-07-01,20.909855530679177,20.106662510319687,21.682207777648546
1943-08-01,19.98923745794678,19.183186458123103,20.770457548221593
1943-09-01,19.67806593828677,18.888887967774185,20.488608691417515
1943-10-01,18.39283152109052,17.5975057146503,19.19497606815809
1943-11-01,16.461996611589402,15.662800177276798,17.242949353585438
1943-12-01,15.710370816389158,14.909143403571356,16.519143553530665
1944-01-01,15.843032320788005,15.023750875849535,16.645152308613834
1944-02-01,16.409194362416223,15.607644898587012,17.20915074034817
1944-03-01,18.91677089495378,18.132366614017243,19.703687566682646
1944-04-01,20.826350641520737,20.03379820887642,21.606177595318425
1944-05-01,22.89741423344044,22.117192307395907,23.679072662732803
1944-06-01,21.57770331526124,20.830986326033425,22.31762122025002
1944-07-01,20.96560721566268,20.17497443779228,21.753088618682842
1944-08-01,20.04698934089462,19.244017863528956,20.819520635970832
1944-09-01,19.724642145267627,18.932328881876916,20.521050011246974
1944-10-01,18.45647953010231,17.658948001794617,19.272491981241142
1944-11-01,16.521949322779818,15.735165777841827,17.302741826913948
1944-12-01,15.771239023580762,14.978223522565568,16.589943151937316
1945-01-01,15.90306868331118,15.093189792023935,16.714041405050608
1945-02-01,16.463282062476864,15.686812397647246,17.274240565769713
1945-03-01,18.981333121310968,18.1867995487138,19.788357806400718
1945-04-01,20.906172868720592,20.109958470584907,21.699586666067308
1945-05-01,22.966922199472563,22.181290142077604,23.7744661955794
1945-06-01,21.678950637965286,20.945143331763532,22.406422599907295
1945-07-01,21.059033199608706,20.26642997920331,21.875464516626117
1945-08-01,20.147081430479382,19.344013318054763,20.94758843175121
1945-09-01,19.819186591055686,19.02520945820583,20.638914066580945
1945-10-01,18.564964185019914,17.77287695238649,19.39629884301306
1945-11-01,16.630223940932346,15.846374751262717,17.438259434241203
1945-12-01,15.886550084523943,15.073693769424782,16.731846860984938
1946-01-01,16.01185221656321,15.196451129590535,16.84037547709834
1946-02-01,16.580159534217408,15.78834285963052,17.422580034353885
1946-03-01,19.091100693250283,18.294122354643857,19.920737728036443
1946-04-01,21.009580645436152,20.225540422453175,21.851122820627083
1946-05-01,23.05103133462471,22.242394545220524,23.88548363830963
1946-06-01,21.774053167749027,21.03871728490529,22.52166743791041
1946-07-01,21.14511532039478,20.350860960131612,21.981444405494827
1946-08-01,20.229493226449705,19.41868663895899,21.07763954551082
1946-09-01,19.89175574563616,19.087067785296572,20.736131361753465
1946-10-01,18.653897595739203,17.834948087801905,19.515173734527608
1946-11-01,16.699905609170404,15.905378326561838,17.548294122059275
1946-12-01,15.956993930797973,15.130102021848764,16.832202489444683
1947-01-01,16.077981178305897,15.26410705488617,16.933508120352155
1947-02-01,16.646295643812216,15.838477689054818,17.506255709968922
1947-03-01,19.152423053848675,18.342900419378296,19.997778099671958
1947-04-01,21.07389444873578,20.26764533029079,21.926758116912097
1947-05-01,23.09415257254353,22.257194691985703,23.947603946886144
1947-06-01,21.82680651077554,21.09167365746242,22.587688023587482
1947-07-01,21.185915229682553,20.367758387910683,22.045995408485986
1947-08-01,20.264340823418237,19.438725634155688,21.120925445583357
1947-09-01,19.903123859531394,19.09055639966105,20.764436173101213
1947-10-01,18.663010726627313,17.831088034675197,19.52177675709243
1947-11-01,16.69438248507892,15.892958569654319,17.529225738021484
1947-12-01,15.94110465216163,15.102104494566376,16.810335724203046
1948-01-01,16.050791801138672,15.224435449248583,16.893759868068624
1948-02-01,16.612474918935867,15.800309126203356,17.465742727483168
1948-03-01,19.10289201038445,18.303017956228885,19.95573870625188
1948-04-01,21.033692712687387,20.22326868728573,21.878078145533713
1948-05-01,23.03385764870352,22.218194937408054,23.87144976000008
1948-06-01,21.772593944148046,21.029650663203505,22.53340062121319
1948-07-01,21.13806989843769,20.3154026812761,21.982750927437777
1948-08-01,20.208660419560083,19.39481969203772,21.035259924586608
1948-09-01,19.841170187706467,19.037990418512067,20.66734421751935
1948-10-01,18.6032045532523,17.80265767953873,19.44576073830521
1948-11-01,16.628232159415116,15.841508992663528,17.44547800881871
1948-12-01,15.87763780124768,15.069539595775128,16.735385829337574
1949-01-01,15.985696500230345,15.176390316816049,16.81248842851143
1949-02-01,16.544663448351837,15.768168286997657,17.38528993200512
1949-03-01,19.03153162279651,18.245256590442306,19.876288946458708
1949-04-01,20.96207346015606,20.17538632762562,21.7864487875816
1949-05-01,22.943421431185975,22.141798526048646,23.767372498602523
1949-06-01,21.681669927295587,20.942357965915193,22.43740559869208
1949-07-01,21.044082802502707,20.248368632648432,21.869966242780972
1949-08-01,20.104405683209748,19.301659542553484,20.914630714485856
1949-09-01,19.718732650190038,18.930819020249675,20.52282043779876
1949-10-01,18.48876628085248,17.694593401584434,19.301629361833392
1949-11-01,16.50342676333137,15.73454818806159,17.312224532689093
1949-12-01,15.75115952389778,14.943155193961658,16.574094821930526
1950-01-01,15.851449922475183,15.058878167253905,16.64766824659413
1950-02-01,16.416046482874812,15.631608911953752,17.214176733519096
1950-03-01,18.891502772599953,18.095190130199725,19.697297947322323
1950-04-01,20.827737831337387,20.03775039177667,21.615623906270397
1950-05-01,22.791220144422596,21.984121674130982,23.57664081746851
1950-06-01,21.533462056242662,20.787713168172584,22.257340087872592
1950-07-01,20.899944470874566,20.10224872248506,21.680052485525707
1950-08-01,19.963684523801284,19.151964007062944,20.740295919813935
1950-09-01,19.56444882188714,18.770695025586658,20.345651111618096
1950-10-01,18.352297203411283,17.554914712797142,19.138287340311862
1950-11-01,16.36430023659159,15.577961767735697,17.14055791853475
1950-12-01,15.607938679400075,14.801098963063009,16.41526581382572
1951-01-01,15.709404090100762,14.897455718235596,16.48200995034294
1951-02-01,16.284548970739813,15.492516940927487,17.060907890942712
1951-03-01,18.77331374337397,17.970896921848862,19.559356280906144
1951-04-01,20.726380821058918,19.92462866844867,21.500690719842108
1951-05-01,22.6893909954947,21.888305524329965,23.460344209746264
1951-06-01,21.44989798151849,20.691030859277983,22.178458452801067
1951-07-01,20.831484621918893,20.048895596765906,21.60733361187766
1951-08-01,19.90611533055028,19.096684088056094,20.678033307728885
1951-09-01,19.510014725707414,18.72109196979318,20.28768846864238
1951-10-01,18.309761843215945,17.534266095539966,19.099663287283324
1951-11-01,16.341881529813392,15.550555861286503,17.106688945434662
1951-12-01,15.594095000797852,14.80639017854289,16.403644404908825
1952-01-01,15.709930279186082,14.916861203425075,16.494265150456332
1952-02-01,16.2897027744975,15.52623259694701,17.068620080856242
1952-03-01,18.77370484645393,17.99188047742643,19.56715698275378
1952-04-01,20.732264331315196,19.959505516227594,21.51235229466269
1952-05-01,22.698140944466523,21.910079992414254,23.46596261151482
1952-06-01,21.46341353596736,20.717656122007718,22.199224673865587
1952-07-01,20.848848298396707,20.084200053683055,21.627145457072164
1952-08-01,19.928149852762544,19.149650372982954,20.715690859864846
1952-09-01,19.516744643995615,18.75573438674568,20.316047319841097
1952-10-01,18.329649151801664,17.5582963033887,19.12156392318373
1952-11-01,16.358185877610264,15.582981855439956,17.138188714907777
1952-12-01,15.605168776319967,14.824661021109355,16.43382141203915
1953-01-01,15.718393972677365,14.938862666265704,16.519755210716408
1953-02-01,16.301456164166147,15.523943826021432,17.085142000221495
1953-03-01,18.779341125576938,18.006451436636194,19.58017284437882
1953-04-01,20.732276683682162,19.968531005655343,21.528792998479073
1953-05-01,22.692892906576745,21.90935490775559,23.47482505692051
1953-06-01,21.44980038009637,20.703005605987762,22.2051993902949
1953-07-01,20.841057144554437,20.078975906458716,21.616344366524192
1953-08-01,19.919962467120598,19.13522006042993,20.698809300582955
1953-09-01,19.49281221326739,18.736236553043142,20.286796330367242
1953-10-01,18.309515479870836,17.548257043470645,19.107955201636603
1953-11-01,16.334744785359696,15.556838100650324,17.124495066160822
1953-12-01,15.584944203786335,14.8035703386634,16.40890863072221
1954-01-01,15.69260438311398,14.904236271107548,16.501218413988894
1954-02-01,16.2724895749933,15.516526409760287,17.062255389177977
1954-03-01,18.74658391802071,17.970402183888957,19.550689780672933
1954-04-01,20.709761098939005,19.948160638488822,21.515431714462075
1954-05-01,22.65998343553993,21.872005068731067,23.43909085838931
1954-06-01,21.422879355245694,20.67201959616206,22.189536515772375
1954-07-01,20.813705520785806,20.05241804979145,21.59631292928284
1954-08-01,19.89221272154097,19.110780847216585,20.679266518341198
1954-09-01,19.457540002979933,18.691721783776647,20.25133236201002
1954-10-01,18.286492068536806,17.509187543577973,19.086452586050434
1954-11-01,16.305313605491584,15.533188755810045,17.10863217641552
1954-12-01,15.549208252226897,14.755862065008353,16.383364480985573
1955-01-01,15.662303682180589,14.867085395507296,16.48217837671741
1955-02-01,16.246557112800772,15.488113474248365,17.046996551895102
1955-03-01,18.72277423940404,17.94074427216717,19.542085551607514
1955-04-01,20.69301233038516,19.915916832391865,21.5020898743251
1955-05-01,22.62601641370153,21.8305302724118,23.428788661965264
1955-06-01,21.39319258502693,20.638039653763784,22.171633941197744
1955-07-01,20.781831107012565,20.00957346486534,21.590622278503908
1955-08-01,19.859619989848863,19.070158285708228,20.662756880103824
1955-09-01,19.414894419856196,18.651122240210835,20.223369557965626
1955-10-01,18.247524211452244,17.47696060739772,19.08243831476022
1955-11-01,16.271753295987185,15.474955749946238,17.093206409857498
1955-12-01,15.506645426891787,14.711967888039858,16.37118925632362
1956-01-01,15.613797690283265,14.818958149734778,16.448289207583365
1956-02-01,16.192782344167533,15.42766462329297,17.012903422813572
1956-03-01,18.657062396512167,17.878360048226675,19.494552640808475
1956-04-01,20.624127641583378,19.853274919772186,21.434163591109915
1956-05-01,22.553230149615338,21.748153339567217,23.361260935284438
1956-06-01,21.32087723460055,20.540008568144017,22.102317578662312
1956-07-01,20.711047178916065,19.9338359159855,21.508825431306327
1956-08-01,19.790842041526133,18.990694646164343,20.58818195749022
1956-09-01,19.33153015241779,18.566975366871635,20.13793414543495
1956-10-01,18.179102697231727,17.392910954248528,18.992504233061332
1956-11-01,16.19424774151871,15.409050185179487,16.994205184193582
1956-12-01,15.430364208011362,14.635411044055394,16.269817793987894
1957-01-01,15.544255009936478,14.753320943601121,16.34485847989461
1957-02-01,16.12192343808961,15.362705661228132,16.909579505169056
1957-03-01,18.589019363796435,17.809823588184717,19.396429853768478
1957-04-01,20.566326768473953,19.800673199218306,21.36301959827429
1957-05-01,22.482849307595956,21.697320602144636,23.276007727509707
1957-06-01,21.27076670582416,20.502182615377574,22.027053352068215
1957-07-01,20.66505348222389,19.905579954420965,21.453260669452632
1957-08-01,19.74017264912954,18.95109983974956,20.51490679173959
1957-09-01,19.26985108949306,18.509519255280324,20.07202136812074
1957-10-01,18.131464798055866,17.35756149979005,18.9334633112564
1957-11-01,16.142371641214613,15.369566571274175,16.936351568269394
1957-12-01,15.375582137052339,14.602778346568128,16.21457033075183
1958-01-01,15.49026324559856,14.698305913619063,16.287563094217585
1958-02-01,16.08094930472378,15.319730630569078,16.85045292892432
1958-03-01,18.53663535152493,17.7611978936972,19.331227668686935
1958-04-01,20.50933215597004,19.75267539262016,21.304415201075496
1958-05-01,22.421539406563895,21.628891710173676,23.19629487819361
1958-06-01,21.211715458358107,20.435578089074966,21.973812748838974
1958-07-01,20.605431051394604,19.84070067661797,21.386393379892265
1958-08-01,19.686858689084502,18.894632891739874,20.458064975080102
1958-09-01,19.21575686450086,18.44152501613014,19.997604679309507
1958-10-01,18.070570447854188,17.299010344586783,18.8641818894615
1958-11-01,16.08685101236137,15.30638867208259,16.8586658774383
1958-12-01,15.31648522135334,14.528920648799422,16.12847812078341
1959-01-01,15.43111417036501,14.638702874068798,16.221255714200574
1959-02-01,16.022931964391184,15.275229253000933,16.775695793917432
1959-03-01,18.474192790037335,17.690970642975696,19.259553429266
1959-04-01,20.463542486520566,19.681036285659445,21.23939803752396
1959-05-01,22.352203576893437,21.553593037089055,23.135545928483626
1959-06-01,21.14777271101483,20.37756097444488,21.914676846733595
1959-07-01,20.54634336065571,19.77414998247141,21.321477184387362
1959-08-01,19.623832755272325,18.833644176055053,20.4027741278404
1959-09-01,19.13690995272692,18.37076864250207,19.910722637642763
1959-10-01,18.00656953267649,17.218431099207457,18.796557479353535
1959-11-01,16.010224387118313,15.219590684673669,16.78472486570949
1959-12-01,15.236942804542762,14.446823637424696,16.040735933436764
1960-01-01,15.347131972513182,14.547217948853165,16.142912438404586
1960-02-01,15.930089158137271,15.16620398552282,16.681233364015746
1960-03-01,18.375729851827906,17.590674810390947,19.16279356691876
1960-04-01,20.361944174304355,19.59404078530263,21.131806342379882
1960-05-01,22.244411411581392,21.42875021434637,23.02227195644867
1960-06-01,21.03444917100059,20.24734477063242,21.797615559861732
1960-07-01,20.426442310965015,19.64151839827016,21.195580552792336
1960-08-01,19.499390643424928,18.699536805696678,20.26300198012856
1960-09-01,18.999333962921316,18.210653451127893,19.762624637738103
1960-10-01,17.873222485480987,17.060063008550333,18.652117029730007
1960-11-01,15.865749484168013,15.066417024150967,16.634929640891936
1960-12-01,15.092983043304267,14.280516725389147,15.907802370891332
1961-01-01,15.202601316196965,14.36050314852437,16.00173135252035
1961-02-01,15.77549950248661,14.976423719845808,16.534867674911276
1961-03-01,18.226795102464116,17.397947188232195,19.012951020931872
1961-04-01,20.228631608597215,19.422938332493363,20.997717231899507
1961-05-01,22.110272343659993,21.280903376134344,22.896796613561722
1961-06-01,20.919732636594645,20.11247510166607,21.692059380433644
1961-07-01,20.335803537227683,19.528316584789142,21.109979555288863
1961-08-01,19.421577815042006,18.60368263624437,20.190627912886516
1961-09-01,18.919543211083507,18.129038501291756,19.68419873069085
1961-10-01,17.825614423391613,17.021497953740322,18.60052035346807
1961-11-01,15.835294544813776,15.043606324551536,16.602378970413053
1961-12-01,15.08958967155233,14.271387629107108,15.894931083582149
1962-01-01,15.210545044891955,14.400165139270452,16.019735635031104
1962-02-01,15.790755077668369,15.031190548131873,16.562789224772022
1962-03-01,18.261970447881207,17.472535702835593,19.050650921362376
1962-04-01,20.28656316273909,19.509729419422598,21.06214861238003
1962-05-01,22.163574213705438,21.340357074620563,22.96614608829031
1962-06-01,20.98026584962458,20.18274519270562,21.79556617917583
1962-07-01,20.39733426138901,19.6088665778278,21.20856226425204
1962-08-01,19.49451210643415,18.684191043477913,20.306055601064667
1962-09-01,18.990255407201055,18.191295131413817,19.794156235041175
1962-10-01,17.901574305755442,17.084274434754242,18.744627945371395
1962-11-01,15.912606391940642,15.086864055456328,16.765754944398665
1962-12-01,15.15266151598701,14.29126759421241,16.029027675546114
1963-01-01,15.269224619118598,14.426307629958696,16.146955507787034
1963-02-01,15.845271005611878,15.047081816983354,16.71106257358493
1963-03-01,18.31740132399767,17.498077380165263,19.171127618243712
1963-04-01,20.34067151142205,19.541745864313132,21.190039454598853
1963-05-01,22.20576183056839,21.37774645425716,23.069742334645486
1963-06-01,21.024537780753207,20.200589981826464,21.890716592092378
1963-07-01,20.443356050505244,19.63126437903385,21.305382370904592
1963-08-01,19.541859373245217,18.721498579056025,20.39699517466313
1963-09-01,19.01410746758802,18.19676202765204,19.862983403776365
1963-10-01,17.93231589614045,17.12091339987993,18.809746623078244
1963-11-01,15.945348620821843,15.130838811290792,16.81214805473062
1963-12-01,15.179505657642771,14.317381883647526,16.079122028453668
1964-01-01,15.309832836855158,14.475572882386997,16.210578043706395
1964-02-01,15.88418829914093,15.080245667592848,16.759349262608655
1964-03-01,18.353362609461918,17.52113493694822,19.22275687541877
1964-04-01,20.374374267149328,19.58120880697153,21.23249287597817
1964-05-01,22.232033148224858,21.409614311244738,23.106423167403786
1964-06-01,21.047043277049795,20.240619871655927,21.91087692643172
1964-07-01,20.47204159058859,19.671069643444948,21.335615516433872
1964-08-01,19.56240352364012,18.75737270211951,20.42863074665357
1964-09-01,19.00623507716999,18.214076926106607,19.854228118361153
1964-10-01,17.938902355213685,17.13783368162496,18.819079751328907
1964-11-01,15.944441468637883,15.14802819915796,16.792438141333108
1964-12-01,15.164187424546377,14.321113118177557,16.03963597368058
1965-01-01,15.288312820346809,14.475528073754925,16.1586684773272
1965-02-01,15.856594760782464,15.05576654788237,16.70467006985695
1965-03-01,18.317626832500046,17.51400846789151,19.16166725771829
1965-04-01,20.345773549760295,19.56007761710604,21.1881467415118
1965-05-01,22.185581822041087,21.38702299150493,23.043391811974775
1965-06-01,21.006232050751066,20.218256791145194,21.834702959729064
1965-07-01,20.430904186146304,19.638293043125216,21.26262680334803
1965-08-01,19.52984047146316,18.73424023812849,20.37174454670605
1965-09-01,18.961211392008636,18.171808246508235,19.78931520025181
1965-10-01,17.90406965128129,17.10160848011601,18.767675100978202
1965-11-01,15.909869645619763,15.115202222590364,16.73990949547823
1965-12-01,15.126555885855417,14.299519769306565,15.99305266971367
1966-01-01,15.260941248163682,14.450105682613158,16.122234218319072
1966-02-01,15.816158903859437,15.030907955771184,16.657905284540902
1966-03-01,18.27542405490194,17.486614429315598,19.11584611773174
1966-04-01,20.326183957845238,19.54397623150471,21.1355341070097
1966-05-01,22.154453291995157,21.345228300555316,22.994209422781157
1966-06-01,20.974512441316925,20.194243972354943,21.786142174360428
1966-07-01,20.398738673967717,19.61566923723212,21.216064236047487
1966-08-01,19.5029552692397,18.70709189946676,20.31972626083771
1966-09-01,18.91727360934071,18.130522541623616,19.734201381750236
1966-10-01,17.868299625547543,17.064148424694114,18.707360421012798
1966-11-01,15.874055424576236,15.085777823613805,16.69292323525666
1966-12-01,15.08375425921431,14.26347474123497,15.941184885576025
1967-01-01,15.225271024997912,14.408773726940233,16.066522546659662
1967-02-01,15.774602289512535,14.976444601791242,16.591921555129634
1967-03-01,18.23490692744133,17.448802040728495,19.043681333265564
1967-04-01,20.28203752947756,19.494056157055187,21.098617035335632
1967-05-01,22.109906503780046,21.299018785298305,22.918296025190376
1967-06-01,20.930705288593614,20.14950342115207,21.738459142650512
1967-07-01,20.3563449831765,19.57239956844065,21.17337896060603
1967-08-01,19.459581031941095,18.66489813454604,20.271408802220176
1967-09-01,18.86898661117555,18.067009223066442,19.660434730411026
1967-10-01,17.828764018456752,17.033968511291683,18.64624558988574
1967-11-01,15.828012419503619,15.032084836010219,16.639766601415886
1967-12-01,15.038591653988306,14.227857114274896,15.876002591469524
1968-01-01,15.185209345416974,14.361017846966483,16.016557949447527
1968-02-01,15.725980285034865,14.936513569966818,16.54477203071988
1968-03-01,18.18988661150776,17.41922508703398,18.985840298790926
1968-04-01,20.234342801827303,19.466600302195875,21.03952291910465
1968-05-01,22.043942455412093,21.256866433810714,22.839020726259562
1968-06-01,20.86556487414067,20.10060887582328,21.654282153151716
1968-07-01,20.288889372024997,19.504243195252123,21.08556701384023
1968-08-01,19.391838025630605,18.596717555479604,20.18980754478382
1968-09-01,18.77991757319178,17.97727066185611,19.55585748542405
1968-10-01,17.742952069942373,16.964032522292513,18.54325787993981
1968-11-01,15.749327501031349,14.972836656525363,16.547786123054316
1968-12-01,14.961836979292602,14.143728879124938,15.766372195979036
1969-01-01,15.106747424994346,14.306914891746336,15.918633836305341
1969-02-01,15.654855878850931,14.864369731527718,16.4529241429043
1969-03-01,18.114872328503008,17.329664358240244,18.920182304613302
1969-04-01,20.170289743127718,19.397706348258545,20.967896411973634
1969-05-01,21.982335271449386,21.183686801561453,22.762821570007592
1969-06-01,20.81547080279621,20.038478771219978,21.61861928911155
1969-07-01,20.24617741781666,19.47091573296177,21.049248131585934
1969-08-01,19.36266549668659,18.563629198003,20.163816001425054
1969-09-01,18.737919699880045,17.93649975962851,19.511683220512992
1969-10-01,17.708694610265916,16.922655527649166,18.5293617817589
1969-11-01,15.710944335740214,14.922871801256228,16.508639653623856
1969-12-01,14.91076650953476,14.09770440705053,15.752041110832769
1970-01-01,15.06703794054181,14.256298153376115,15.889667246020172
1970-02-01,15.597508648829765,14.815977692146744,16.412250050702227
1970-03-01,18.05725302032264,17.265595530142413,18.86234821083103
1970-04-01,20.117585024975178,19.324105850019556,20.91811755000867
1970-05-01,21.91024985046896,21.114816341268646,22.697418540519287
1970-06-01,20.74228244959361,19.957221670228982,21.540814200048125
1970-07-01,20.174622225613923,19.383538720599947,20.97142729516482
1970-08-01,19.289840294012137,18.481354410620956,20.08519333534637
1970-09-01,18.64838555107667,17.849238556107743,19.43116676057675
1970-10-01,17.636995053511757,16.839534146425816,18.449968497418897
1970-11-01,15.633509494275465,14.846467181322762,16.435909233721944
1970-12-01,14.836402624528063,14.031012169597028,15.667002341144379
1971-01-01,14.995921493872135,14.168801892689368,15.814835292215866
1971-02-01,15.534306883902763,14.734225363980613,16.321510150498753
1971-03-01,17.990042630781065,17.175052469946927,18.80705565861957
1971-04-01,20.05072904984864,19.274095953436973,20.85781321753257
1971-05-01,21.840847941345586,21.03903406277596,22.626201888429957
1971-06-01,20.682507545922938,19.88069197363951,21.473524798668848
1971-07-01,20.107354031135376,19.31184094621315,20.903059131796837
1971-08-01,19.227924669330818,18.426885723979424,20.02071119071013
1971-09-01,18.573020119762433,17.763875675539108,19.357545657882284
1971-10-01,17.572628261688987,16.762260624053027,18.378077165462496
1971-11-01,15.565811529323021,14.76763508549799,16.37540338088357
1971-12-01,14.759215991346206,13.952458877937689,15.583444697050151
1972-01-01,14.915121363920317,14.08990677727556,15.725373053883969
1972-02-01,15.448785432003326,14.643802634709044,16.232583943264437
1972-03-01,17.908221410455177,17.108531869207585,18.708202844294664
1972-04-01,19.970042720616398,19.19190562704258,20.76604407138622
1972-05-01,21.749802658935877,20.939458247156775,22.530956792776408
1972-06-01,20.601769406798343,19.802591211085577,21.391928945208303
1972-07-01,20.02789442540707,19.236367421619047,20.808072827971564
1972-08-01,19.14717730876967,18.353688715125344,19.96162687604072
1972-09-01,18.48522825304309,17.672668141688465,19.252274129853824
1972-10-01,17.49099253493877,16.68917480641029,18.287087305882753
1972-11-01,15.4832463407813,14.695113638612531,16.2820187842429
1972-12-01,14.68092127311142,13.87851995194861,15.494858224499643
1973-01-01,14.834635008442222,14.023717028400997,15.625898432115024
1973-02-01,15.367011919286446,14.56961337142184,16.15140799254391
1973-03-01,17.831741896206076,17.037443665912736,18.62680311073023
1973-04-01,19.90375566133337,19.11683411791893,20.715186468693727
1973-05-01,21.67351327781696,20.85998447478731,22.46392441832983
1973-06-01,20.539856196549344,19.739318060154883,21.325547799131897
1973-07-01,19.964974070636654,19.173241977176943,20.737155732834058
1973-08-01,19.10187974705182,18.30119781310671,19.90205427837618
1973-09-01,18.423952048996085,17.61624840220369,19.196181847906107
1973-10-01,17.43930509570884,16.643625362334255,18.239875042773427
1973-11-01,15.438870955897876,14.637441443904077,16.228594640326637
1973-12-01,14.62978493107254,13.823723853655652,15.442828123983627
1974-01-01,14.790843229891438,13.970511084495474,15.590950559524575
1974-02-01,15.315932101814628,14.511057863168418,16.101173628891434
1974-03-01,17.77593975492047,16.965313819292202,18.568507730758473
1974-04-01,19.859651454865087,19.054649592418357,20.6496530749738
1974-05-01,21.619561281264474,20.78732963740158,22.40271805045173
1974-06-01,20.491860012766853,19.676207656227653,21.27313909348039
1974-07-01,19.907077478659843,19.112074466971922,20.684380619516297
1974-08-01,19.050695099310623,18.23406617347741,19.853081525251337
1974-09-01,18.35312668890625,17.528469291301306,19.129708905815797
1974-10-01,17.375471537598912,16.57170649428579,18.171521563736153
1974-11-01,15.380859350703314,14.552947993727154,16.176258106146285
1974-12-01,14.569107254726203,13.743153496025243,15.37321860946261
1975-01-01,14.738700987460275,13.909266567290347,15.541340843096584
1975-02-01,15.286096137500591,14.47541446629224,16.065505953880372
1975-03-01,17.755885782388603,16.948758401172793,18.53491452945837
1975-04-01,19.86432400804963,19.061089881474018,20.65829313861227
1975-05-01,21.624018007945633,20.803931049401154,22.401143611683477
1975-06-01,20.51514578762952,19.71581985642961,21.309134676426677
1975-07-01,19.948405334606775,19.149115801906007,20.7332188204381
1975-08-01,19.11655071489085,18.319478243876627,19.913561446515125
1975-09-01,18.40736721030008,17.59566776282796,19.19582392472756
1975-10-01,17.461944112970414,16.67313103537865,18.26638601395679
1975-11-01,15.480948540285098,14.677724637347985,16.268046174154414
1975-12-01,14.67757401909015,13.873819826729646,15.502023167002378
1976-01-01,14.85099019744024,14.030336712675721,15.668965474493486
1976-02-01,15.390717987016917,14.610403799488674,16.193990524406015
1976-03-01,17.851072085065724,17.057979190834867,18.658815229483757
1976-04-01,19.9536755430059,19.178326533214324,20.761536369383595
1976-05-01,21.705879381524298,20.8991632056385,22.51211420497193
1976-06-01,20.588768269514546,19.815114624928977,21.394257058667204
1976-07-01,20.015801203001708,19.238384519368367,20.812034921490376
1976-08-01,19.17067428618814,18.377306791437643,19.985469871197985
1976-09-01,18.440741715365963,17.63385481976093,19.24399077113381
1976-10-01,17.496806876912395,16.72026567206862,18.305770006258417
1976-11-01,15.498908061538703,14.708348767201931,16.30076997194994
1976-12-01,14.681848567405588,13.887770558135214,15.523062017588629
1977-01-01,14.858198410280945,14.03709103597608,15.668270236087215
1977-02-01,15.391191753469943,14.597077442862975,16.18549438692536
1977-03-01,17.849609013033685,17.048983480026113,18.65578646241111
1977-04-01,19.954249442756563,19.16349070208026,20.756580670007242
1977-05-01,21.689057416004974,20.865404809220163,22.499725474333598
1977-06-01,20.57361616521791,19.789927202050897,21.38128071187282
1977-07-01,20.00377222779704,19.22323303883547,20.801373818613907
1977-08-01,19.167969095436526,18.367221514744454,19.975772235904863
1977-09-01,18.431281315294825,17.610213874631068,19.226910007235006
1977-10-01,17.489659860627917,16.69864921390106,18.30157559196712
1977-11-01,15.494448230148897,14.697261187131641,16.298955460440556
1977-12-01,14.68422106497201,13.89705660295066,15.518421528338896
1978-01-01,14.85899325495847,14.035984771743907,15.658850989371881
1978-02-01,15.396141230066911,14.591714207006875,16.18741742312049
1978-03-01,17.851037426310157,17.06482605906385,18.662357341917108
1978-04-01,19.97466738174475,19.174408259813404,20.784287797916768
1978-05-01,21.70589589582932,20.873292073127136,22.515013785105637
1978-06-01,20.598912784189807,19.79558812238132,21.409434108578584
1978-07-01,20.032353599475535,19.24795549545651,20.856603159130845
1978-08-01,19.207375367320452,18.391602715671986,20.03868965478897
1978-09-01,18.45415373183986,17.61998513406472,19.292688968474348
1978-10-01,17.533354078972504,16.72755309228577,18.382108133369567
1978-11-01,15.534373506560256,14.720586200285783,16.37572527745379
1978-12-01,14.727509850696276,13.903475656870086,15.602496156260683
1979-01-01,14.897075393137172,14.061899319963354,15.753529653734093
1979-02-01,15.422401700299151,14.608817162432137,16.2542376927408
1979-03-01,17.884316109722953,17.075608032928915,18.718281937428078
1979-04-01,20.011191713556972,19.2001897894402,20.843121465071967
1979-05-01,21.72542898165682,20.88926074141814,22.55600356883056
1979-06-01,20.623454781097962,19.827616540811018,21.457581391810436
1979-07-01,20.041394125478732,19.263725160358344,20.867909366863483
1979-08-01,19.22074781787333,18.416570097064312,20.05902383002692
1979-09-01,18.458858521346173,17.634220754231794,19.274553083748383
1979-10-01,17.5378080348058,16.74108237538937,18.368505780915562
1979-11-01,15.535615286709369,14.733753931433077,16.35325042735702
1979-12-01,14.727106801453804,13.908006401776692,15.56564509304127
1980-01-01,14.893298161144287,14.078427322284647,15.717473516667752
1980-02-01,15.414606170580647,14.611480303181388,16.20543550985663
1980-03-01,17.87993060548321,17.08077819307628,18.690402751577295
1980-04-01,20.010714163357562,19.216382224287493,20.817012135278933
1980-05-01,21.722815116314763,20.90631455231779,22.540647311717183
1980-06-01,20.627890246555307,19.836249189168473,21.434688558501293
1980-07-01,20.05515851508051,19.27763113528545,20.858283015135996
1980-08-01,19.238762451252637,18.445648399777113,20.07535687932225
1980-09-01,18.468432257828987,17.650842845148613,19.275582288322333
1980-10-01,17.55642232064794,16.766877911218,18.38062339916742
1980-11-01,15.563499435866952,14.764613208578282,16.379407950195933
1980-12-01,14.757872579527653,13.946746956471332,15.595333901337696
1981-01-01,14.933226237711008,14.123982756459728,15.754451424837226
1981-02-01,15.442638564808668,14.656819864793063,16.262239745573435
1981-03-01,17.911931389767645,17.131578436482926,18.729058846078427
1981-04-01,20.04895481405616,19.261317034968712,20.846481153860164
1981-05-01,21.749856177862778,20.93775196879892,22.563349229197428
1981-06-01,20.65612949201735,19.867788652665784,21.46082055844593
1981-07-01,20.083488061009078,19.307301827416783,20.883536569829086
1981-08-01,19.270844216984358,18.480929892344417,20.09872528199377
1981-09-01,18.476947408812677,17.65876695741933,19.289251383898357
1981-10-01,17.571226894964386,16.785367031381146,18.392550510749576
1981-11-01,15.58366224814482,14.788712473749131,16.377909968968588
1981-12-01,14.764677146152964,13.965405655111311,15.600056194408927
1982-01-01,14.939549259727045,14.138395217411196,15.76140156679909
1982-02-01,15.447329751576099,14.66745261857181,16.251992255198246
1982-03-01,17.914933744268765,17.133198443403852,18.717758104852603
1982-04-01,20.049436776351172,19.25558294829349,20.855319550822134
1982-05-01,21.73462657426151,20.931209494309016,22.52942232536633
1982-06-01,20.638190768628622,19.877813753166688,21.43900839619655
1982-07-01,20.059442586460435,19.298924090655866,20.867890807086305
1982-08-01,19.253513593035567,18.468062806558603,20.065136817752858
1982-09-01,18.444478591648313,17.626457091344665,19.234261050978223
1982-10-01,17.536285176822513,16.759986046862487,18.334118616927164
1982-11-01,15.54317100331237,14.752912581691778,16.31447192064062
1982-12-01,14.715613679746335,13.932058010768078,15.51941213032487
1983-01-01,14.899884617049011,14.09534576716826,15.710319610577132
1983-02-01,15.404089330445304,14.616492206127875,16.19437792936973
1983-03-01,17.875091996022256,17.091703321586348,18.659173066442758
1983-04-01,20.021689662477474,19.228037312160804,20.80260173496519
1983-05-01,21.697354838131435,20.886507167612237,22.479359993703678
1983-06-01,20.619062481643148,19.84208849202346,21.414780232519465
1983-07-01,20.05211941458874,19.265952460771267,20.834213649833544
1983-08-01,19.26057334189979,18.44909934194314,20.07412347289684
1983-09-01,18.444706654168705,17.62800130355452,19.233671794479598
1983-10-01,17.554511632043123,16.771691532815705,18.366212162281254
1983-11-01,15.568781392585338,14.77616611381733,16.35067653404055
1983-12-01,14.740294600924758,13.952490364197926,15.549208193174161
1984-01-01,14.927894518520938,14.123654863046376,15.741877295362837
1984-02-01,15.426930221137283,14.64874664624714,16.218011147970667
1984-03-01,17.904891494550945,17.129447661664777,18.694567150293818
1984-04-01,20.054398278763802,19.270146595864993,20.84899664912141
1984-05-01,21.726243433728662,20.916414657551094,22.500278691241277
1984-06-01,20.653171563520175,19.883991145901074,21.4431360807124
1984-07-01,20.08201006325735,19.309365563143952,20.87492483231382
1984-08-01,19.290452512485743,18.494130311235295,20.099966566662015
1984-09-01,18.46780853079882,17.650368713038898,19.255029878586477
1984-10-01,17.578590230798195,16.80792532434162,18.39052128979138
1984-11-01,15.592024432823212,14.809850887473068,16.375828641634357
1984-12-01,14.77591750337813,13.974753530416603,15.596660789297074
1985-01-01,14.973442521291219,14.169894527934812,15.800593942100162
1985-02-01,15.480407692315397,14.693238589228658,16.275325393834564
1985-03-01,17.962276598088813,17.18881606039079,18.77847758285975
1985-04-01,20.115200003431475,19.330446973537363,20.931257152180212
1985-05-01,21.787134039796868,20.985190212365932,22.587496464198548
1985-06-01,20.71131899563892,19.944585613727956,21.525073332999423
1985-07-01,20.136963941966613,19.37357090192852,20.96490106415227
1985-08-01,19.364922752428086,18.571669497604795,20.213124863463158
1985-09-01,18.520455237274806,17.70148270732857,19.346852496855078
1985-10-01,17.64080890275956,16.87631016985803,18.4884445404758
1985-11-01,15.649692700684344,14.865172005563444,16.471792932539902
1985-12-01,14.815141293803268,14.025558675422158,15.667978264213339
1986-01-01,15.012820086146895,14.211688234179618,15.842060706577739
1986-02-01,15.495411769854739,14.712578487438773,16.313202626831757
1986-03-01,17.981442990267936,17.207354855355806,18.80400141090427
1986-04-01,20.12300943152845,19.343566476046863,20.944688915929046
1986-05-01,21.778132734692406,20.986129906545127,22.589260518888175
1986-06-01,20.711583154525393,19.944723494316882,21.52218724658172
1986-07-01,20.127164814101196,19.35148143876421,20.93618716301464
1986-08-01,19.354111926740355,18.557487645145223,20.192955743166696
1986-09-01,18.494171548796505,17.65832516801882,19.297326601502487
1986-10-01,17.612936959214835,16.843183230541616,18.426145673121443
1986-11-01,15.62193888511431,14.820058557126487,16.410840193341237
1986-12-01,14.78455170780191,13.986628165860463,15.590915267126084
1987-01-01,14.979666158574055,14.176424727704756,15.782720104521662
1987-02-01,15.456605090834726,14.671192619683966,16.250999931028694
1987-03-01,17.93659342303306,17.14964833430485,18.72591395202638
1987-04-01,20.070842714384522,19.286334302713644,20.878459630237565
1987-05-01,21.727214806622378,20.91222140352754,22.511301337970522
1987-06-01,20.65280430437185,19.873900637628772,21.452795844068767
1987-07-01,20.072441068587548,19.276834101172454,20.856943012848934
1987-08-01,19.300887079769936,18.48559507875569,20.12205780223897
1987-09-01,18.42154997200179,17.55455011419808,19.22507238962463
1987-10-01,17.53809302493277,16.743860909619826,18.352217163199704
1987-11-01,15.544741277041858,14.715731418950288,16.326330471057926
1987-12-01,14.69914554735435,13.880582314667809,15.512341381880992
1988-01-01,14.894560567501113,14.052203869264904,15.703460373143391
1988-02-01,15.37373211032132,14.549047116121171,16.172776520684597
1988-03-01,17.86174752715516,17.020518892247665,18.663894496526964
1988-04-01,20.008733720130444,19.16390209180115,20.8460430759868
1988-05-01,21.657909443314907,20.804638965812483,22.46246652761368
1988-06-01,20.59943864419858,19.755977907210315,21.417338304052308
1988-07-01,20.016177314552735,19.182387090592982,20.8120957102652
1988-08-01,19.259375361308326,18.38103348232636,20.10031942661313
1988-09-01,18.378609145959594,17.469015623715038,19.20807284921353
1988-10-01,17.511357851646643,16.663601416013403,18.34741559682742
1988-11-01,15.525279071014321,14.644423152730887,16.327941336710552
1988-12-01,14.674749921642967,13.78802079367184,15.519939983568193
1989-01-01,14.89060460495083,14.001630619222771,15.735696282776008
1989-02-01,15.38136112394967,14.512294165419286,16.220193322475726
1989-03-01,17.888402442600693,16.99592487179985,18.71759547940679
1989-04-01,20.03844482816531,19.15969912407965,20.90167438728241
1989-05-01,21.695912989512102,20.81082213510404,22.537536216791313
1989-06-01,20.64979543945358,19.773878765301717,21.493045212212063
1989-07-01,20.07803782174863,19.216285629579325,20.916308681487024
1989-08-01,19.328317264245875,18.427363161839658,20.20033748647901
1989-09-01,18.451237518561236,17.52523068931479,19.301297422317262
1989-10-01,17.594213501628737,16.744283629981595,18.439567799354123
1989-11-01,15.61486664753415,14.750146478869265,16.43165685976511
1989-12-01,14.77617159838916,13.909593146440269,15.628955865405501
1990-01-01,14.995972250955772,14.123127975791167,15.859271250847803
1990-02-01,15.484780334701497,14.616331187834092,16.318715532960976
1990-03-01,17.986370036522104,17.123082537994115,18.829188242412165
1990-04-01,20.14108494528483,19.27731324922623,21.015194819145467
1990-05-01,21.788444918785302,20.92009529044592,22.653002351770947
1990-06-01,20.747314531774737,19.91379100336475,21.598422553535578
1990-07-01,20.175315660426982,19.34576458907292,21.015258449411697
1990-08-01,19.440154741558004,18.588674586713847,20.315820269578957
1990-09-01,18.54774521196645,17.642489886827775,19.386593115897927
1990-10-01,17.7060775076228,16.879505878863423,18.540074624730696
1990-11-01,15.719733447988595,14.90093461264263,16.5325992130285
1990-12-01,14.879765789783681,14.050558185559693,15.7145498514527
1991-01-01,15.10873989573702,14.281800208833662,15.95491282807025
1991-02-01,15.59273720858772,14.78248191668976,16.41072255910796
1991-03-01,18.09083438693963,17.281090661734844,18.911746912488695
1991-04-01,20.24297276429033,19.447082779295478,21.087413285045024
1991-05-01,21.881834226672158,21.05816035968876,22.724063167148127
1991-06-01,20.842049572361713,20.04932892914698,21.66314795824114
1991-07-01,20.258106228513384,19.473448629703395,21.069134287164264
1991-08-01,19.526445820370405,18.696309125220484,20.385808269542434
1991-09-01,18.623181161416646,17.76517521098325,19.45822006676433
1991-10-01,17.778286538890413,16.988255207415698,18.60693577191754
1991-11-01,15.792917587856692,15.012775609902786,16.598231542204008
1991-12-01,14.955026408854595,14.138435394183489,15.781497976684665
1992-01-01,15.180522503481052,14.382079074126871,16.02138808223191
1992-02-01,15.659814692507469,14.865784027059995,16.47204077662853
1992-03-01,18.155933096835433,17.355694944011905,18.970040492648472
1992-04-01,20.309298695266875,19.525617847670798,21.139085892414254
1992-05-01,21.945062982404316,21.122000020408223,22.77252642163268
1992-06-01,20.904735007622726,20.122980435186236,21.71610279936635
1992-07-01,20.318668612027068,19.545941765485196,21.131200985689585
1992-08-01,19.583137065918596,18.773680813478276,20.450560869764438
1992-09-01,18.670672898109803,17.814820520496035,19.48931290697799
1992-10-01,17.827054661036527,17.03114632051711,18.66568422356779
1992-11-01,15.845497291113402,15.062260926028923,16.66014306657059
1992-12-01,14.99393561345774,14.186863039121015,15.827701375280034
1993-01-01,15.228837619927969,14.435661580409247,16.075043996656078
1993-02-01,15.695083942999075,14.907962815774342,16.523424582741367
1993-03-01,18.194478793591365,17.40756254890679,19.01363888456413
1993-04-01,20.355688572189344,19.58150633850636,21.190281110336812
1993-05-01,21.984944638239988,21.165353932468722,22.814483785587893
1993-06-01,20.94943400453775,20.173868701229292,21.773311049368047
1993-07-01,20.3552612501735,19.587395975189644,21.174274975014235
1993-08-01,19.627552568267106,18.81965621953626,20.498750537944222
1993-09-01,18.706415019415743,17.865475362189237,19.539430688480884
1993-10-01,17.86822147373907,17.0683708031756,18.702285313529778
1993-11-01,15.8855114734017,15.112236921046383,16.701578438342835
1993-12-01,15.02837141373972,14.226335359417766,15.874607047175212
1994-01-01,15.278134004777886,14.463933670263263,16.11187443029961
1994-02-01,15.740258353564084,14.945586362884427,16.572666511072693
1994-03-01,18.234564408348028,17.452227112283087,19.058592247318224
1994-04-01,20.405318968858186,19.608627348782267,21.246765808491606
1994-05-01,22.016822582686814,21.20211615146198,22.8581036163566
1994-06-01,20.996994064831696,20.216580684923937,21.83277590830146
1994-07-01,20.401279035888386,19.62863943016789,21.235018226771555
1994-08-01,19.68152664624769,18.885790796890635,20.57191529492807
1994-09-01,18.7580051598203,17.901594500976127,19.61175848172774
1994-10-01,17.918864572815522,17.115881052476947,18.796902103357876
1994-11-01,15.940814357323054,15.15255974657006,16.79067891423009
1994-12-01,15.078707979125227,14.268258106425371,15.952134362772993
1995-01-01,15.324433314727377,14.509770629932808,16.201175015820443
1995-02-01,15.787814107912794,14.973440652296366,16.63940222188843
1995-03-01,18.289138339879482,17.4800738814091,19.145887502700763
1995-04-01,20.460009215178133,19.652548846245093,21.3326058170345
1995-05-01,22.066543759175225,21.22828576623663,22.96659726696545
1995-06-01,21.05514227194224,20.260818708193884,21.927511842267272
1995-07-01,20.449559309546505,19.665593614178693,21.341452012310018
1995-08-01,19.736098714043713,18.92267889190808,20.66193252563201
1995-09-01,18.799735627627555,17.934518334828322,19.697296436432715
1995-10-01,17.96560123657349,17.136351835250718,18.888983166814203
1995-11-01,15.983595223014184,15.188000615598312,16.876437754053086
1995-12-01,15.119088214019042,14.28448617017088,16.048996972855168
1996-01-01,15.371010631586886,14.52725144849412,16.28872250888577
1996-02-01,15.830983487360772,14.99668669224608,16.71930358262587
1996-03-01,18.31877684852548,17.503921304377812,19.223849277169656
1996-04-01,20.48608734389715,19.67093893859882,21.391141122384738
1996-05-01,22.078193586334326,21.21278848898565,22.9927789735604
1996-06-01,21.067852612438553,20.25989143277034,21.94819771798701
1996-07-01,20.445652890524933,19.64846977438627,21.338602982433905
1996-08-01,19.726250754759462,18.903847728771055,20.63945231064859
1996-09-01,18.778166811011623,17.90396933380334,19.673956833583162
1996-10-01,17.933086626970088,17.104184570217136,18.83833986949068
1996-11-01,15.949799128726593,15.142515505275966,16.84805144389449
1996-12-01,15.074054814421189,14.246299423554605,15.979817074534301
1997-01-01,15.324489357060653,14.486610470527415,16.223849467846616
1997-02-01,15.773650158437208,14.952095448355129,16.643116537667225
1997-03-01,18.258878888391834,17.461467228916135,19.133378863154693
1997-04-01,20.423123389728296,19.620006806809347,21.308015949167846
1997-05-01,22.013616138697788,21.156392284517473,22.88026250677742
1997-06-01,20.99383214265569,20.20474614065421,21.830195235127004
1997-07-01,20.377729831626354,19.60230110711775,21.231253817472698
1997-08-01,19.66110739125476,18.856551731309892,20.548473005972077
1997-09-01,18.720148008210423,17.85396319970433,19.580700283532476
1997-10-01,17.87791087733056,17.069289140331666,18.74695131145196
1997-11-01,15.90021747808042,15.096835744873623,16.75768960374183
1997-12-01,15.03065884675053,14.198697326059602,15.895693421891417
1998-01-01,15.285196924005092,14.451283816600808,16.144599832607078
1998-02-01,15.737112568563791,14.918536126455626,16.578827878412444
1998-03-01,18.222030329611083,17.42500332778468,19.071722958062967
1998-04-01,20.39072504635668,19.572906961087618,21.25897268162677
1998-05-01,21.969849939882376,21.11781165213002,22.80914825464175
1998-06-01,20.95849115085864,20.171801648795306,21.787925303100216
1998-07-01,20.338563172227815,19.55958248229747,21.151900814624888
1998-08-01,19.61003373274118,18.816240383952067,20.49220593075225
1998-09-01,18.667802180912272,17.7995981657992,19.48620834616389
1998-10-01,17.81156894957484,16.999238701886515,18.63182590267051
1998-11-01,15.81728457987371,15.031001856381137,16.63752771822513
1998-12-01,14.935407025958218,14.104796339880965,15.778331149333619
1999-01-01,15.187387309916746,14.355391092868874,16.023038400001635
1999-02-01,15.624484214907827,14.811096255969678,16.42557816180354
1999-03-01,18.10130426742468,17.306981006228536,18.925263986476452
1999-04-01,20.275733012069466,19.46027502101554,21.09913627529762
1999-05-01,21.837684343771443,20.991580492202353,22.64284812354043
1999-06-01,20.832756941650814,20.042828132781647,21.627624061624203
1999-07-01,20.208601549741687,19.419146434744057,21.000950033345166
1999-08-01,19.478478379825923,18.66375925801353,20.3378951876838
1999-09-01,18.544408484778756,17.66421566272026,19.335829654481877
1999-10-01,17.68182920083393,16.87364775155894,18.48653315241476
1999-11-01,15.704780093694707,14.88939388400951,16.505964814165925
1999-12-01,14.821425076718388,13.975002911565078,15.63916847863562
2000-01-01,15.076170038693807,14.232966614313717,15.90111092145815
2000-02-01,15.513689254388748,14.69216556282472,16.320683034147297
2000-03-01,18.013485711252343,17.18180830953326,18.821419335828658
2000-04-01,20.186772228645765,19.357595495334245,21.013844567799534
2000-05-01,21.74489222300391,20.879534108684812,22.54727440301051
2000-06-01,20.75842264744715,19.94272659502839,21.571207194794955
2000-07-01,20.13526556504579,19.324347176609795,20.930884661390554
2000-08-01,19.414601220153727,18.57646709030225,20.276046326974207
2000-09-01,18.485476417716786,17.5848025573996,19.289526773853957
2000-10-01,17.620963619381914,16.795327700992505,18.435884494192003
2000-11-01,15.651386455467804,14.80031724727144,16.458535111949466
2000-12-01,14.777757928491534,13.927619710902611,15.604495408307075
2001-01-01,15.041209097287709,14.194951406439865,15.877064910372276
2001-02-01,15.49197518454245,14.654367239102584,16.302346765563833
2001-03-01,17.994538608467558,17.160202394768824,18.811002937729253
2001-04-01,20.175917098709377,19.34765970907241,21.012633012591042
2001-05-01,21.72921168413817,20.852355395689017,22.540947908406995
2001-06-01,20.759625897488377,19.929663525254966,21.561532461965253
2001-07-01,20.139874708432718,19.31808921406706,20.941558108370536
2001-08-01,19.41354316116942,18.552175684788846,20.27569047629638
2001-09-01,18.490082922433622,17.579502969877982,19.29975979231312
2001-10-01,17.619469119914342,16.783837709547605,18.433867876619374
2001-11-01,15.65448847989443,14.824088799627381,16.462699474280715
2001-12-01,14.779877439206683,13.910693531722574,15.605547203045054
2002-01-01,15.04775365366648,14.19811329562593,15.875243184188875
2002-02-01,15.489798824924055,14.64412301977132,16.305746111897616
2002-03-01,18.004351705678353,17.16149467300374,18.81405872032603
2002-04-01,20.191735680665793,19.348651957055633,21.02478812586706
2002-05-01,21.72956393341255,20.850476957802158,22.55536817087694
2002-06-01,20.767872044037986,19.930407056345317,21.580281070952044
2002-07-01,20.154849668924506,19.344634560041296,20.961530130037943
2002-08-01,19.426427969811378,18.583256110285127,20.28768267018337
2002-09-01,18.518007608373832,17.622494014319876,19.336615646551337
2002-10-01,17.64722056933813,16.822438140330707,18.467848629751494
2002-11-01,15.693479551227039,14.861566155563843,16.492214384798107
2002-12-01,14.825257129251783,13.967475552093461,15.636679274415647
2003-01-01,15.092704140826179,14.261244295102001,15.931041608037301
2003-02-01,15.543821337127891,14.718988035452293,16.347582602790926
2003-03-01,18.04917254419457,17.219317565753126,18.85833764442504
2003-04-01,20.250605974267213,19.42979850199294,21.086122085390944
2003-05-01,21.78559929886601,20.903162516701187,22.6129996915054
2003-06-01,20.82363674445667,20.00675732937147,21.6361044422164
2003-07-01,20.224823879939947,19.427535858397786,21.027419361606597
2003-08-01,19.492693176371372,18.656741850628904,20.34005330346127
2003-09-01,18.5918821570368,17.7085339490377,19.406571735409322
2003-10-01,17.70590599474986,16.901564226034257,18.534777340199657
2003-11-01,15.754698100101454,14.94534351861976,16.548323599233033
2003-12-01,14.882652672790101,14.039281349228313,15.701250892991599
2004-01-01,15.147512646569606,14.320039432569525,15.991934514157863
2004-02-01,15.604389683883277,14.776753899280942,16.41637569806727
2004-03-01,18.106112512829604,17.284604673821754,18.93064865536746
2004-04-01,20.303044922380593,19.50370654638785,21.140385863005758
2004-05-01,21.84076440336169,20.9591500704924,22.653442296228803
2004-06-01,20.87767725328512,20.06915896803032,21.67495534826161
2004-07-01,20.27099421902229,19.48916437046053,21.076996632966196
2004-08-01,19.528999181543554,18.71372283810914,20.374919523302292
2004-09-01,18.63521048717569,17.763587890465306,19.434804299215475
2004-10-01,17.74659714920869,16.944055090925136,18.56371374348669
2004-11-01,15.795873656634008,14.993648919919632,16.608549082518046
2004-12-01,14.918477113398993,14.069754325283823,15.741396684935587
2005-01-01,15.19747583907885,14.36742068823487,16.03244708921775
2005-02-01,15.638589136197119,14.824240488615755,16.46957727985059
2005-03-01,18.149927848463705,17.336782811511608,18.97632114515658
2005-04-01,20.36011442640408,19.544078560460527,21.194163543067795
2005-05-01,21.881334520116972,20.998184314831583,22.696740957374644
2005-06-01,20.925012268745853,20.113686750517438,21.744496962307142
2005-07-01,20.31652134674052,19.54098553698358,21.122435986695336
2005-08-01,19.564384874497396,18.745405037061257,20.426052293877845
2005-09-01,18.66818792919364,17.81266562703694,19.484259864014035
2005-10-01,17.776100142283056,16.98205244483355,18.609370172131413
2005-11-01,15.82068000305815,15.017995611416726,16.63459757076309
2005-12-01,14.934539784574225,14.091625505497356,15.7754045610277
2006-01-01,15.207799147930562,14.38169787010591,16.051583726859
2006-02-01,15.642005134029002,14.808068667674416,16.450974421662686
2006-03-01,18.153108547363182,17.323716974565624,18.964357538405757
2006-04-01,20.35054374915933,19.53342224099313,21.195576304915384
2006-05-01,21.856818884778214,20.982766007429706,22.672555112213093
2006-06-01,20.907370361382043,20.0796602721557,21.716170823375588
2006-07-01,20.298662830240332,19.51129384991112,21.105148890596244
2006-08-01,19.535303343418377,18.690001148654446,20.37566487002249
2006-09-01,18.64136988290515,17.76795396841122,19.45061801382014
2006-10-01,17.7442840674285,16.945066666301468,18.571082574250426
2006-11-01,15.80093647486035,14.97440089088853,16.604287559008533
2006-12-01,14.920853736925721,14.068223799329093,15.743785979744715
2007-01-01,15.203078006181808,14.369138377068596,16.054241460743352
2007-02-01,15.647772657935512,14.833747057651516,16.450427889158465
2007-03-01,18.171477698550575,17.343519927376867,18.98505346875259
2007-04-01,20.38404731040474,19.57272797253851,21.231605309303994
2007-05-01,21.887755709774645,21.0050007247767,22.704012963835588
2007-06-01,20.949934474238816,20.136054948860366,21.76382470889586
2007-07-01,20.364350561547337,19.57166785239201,21.18483355488427
2007-08-01,19.60581521025661,18.785045866288563,20.455680664403157
2007-09-01,18.727992044082946,17.851309999133026,19.546444142204553
2007-10-01,17.834579096967236,17.03387730321967,18.679704597622223
2007-11-01,15.898065473351881,15.087353361237684,16.712163989395176
2007-12-01,15.007940222709118,14.15142063590872,15.862379548818277
2008-01-01,15.299538450054817,14.454503377704816,16.144341724850808
2008-02-01,15.735437979812344,14.898985911820919,16.587135243527097
2008-03-01,18.25708742250272,17.430966186479637,19.095196975455252
2008-04-01,20.4719750370523,19.65734151790298,21.338785500647386
2008-05-01,21.964769649205646,21.066100363203322,22.815592168225677
2008-06-01,21.028324021995513,20.208638930308084,21.878380120325545
2008-07-01,20.44431531804814,19.63747365997568,21.303023834719525
2008-08-01,19.68016110992091,18.852442460885342,20.549825231681798
2008-09-01,18.808831348230218,17.931013619345414,19.66948288597946
2008-10-01,17.91354215870419,17.088940739745937,18.787065722328308
2008-11-01,15.967493609596609,15.149093066634732,16.81943157053276
2008-12-01,15.070742950580236,14.192577184555597,15.964504732277607
2009-01-01,15.363869787125195,14.507043929513516,16.24901933966125
2009-02-01,15.797268295281718,14.93385549162573,16.663660339381988
2009-03-01,18.308945291440303,17.468392710938016,19.182791950681104
2009-04-01,20.529779833107256,19.69954772391124,21.423624943802597
2009-05-01,22.017905666589165,21.12024528058757,22.886593240682902
2009-06-01,21.08649319511423,20.251479299755086,21.950547206427675
2009-07-01,20.502584153574297,19.6982879428542,21.371287352775333
2009-08-01,19.73322850708503,18.893379185748625,20.627764794492762
2009-09-01,18.855314098583584,17.990497441791177,19.71767773568268
2009-10-01,17.966571243231677,17.129673139700394,18.841031221861275
2009-11-01,16.01824952255258,15.172796709131704,16.877384966434107
2009-12-01,15.12440762996884,14.24649882894918,16.039134168272263
2010-01-01,15.426169262276332,14.550246224355806,16.32304429793056
2010-02-01,15.861722630465891,14.997038332295762,16.744978972085306
2010-03-01,18.384320887992992,17.531891645131484,19.282194069994343
2010-04-01,20.605865673925088,19.75997345461206,21.51985835784622
2010-05-01,22.08631098322098,21.170058908342234,22.98374424406653
2010-06-01,21.15379910418047,20.318505876653866,22.051537849644863
2010-07-01,20.58078655713779,19.758578395358942,21.474824960793818
2010-08-01,19.803223630152495,18.95983569506082,20.699422451679755
2010-09-01,18.92689496714445,18.056023952613764,19.821755319277063
2010-10-01,18.03581190083745,17.18796545562696,18.94459975639901
2010-11-01,16.085297637830195,15.246826400040634,16.990102906445113
2010-12-01,15.181744159337278,14.316189846726612,16.109809394748268
2011-01-01,15.486877917856475,14.613355452757729,16.398177923208312
2011-02-01,15.908950709454517,15.043247636181421,16.81222444788141
2011-03-01,18.435929555453058,17.57885029475783,19.32934729216247
2011-04-01,20.64938097896431,19.807740412527757,21.562488998791192
2011-05-01,22.121050706122396,21.208814461448032,23.015698110328298
2011-06-01,21.191794956177073,20.362171662941993,22.085081980746434
2011-07-01,20.610476133622676,19.817179299959474,21.48394690414159
2011-08-01,19.833531283305128,18.990005113423845,20.72559275988094
2011-09-01,18.94963963375735,18.097942218811188,19.821973500842137
2011-10-01,18.057882799771313,17.226742215764588,18.938046466248757
2011-11-01,16.0998050199806,15.269490549006001,16.96467841016786
2011-12-01,15.196871884047479,14.33441427050039,16.087400245343
2012-01-01,15.496111819150315,14.632145758418897,16.38399291069358
2012-02-01,15.917900974883679,15.057603393718894,16.793911576730725
2012-03-01,18.448962064706073,17.605851732340497,19.319682835709322
2012-04-01,20.66198160738751,19.829404392280196,21.55603467592732
2012-05-01,22.1242665669334,21.215660759203665,23.017064674472813
2012-06-01,21.196525423464305,20.371142145169266,22.077458861127987
2012-07-01,20.625753592602898,19.81550602990606,21.488736405450698
2012-08-01,19.8360341365645,18.99745780132708,20.719881450349348
2012-09-01,18.956678854269818,18.091817320639297,19.82131855265647
2012-10-01,18.051220266427915,17.220255860240226,18.92515055968835
2012-11-01,16.09636696525157,15.26951391115389,16.947620846394393
2012-12-01,15.191059005791548,14.321702204447972,16.06327336487938
2013-01-01,15.481460705737103,14.612245482545042,16.35556809146044
2013-02-01,15.89612167967861,15.040188652100774,16.736428763289435
2013-03-01,18.417304020369123,17.5658912018999,19.258538612102825
2013-04-01,20.61780444085972,19.77930658443299,21.50454048145153
2013-05-01,22.07032776331882,21.14585124478764,22.925010618723928
2013-06-01,21.13010464310889,20.293887653768735,21.963535952430206
2013-07-01,20.557812858235756,19.747616633123243,21.377501261691258
2013-08-01,19.745416455473734,18.89381610459951,20.595144219432793
2013-09-01,18.867858345425077,17.987657206368,19.68435887972027
2013-10-01,17.95157800553909,17.093826871987492,18.78995443738285
2013-11-01,15.986831560954649,15.12796953337739,16.80850675610912
2013-12-01,15.07546131604735,14.201711730303396,15.910124928564718
2014-01-01,15.353192327587855,14.462837030138896,16.213755777303906
2014-02-01,15.77445509914482,14.90019544853234,16.59555173325537
2014-03-01,18.30563376482125,17.421507521618512,19.146839370085186
2014-04-01,20.524224530852457,19.6452879139504,21.393406839920647
2014-05-01,21.98178054446541,21.034113939341573,22.840606264590242
2014-06-01,21.057547559856193,20.18624991480931,21.900094729352595
2014-07-01,20.508849679179633,19.663465493388756,21.32861295934056
2014-08-01,19.696566860732545,18.827963639047724,20.564942560261116
2014-09-01,18.838062455559097,17.93292725690562,19.67281885437039
2014-10-01,17.932618612831817,17.054639719337946,18.768167827374832
2014-11-01,15.990216680215116,15.114006509829343,16.83349947628248
2014-12-01,15.101254373991509,14.206245177603632,15.944977318485746
2015-01-01,15.393784100415886,14.497294316997555,16.251208879915023
2015-02-01,15.825122204769107,14.946646914028388,16.66500634878637
2015-03-01,18.351805502715226,17.48902553823294,19.207509806551442
2015-04-01,20.579859812181397,19.717579287844444,21.478486563984703
2015-05-01,22.045062792322938,21.08441121026618,22.9091172131902
2015-06-01,21.12394164137269,20.256462500670757,21.970590989041746
2015-07-01,20.58261983394181,19.74779306216965,21.408555722869025
2015-08-01,19.76896411363514,18.90198035535189,20.646745923712412
2015-09-01,18.91377295035491,18.003061671906234,19.748225760392188
2015-10-01,18.004590256432394,17.12285080266707,18.85783378310499
2015-11-01,16.060085762446086,15.19786126906287,16.910176902148766
2015-12-01,15.167627626224158,14.274401817970302,16.008139908697338
2016-01-01,15.464549186148005,14.565644079917908,16.33432889109647
2016-02-01,15.91599604421555,15.02447142476667,16.758942255603575
2016-03-01,18.44384924065954,17.585164687123847,19.311247932197766
2016-04-01,20.677657170812875,19.821407187462466,21.572767557688557
2016-05-01,22.148205527219574,21.19562233459385,23.029868593733784
2016-06-01,21.23126815326173,20.380889728691482,22.08822635512319
2016-07-01,20.69883873624793,19.879528741355685,21.534696255324526
2016-08-01,19.88945974366353,19.032125094435013,20.77169709582534
2016-09-01,19.047376856012356,18.167570780321544,19.885150871152973
2016-10-01,18.13891510622863,17.277548213075914,19.00826618701631
2016-11-01,16.20020955022415,15.350401573114477,17.05828128023384
2016-12-01,15.320496330809025,14.452699703551259,16.17696555162191
2017-01-01,15.611795921935299,14.740265284241662,16.484185085995744
2017-02-01,16.05545141103162,15.183379435783575,16.907889804635392
2017-03-01,18.58070165815029,17.729564668552392,19.443144809631892
2017-04-01,20.81523237027799,19.959073765998607,21.722131773352924
2017-05-01,22.279741441633014,21.33318905560021,23.17376314326653
2017-06-01,21.356800940309203,20.51356757139324,22.22669965030523
2017-07-01,20.829248320957255,20.025552882615266,21.676611617742804
2017-08-01,20.01401746400627,19.152820633071045,20.908059782640763
2017-09-01,19.171648833716784,18.278793256809507,20.014670232259412
2017-10-01,18.265279235787283,17.396047944588204,19.14386982297322
2017-11-01,16.324779568353314,15.459925508498563,17.18787076637328
2017-12-01,15.443246216851009,14.560653620880124,16.307622751090744
2018-01-01,15.723936041471898,14.845783425823381,16.60848937526887
2018-02-01,16.189442648272724,15.312611087937125,17.052490646930007
2018-03-01,18.71375501249664,17.85752741574801,19.589304779858892
2018-04-01,20.948907939710658,20.08421760026575,21.870346316982562
2018-05-01,22.411335975422404,21.451262799809356,23.315224948206975
2018-06-01,21.49967467031603,20.653296085298603,22.38320294173849
2018-07-01,20.978394980092986,20.17944815751345,21.832104582028602
2018-08-01,20.162345867222264,19.284777358469672,21.07404884782703
2018-09-01,19.331481429199513,18.43630476703835,20.207544605162983
2018-10-01,18.4169087182839,17.538362046814683,19.318338134776155
2018-11-01,16.48197882694526,15.606133870787009,17.36455352614186
2018-12-01,15.606765313738642,14.713164649543671,16.500190048106532
2019-01-01,15.876820786052546,14.992337432591231,16.797530209656713
2019-02-01,16.348466858456582,15.447838169378917,17.233677771799634
2019-03-01,18.86358312849866,17.99030682280592,19.785289498376198
2019-04-01,21.101142595593345,20.222007670035847,22.06033775273626
2019-05-01,22.557424929165776,21.585780298705018,23.478935169670187
2019-06-01,21.641709638256504,20.766700118485858,22.559284276176303
2019-07-01,21.123318646084492,20.304828537924084,22.008174414621347
2019-08-01,20.28878374449956,19.398166626089406,21.22660808890407
2019-09-01,19.458954834392973,18.547175197934795,20.35879191703385
2019-10-01,18.525632657390112,17.639830772582926,19.462236482593347
2019-11-01,16.590382730081487,15.684619881781135,17.494828847830068
2019-12-01,15.713497341983102,14.789519854232008,16.629685145113587
2020-01-01,15.976720516736233,15.064927298058407,16.91049687793229
2020-02-01,16.44151275606617,15.533424161648902,17.371081599178268
2020-03-01,18.95207722492708,18.060663243243948,19.897240307779906
2020-04-01,21.18342397520953,20.27468806747281,22.16916293042622
2020-05-01,22.631928495771746,21.63653137780481,23.590632634441032
2020-06-01,21.707378120767324,20.814980983513763,22.647517439020724
2020-07-01,21.190083351480304,20.33840696918141,22.10218110917951
2020-08-01,20.349498220936184,19.432491269003528,21.31709630861933
2020-09-01,19.52006170503759,18.578504338752765,20.450525956768765
2020-10-01,18.57805823327061,17.668274453061894,19.53713924110864
2020-11-01,16.64178875801061,15.709199426917245,17.58208057940938
2020-12-01,15.755749264108193,14.813348658009303,16.720789301378783
2021-01-01,16.019471187832686,15.072398930127692,16.991220461243937
2021-02-01,16.480068743993215,15.547956583519875,17.4530828659503
2021-03-01,18.99103606800034,18.060806575709393,19.963847243541508
2021-04-01,21.210656792202023,20.27102423532913,22.21551958396363
2021-05-01,22.655827993793913,21.624054529193742,23.64401569341685
2021-06-01,21.723925152861433,20.77762073501467,22.698515978942147
2021-07-01,21.195970598538615,20.297248013646225,22.143601357475312
2021-08-01,20.35812537402378,19.390363975849052,21.354314171794528
2021-09-01,19.533891644492844,18.553350947113262,20.499584647604436
2021-10-01,18.58200309133052,17.622116319292832,19.58845934910875
2021-11-01,16.651794660415646,15.679709789729092,17.640551553473845
2021-12-01,15.786245692039945,14.77690259525251,16.790930364195994
2022-01-01,16.039005273641138,15.047445551798791,17.069363935172497
2022-02-01,16.508160411636553,15.50676844945954,17.525574910538243
2022-03-01,19.024969343935066,18.035820021073036,20.07501206686317
2022-04-01,21.257744107037233,20.245769903724597,22.31768352356904
2022-05-01,22.704731884217782,21.627647527706362,23.7668122873086
2022-06-01,21.79352831330322,20.776833277432292,22.840864126355562
2022-07-01,21.265633246529582,20.29893366658545,22.30216097525159
2022-08-01,20.42992435765031,19.404130153406122,21.527247687172036
2022-09-01,19.605998572645234,18.540394314611177,20.657243934848836
2022-10-01,18.658716632380873,17.64661729294751,19.756168598622505
2022-11-01,16.7140035272265,15.676614493230643,17.795421142249168
2022-12-01,15.847723651935052,14.774606760076672,16.958405533524257
