date,observed,lower,median,upper
1892-01-01,-5.4,-2.693970895163601,-1.9276387630578098,-1.3350277614934465
1892-02-01,-5.3,-1.0489482889162014,-0.2864275172775095,0.32919166184695664
1892-03-01,-2.1,2.199978687968692,2.952753624336581,3.5429148734624833
1892-04-01,4.4,5.492229740835201,6.139366982882102,6.729001707872341
1892-05-01,7.4,8.994983990017223,9.697772484693981,10.335670789719526
1892-06-01,13.2,12.131320702646173,12.821537360228021,13.424397581425234
1892-07-01,12.7,14.359356937458724,15.093902926450946,15.661765895376991
1892-08-01,14.3,14.675220662843186,15.389598151591287,15.947882864621334
1892-09-01,12.1,12.089645809932733,12.732594671373509,13.314187396992079
1892-10-01,3.8,7.358959775415479,7.9800664663058525,8.506147084876234
1892-11-01,0.7,1.4499128229768505,2.1860262299669504,2.7661145462233736
1892-12-01,-3.5,-1.6583095929515144,-1.0684241150055,-0.45886394413000814
1893-01-01,-6.7,-2.5239779568265415,-1.8558038272401265,-1.321098195719795
1893-02-01,2.3,-0.8595169182888689,-0.22448077198815897,0.35072402671935377
1893-03-01,3.0,2.366263280016192,3.003486917086197,3.5752864981487558
1893-04-01,7.6,5.647613953166635,6.229596651172943,6.74947555445749
1893-05-01,8.7,9.172719426923909,9.788497883541407,10.349231948084308
1893-06-01,13.7,12.312566778139965,12.908265239493339,13.441065229685382
1893-07-01,15.6,14.593840133837626,15.176068188072732,15.730603675328522
1893-08-01,16.4,14.882438731192932,15.446303474953925,16.024305518049722
1893-09-01,12.6,12.245848981673324,12.820728474671498,13.342741154320779
1893-10-01,8.2,7.445920981098677,8.050426932260493,8.607394514606053
1893-11-01,1.4,1.5554048794715678,2.2823085955550293,2.8097668284849493
1893-12-01,-1.1,-1.5391225089464644,-0.9811706125464266,-0.40809974980179564
1894-01-01,-7.9,-2.421639256403269,-1.7823612292273436,-1.27766422719832
1894-02-01,-2.1,-0.782041902793407,-0.14597548014073336,0.4225524820661421
1894-03-01,6.0,2.512123030083818,3.075143870940529,3.6322549229898775
1894-04-01,9.5,5.732098568173855,6.285903214708497,6.775847275923845
1894-05-01,8.1,9.19707609883051,9.85057491879115,10.415976705734215
1894-06-01,12.8,12.384447160695151,12.964618848216436,13.491639548422311
1894-07-01,15.8,14.593213783240198,15.211914789722297,15.770387439203114
1894-08-01,15.1,14.895386601256506,15.501700279368656,16.06165700512658
1894-09-01,11.5,12.290966347069741,12.878453412180665,13.412548482329433
1894-10-01,7.5,7.50637522741756,8.121060205297368,8.602799105184545
1894-11-01,-0.1,1.6860941331148693,2.2976317767591725,2.8646968210007984
1894-12-01,1.9,-1.4864648873273376,-0.9535924892688152,-0.4001750096059846
1895-01-01,-3.8,-2.368223041246698,-1.7516668517689769,-1.2317123157760586
1895-02-01,-10.5,-0.7364510342064088,-0.11650727642067427,0.42714813252334904
1895-03-01,-1.7,2.478308760621628,3.105085100369577,3.657029646235752
1895-04-01,4.7,5.732639970372737,6.320903259180959,6.798010436558936
1895-05-01,7.0,9.291640368098868,9.872973151605647,10.406532851732715
1895-06-01,13.3,12.448441919994222,12.980468939014727,13.476352398491835
1895-07-01,15.8,14.661309759306551,15.262321020674868,15.771641626510682
1895-08-01,16.8,15.018782419542266,15.529867740641706,16.055927913864444
1895-09-01,14.9,12.366162718980311,12.916650826269443,13.411738406410583
1895-10-01,4.5,7.586318057933578,8.149120373174554,8.645888199279245
1895-11-01,0.2,1.77367824094697,2.3559359689797743,2.8937712703324694
1895-12-01,-2.9,-1.464508458536855,-0.8998549660324087,-0.38969275548568827
1896-01-01,-2.0,-2.2989213096994203,-1.7196811203880964,-1.1965944708288438
1896-02-01,-1.6,-0.6370966787476083,-0.08618390287398059,0.44640231820753734
1896-03-01,3.7,2.5738688664229765,3.1611349273526206,3.6356173119066497
1896-04-01,5.0,5.7892674463948195,6.37242544716433,6.854832513752267
1896-05-01,9.6,9.320614682262523,9.909074985834584,10.418449840965891
1896-06-01,11.6,12.47078425172185,13.028872783163552,13.533847084752084
1896-07-01,13.5,14.720499281458514,15.320123410503733,15.818933095270843
1896-08-01,14.4,15.089544121115823,15.58965049501008,16.113390223506165
1896-09-01,10.3,12.43095950116069,12.955618578087156,13.45573429964763
1896-10-01,6.9,7.649390078071702,8.20328051053463,8.687959150497775
1896-11-01,-0.6,1.7973323931209282,2.400950282189175,2.9385576388430548
1896-12-01,-1.0,-1.3679929095645247,-0.8411482660398435,-0.3428343748131008
1897-01-01,-3.8,-2.1543758714153443,-1.6353027028575968,-1.140873212921221
1897-02-01,1.6,-0.4960029510494867,-0.0017683355009086021,0.5288062493044711
1897-03-01,4.0,2.7116711672565295,3.216554591563387,3.750008204678692
1897-04-01,6.3,5.944155655561954,6.4536435017554625,6.9089950009399015
1897-05-01,7.3,9.472223903742695,10.006674594950436,10.506263409503694
1897-06-01,11.9,12.621297982558373,13.115674466521579,13.59153662846168
1897-07-01,17.1,14.862431212156714,15.409167861922095,15.863616561756443
1897-08-01,17.6,15.186506967171454,15.671287037717791,16.191549496478782
1897-09-01,10.8,12.506992631153473,13.039455827211858,13.549695268804294
1897-10-01,9.0,7.7675440699949725,8.279784776334065,8.762220720788411
1897-11-01,0.5,1.9128739187856538,2.49348212585122,2.991289817847117
1897-12-01,-0.4,-1.2516760301861989,-0.7514593763567592,-0.23712314715945154
1898-01-01,-0.2,-2.0514342926127695,-1.5423079740466443,-1.081486199321088
1898-02-01,2.4,-0.4283867107270175,0.08414992597254489,0.631482377271663
1898-03-01,-0.4,2.8016196517966576,3.3269457695089923,3.847704576380677
1898-04-01,7.4,6.048545799981127,6.540486858308307,6.983587580322809
1898-05-01,8.7,9.536473451732785,10.088574864344862,10.589353139972717
1898-06-01,12.9,12.731638412128694,13.16295977338168,13.686033863636695
1898-07-01,13.6,14.93670518800621,15.456663073848418,15.962625347193205
1898-08-01,16.2,15.28542815969449,15.725244669345075,16.25380494803524
1898-09-01,13.6,12.60474140806065,13.088887760056915,13.611022073009323
1898-10-01,10.5,7.889698257337286,8.32846417224776,8.802444610502082
1898-11-01,1.4,1.938537574514252,2.546982525944222,3.080303863884035
1898-12-01,1.3,-1.182246043299827,-0.7191130546849838,-0.1769877034814892
1899-01-01,0.7,-1.9850296573069064,-1.4954170148371224,-1.0433075638732499
1899-02-01,-0.7,-0.3908121122842293,0.11171563414586672,0.64499740737705
1899-03-01,1.2,2.877630324786628,3.3468883009761106,3.8921896501885063
1899-04-01,7.1,6.094764607009028,6.580395638351897,7.029891911361024
1899-05-01,7.9,9.629207683407166,10.113165853299298,10.611611975933254
1899-06-01,14.8,12.762213125020919,13.208179800241036,13.700823015462024
1899-07-01,11.9,15.0273809924423,15.498892272669437,15.994734136128324
1899-08-01,18.6,15.332228868468736,15.775994899921638,16.246894095049793
1899-09-01,12.1,12.656616684202605,13.11940330707059,13.653941932190792
1899-10-01,10.7,7.902234371253925,8.382292033440187,8.859403288749709
1899-11-01,6.1,2.04502862844106,2.560428870827881,3.0941939382196466
1899-12-01,-7.7,-1.1665426162296129,-0.6919791714647281,-0.2000379277686107
1900-01-01,-1.5,-1.980239883255072,-1.4911123852245218,-0.9734348913654752
1900-02-01,-2.9,-0.34259039326326957,0.14323335884279675,0.6716399645177493
1900-03-01,0.0,2.8827643685600886,3.38469290528145,3.899881768662394
1900-04-01,4.3,6.126835602051164,6.581216541465293,7.032627421426644
1900-05-01,7.7,9.641538499384621,10.126868099734379,10.622414315351335
1900-06-01,13.0,12.75833394336331,13.204192364714842,13.696449754813258
1900-07-01,13.8,15.012891363336417,15.509497151845178,15.973724684172598
1900-08-01,13.5,15.31296382892779,15.7709572299397,16.268019461411747
1900-09-01,15.7,12.662233553121157,13.13790941562581,13.640070215156767
1900-10-01,9.4,7.900176377288307,8.376083632813355,8.831522872465309
1900-11-01,2.4,2.0567384123236327,2.5723358738034223,3.0673400006349882
1900-12-01,3.7,-1.1473539582491004,-0.6798909361433276,-0.19264925130131477
1901-01-01,-6.6,-1.9552646232788002,-1.4966710464608304,-1.0526655389258934
1901-02-01,-6.7,-0.36994781591938597,0.12988038398813195,0.6846084601561087
1901-03-01,0.8,2.8685196258955403,3.371875857386061,3.882368072438476
1901-04-01,6.8,6.07023883705965,6.5748056046661985,7.009757230091215
1901-05-01,9.5,9.625532574314521,10.139056932187568,10.578032132262026
1901-06-01,11.9,12.72377480412738,13.220932811019722,13.6868045312151
1901-07-01,18.4,14.995172309522816,15.494774331905722,16.004640269364685
1901-08-01,14.7,15.301037874599743,15.77226828517087,16.262035147369986
1901-09-01,13.3,12.630855033538218,13.133830148454043,13.637933708263592
1901-10-01,9.6,7.868414800903728,8.35242629912537,8.848140385651273
1901-11-01,1.9,2.000726997831976,2.5552190050837567,3.063423908795191
1901-12-01,-1.5,-1.1546186302686732,-0.6976075321085551,-0.19581779323508697
1902-01-01,1.1,-2.0056304882716423,-1.5153082935982125,-1.03640788890203
1902-02-01,-3.7,-0.3687501704734603,0.11820510649345417,0.6361672198466833
1902-03-01,4.9,2.8679294372757833,3.35630831416922,3.8371202244104405
1902-04-01,7.1,6.05584944077114,6.5650712583130275,7.00543503889845
1902-05-01,7.1,9.553209659255572,10.11306054777886,10.578471356432493
1902-06-01,11.9,12.71059331127394,13.196340972836117,13.675771779139893
1902-07-01,13.2,14.943781363925964,15.472527422665765,15.966351044882122
1902-08-01,14.5,15.234423588786656,15.73191123181082,16.238672363602735
1902-09-01,9.9,12.58488850440007,13.10357545962872,13.606674981344714
1902-10-01,5.1,7.805876136222909,8.33658972926821,8.824668802420565
1902-11-01,-1.9,2.0083957999643225,2.512375418921541,3.029221194761545
1902-12-01,-6.8,-1.222804332350569,-0.7310713070968364,-0.22809010438961327
1903-01-01,-4.6,-2.052014280177416,-1.5313702321355458,-1.0485278996600207
1903-02-01,4.1,-0.3635580891260378,0.11601229784708167,0.6221038969079606
1903-03-01,6.3,2.8243184239102406,3.340367784206472,3.8183022402879496
1903-04-01,2.6,6.038938210209548,6.542588886602145,6.985078740054988
1903-05-01,10.2,9.551478215157529,10.085859749299386,10.581134068078448
1903-06-01,10.9,12.696743365826286,13.192888302276149,13.67071252753002
1903-07-01,11.6,14.988414866390555,15.462394171396623,15.926234194463229
1903-08-01,15.1,15.232486012298036,15.727992258874771,16.22560832943006
1903-09-01,11.7,12.604803906995118,13.082957066512613,13.581985559371233
1903-10-01,9.6,7.815980103687982,8.308231818224296,8.864672118615129
1903-11-01,-0.8,1.9522845655283008,2.5294067313137027,3.036384298612378
1903-12-01,-3.9,-1.2650365219513526,-0.7209382801594013,-0.23711773120148402
1904-01-01,-4.2,-2.053271162074299,-1.5327815690368722,-1.077971386440316
1904-02-01,-1.1,-0.4532473324889855,0.10099672690599704,0.5974665777327128
1904-03-01,-1.0,2.786625143296032,3.3408272229524845,3.8208777883284846
1904-04-01,7.5,6.037487172272456,6.530681334794954,6.989396849331245
1904-05-01,10.0,9.505488550827037,10.099642607837984,10.575790856547501
1904-06-01,11.0,12.690325943798614,13.181986573202694,13.694300268635143
1904-07-01,19.0,14.945669686743384,15.481158960739787,15.981923505487508
1904-08-01,15.9,15.244395769440874,15.742812411673324,16.258150622406525
1904-09-01,13.0,12.576234943052492,13.094778793197532,13.592645887514248
1904-10-01,5.8,7.809702509250829,8.330128961999424,8.801040048970332
1904-11-01,-0.7,1.9448495223146103,2.54275325138071,3.057486314561447
1904-12-01,1.5,-1.2886204378665111,-0.7203036232456532,-0.22597096068709416
1905-01-01,-4.8,-2.0948504749378243,-1.5215729287583168,-1.0363763838067213
1905-02-01,1.4,-0.4549939695476652,0.10518165358921916,0.5981038331347587
1905-03-01,2.3,2.741988758645616,3.348782249679552,3.8423791062572623
1905-04-01,4.5,6.014223718148217,6.5261533474773135,6.9913479367855045
1905-05-01,9.7,9.51319051550028,10.095262229018317,10.542673003452506
1905-06-01,12.1,12.673914040934765,13.18040213315593,13.6565406681566
1905-07-01,16.5,14.96102143821043,15.463681979936633,15.926440889688374
1905-08-01,13.4,15.239151131141792,15.744075252347958,16.250372877726594
1905-09-01,11.6,12.55634225445534,13.094779087825716,13.592579287968022
1905-10-01,3.3,7.798155411364747,8.33304413859694,8.812292824880558
1905-11-01,0.2,1.9368959084903725,2.544611287220405,3.016352841181152
1905-12-01,-1.9,-1.2724811502221405,-0.7115189097673946,-0.23841997658863223
1906-01-01,-0.8,-2.045719002553219,-1.5146289940737447,-1.0257890323038725
1906-02-01,-0.5,-0.4116414330461908,0.10046031602961047,0.6472438676142758
1906-03-01,0.8,2.749108265190418,3.353305498023844,3.8610890340239603
1906-04-01,4.7,6.012554164086567,6.539178537828044,7.042963993230884
1906-05-01,8.2,9.547304296957792,10.11467848873268,10.556738247670339
1906-06-01,11.8,12.709659400307462,13.199758238413308,13.684261455480542
1906-07-01,14.4,14.982327596557433,15.470942419260332,15.9732020140608
1906-08-01,15.2,15.249495264219467,15.763181559967565,16.23897559224857
1906-09-01,13.3,12.61470796609249,13.09256848756115,13.601636095389154
1906-10-01,10.9,7.862185037219287,8.348928196859042,8.796959871588488
1906-11-01,5.5,1.950733269521183,2.5539611553445107,3.0652396108927324
1906-12-01,-4.2,-1.2509042018319643,-0.7018039478359941,-0.19890550887206743
1907-01-01,-9.0,-2.022618114222783,-1.517977778471244,-1.01722743328494
1907-02-01,-4.1,-0.41723323971835585,0.12767129057877558,0.6546596500455212
1907-03-01,4.2,2.746538059351443,3.3808890472375577,3.8565572220392137
1907-04-01,6.4,6.054198733972372,6.564490337310369,7.059010850445174
1907-05-01,4.8,9.549535503315743,10.135328673783125,10.606020877399574
1907-06-01,12.2,12.726208404057518,13.219699684272385,13.725653596374684
1907-07-01,10.8,14.96470214922988,15.51357713363566,16.014162148003226
1907-08-01,15.0,15.249265910125734,15.78400769730072,16.269375233594534
1907-09-01,14.2,12.638595250015387,13.128413169846333,13.64371497546287
1907-10-01,10.1,7.864466181056446,8.377864038221492,8.837104722252136
1907-11-01,2.5,2.006366789488754,2.5924377333125417,3.0758288453233686
1907-12-01,-2.7,-1.1739316233821022,-0.6581061386892069,-0.14971219573218475
1908-01-01,-6.6,-1.9721227423119785,-1.4747100025255406,-0.9827642788675549
1908-02-01,0.8,-0.3822422007926155,0.16290077837505867,0.6578171089654802
1908-03-01,-0.1,2.8159668561840068,3.4125794878183986,3.91194836610032
1908-04-01,5.7,6.110468825186163,6.601368565991614,7.100055647286335
1908-05-01,12.4,9.66027439743944,10.158191184286554,10.637113567732735
1908-06-01,12.5,12.752416483978667,13.24396153467643,13.769555675355438
1908-07-01,16.0,14.972132670141153,15.545575009440944,16.07260759535828
1908-08-01,13.7,15.326701658444744,15.814229486765207,16.33437417220865
1908-09-01,14.7,12.671731055438144,13.169353676469779,13.689619171839265
1908-10-01,4.6,7.936959822274046,8.41070180115747,8.877414912831728
1908-11-01,3.4,2.0755697691941286,2.625584625656963,3.0928131039602302
1908-12-01,-9.1,-1.1773032387780624,-0.6222646230384425,-0.1417054267549421
1909-01-01,-2.3,-1.9681786874828464,-1.4287466994479363,-0.9322731035237717
1909-02-01,-2.6,-0.3312510355240919,0.21851239608941642,0.7028387405380896
1909-03-01,-0.5,2.8951484901636952,3.4618506455391653,3.9370023795158504
1909-04-01,7.1,6.178843942965503,6.653944309323353,7.125529199453864
1909-05-01,6.5,9.757242394570822,10.199390786598006,10.67817367143814
1909-06-01,12.6,12.83285506391191,13.304365034936348,13.804214440781857
1909-07-01,11.8,15.066075526556716,15.59867974313395,16.086588850875714
1909-08-01,14.1,15.399426198566118,15.882234333155548,16.388266116831904
1909-09-01,13.3,12.775661079410016,13.231746857463921,13.743826492615353
1909-10-01,7.0,8.020432289376052,8.499364392632756,8.98277523506568
1909-11-01,-0.2,2.2019912303548543,2.704383627263885,3.2046991238589486
1909-12-01,0.2,-1.0338304358471597,-0.531720242506724,-0.0485826153828966
1910-01-01,0.7,-1.8195588593343774,-1.3442614243016253,-0.8098180868025571
1910-02-01,0.0,-0.17395816966372743,0.30368581013468576,0.7952099700891161
1910-03-01,4.6,3.016848201571427,3.542259689297108,4.052357671248359
1910-04-01,6.3,6.294693465323759,6.75385034723538,7.21530909496177
1910-05-01,7.4,9.863198743884555,10.295395415227357,10.779176766938589
1910-06-01,14.8,12.955509352603473,13.395197113370035,13.94604132596078
1910-07-01,12.8,15.20567932769463,15.68463144422105,16.24636343302357
1910-08-01,16.9,15.531565692539525,15.974443064884024,16.50805855306631
1910-09-01,12.3,12.865586252080622,13.340374286326941,13.891235339722044
1910-10-01,9.3,8.125685543791505,8.567888061284812,9.14667582851039
1910-11-01,0.4,2.2920749620636287,2.7937630115707313,3.3286774092431215
1910-12-01,1.2,-0.9490625007685433,-0.47310726689210414,0.1092506884762786
1911-01-01,-2.0,-1.7202678976599761,-1.2832007703812165,-0.6816282237439611
1911-02-01,0.2,-0.10193242886481745,0.37736014858071076,0.8859558017892825
1911-03-01,2.2,3.1277665323367603,3.618417981714817,4.187455337088458
1911-04-01,0.4,6.368119681260834,6.823198019327579,7.365165248866983
1911-05-01,10.5,9.919081289158337,10.382595283995006,10.89447250462039
1911-06-01,12.6,13.04292564671467,13.483333615557981,14.058611506345677
1911-07-01,15.5,15.293830198307147,15.76684568475082,16.360595001722913
1911-08-01,19.1,15.624039308537473,16.045538980048843,16.70389686092946
1911-09-01,11.4,12.94512603583933,13.422637255680934,13.975447914741977
1911-10-01,9.3,8.165929482972263,8.676655300247784,9.251969012250896
1911-11-01,0.3,2.4303758850540187,2.8773386062871573,3.43856590886375
1911-12-01,5.0,-0.8444077220959165,-0.3671154936334151,0.18320706223805605
1912-01-01,-1.0,-1.632485803537219,-1.2161726830296797,-0.5526768557043308
1912-02-01,-4.6,-0.01592188575939738,0.4628709599312151,0.961107672989798
1912-03-01,6.4,3.1673048610995234,3.6921917360611727,4.276154489688014
1912-04-01,6.5,6.403691371471871,6.873566308302478,7.451456731815994
1912-05-01,12.7,9.983349800675047,10.440545902776881,11.006573971404222
1912-06-01,13.3,13.095665649744898,13.541639685061769,14.138207044643703
1912-07-01,16.6,15.30210487262165,15.8049621002647,16.45278336119589
1912-08-01,11.5,15.614518153907138,16.0868320426787,16.686514756197937
1912-09-01,10.0,12.977535461065912,13.437919154805538,14.015847434221351
1912-10-01,5.7,8.18010140700364,8.677622405665524,9.290278925520761
1912-11-01,3.2,2.411158321517451,2.8915540448019383,3.4540300539636815
1912-12-01,1.7,-0.8230669144215482,-0.3459619114379966,0.16839231153432188
1913-01-01,-0.8,-1.6541876333447798,-1.1883501749953918,-0.6078027980758948
1913-02-01,0.4,-0.0180251570993958,0.46620701030485234,1.0119033384399077
1913-03-01,4.9,3.187526601901617,3.702389808383857,4.262713576267283
1913-04-01,3.8,6.413056158582079,6.899535302376174,7.438500681752485
1913-05-01,10.2,9.965900139515405,10.447795889557606,10.988560501589733
1913-06-01,12.8,13.099001794425286,13.539834893935508,14.105287021169842
1913-07-01,13.1,15.342530749355332,15.813368180125575,16.471178922545626
1913-08-01,12.5,15.665647555760998,16.089128531444736,16.702995073785782
1913-09-01,14.3,13.018574940078917,13.466360557032779,14.032065260974957
1913-10-01,7.2,8.185121313998316,8.67893929480848,9.302130045029546
1913-11-01,6.4,2.442584516339239,2.909304456926579,3.44280949734357
1913-12-01,-0.8,-0.8155247439413404,-0.3328561231072156,0.1899411374010845
1914-01-01,-3.8,-1.6269980535876323,-1.163467705235365,-0.6045237398461074
1914-02-01,4.4,-0.025403008624479573,0.48385398723044126,1.0466548423605901
1914-03-01,5.5,3.203867342168334,3.7011373555285827,4.25102128032001
1914-04-01,10.1,6.414995856627997,6.9120131848061614,7.467943057294286
1914-05-01,9.1,9.972442532068959,10.454391215625513,10.962607616345284
1914-06-01,9.5,13.081096573563785,13.546224979050818,14.107281334169915
1914-07-01,13.9,15.323871752275586,15.815415383937852,16.443171123673284
1914-08-01,14.9,15.6246133810204,16.086424841449762,16.67423073815347
1914-09-01,11.7,13.00434666264348,13.446656074765384,14.005628830699122
1914-10-01,8.4,8.212526882135677,8.67291326956811,9.214895219397166
1914-11-01,-1.6,2.429324329843692,2.888059893954104,3.4261853709109324
1914-12-01,0.4,-0.8750622554327292,-0.35623413328857945,0.13864394108175607
1915-01-01,-1.4,-1.6425721915655838,-1.1781288446818206,-0.6866204357511193
1915-02-01,2.5,-0.04069182447205426,0.4439610985826046,0.9890504484526781
1915-03-01,0.8,3.179167181032889,3.6865038437489726,4.228127472884536
1915-04-01,7.4,6.407526280914705,6.883381834231455,7.418986461318519
1915-05-01,11.4,9.963654703405508,10.441792249523651,10.90052394147215
1915-06-01,15.4,13.047627002873405,13.511358615454224,14.089231738317993
1915-07-01,16.7,15.319645274785831,15.779947241664722,16.357514466763753
1915-08-01,15.7,15.582465969733757,16.06166861420948,16.58701110500636
1915-09-01,11.4,12.952192895175953,13.4138969141429,13.920608927730791
1915-10-01,5.7,8.180857762185212,8.638118409774634,9.17583006998254
1915-11-01,-4.1,2.3720963391221184,2.8559871564879136,3.3506090160267523
1915-12-01,1.4,-0.8979493051743888,-0.4063260756299165,0.09445849703250718
1916-01-01,1.0,-1.7136957789285385,-1.222406802867828,-0.7145581326776187
1916-02-01,-0.2,-0.08180354991612808,0.4085596172067718,0.9238655178167559
1916-03-01,-0.8,3.0881426194956694,3.64561212529356,4.183737516488146
1916-04-01,7.0,6.348376826455149,6.828190959703472,7.381343184028879
1916-05-01,11.7,9.868928733331048,10.388795461093244,10.84749509769116
1916-06-01,10.1,13.026784768310408,13.467744655781525,14.027425094576731
1916-07-01,14.8,15.295768686043807,15.743173398037008,16.29929513091785
1916-08-01,15.8,15.530734042944081,16.032217194357575,16.540817842316226
1916-09-01,12.8,12.885572016203092,13.412377366601685,13.9202079810176
1916-10-01,6.8,8.129720606353088,8.62510785010597,9.126843367845604
1916-11-01,-0.6,2.3309937053454455,2.8287674497453406,3.3148469186541316
1916-12-01,-0.2,-0.9250474187577631,-0.44424914202575616,0.07533733721858712
1917-01-01,-5.1,-1.7635961324537135,-1.2440245723795034,-0.7707456680854331
1917-02-01,-7.2,-0.11971071003716922,0.37932724374156024,0.8629524547616513
1917-03-01,-0.9,3.0734964730675745,3.6213919413502014,4.171134907382285
1917-04-01,2.7,6.320561007533608,6.816849266318055,7.312919770166383
1917-05-01,11.7,9.890282898280246,10.387025799819622,10.80526182004693
1917-06-01,15.2,12.957473394504511,13.44500798086266,13.988911535160124
1917-07-01,14.6,15.235432822695598,15.724135920024915,16.273993387092784
1917-08-01,14.9,15.51686809846736,16.0141590560074,16.567775383077098
1917-09-01,15.4,12.878750303412595,13.38838045231196,13.894913449219132
1917-10-01,5.2,8.113739779392791,8.624733892438604,9.085709342263096
1917-11-01,4.5,2.372468829086317,2.8369739505919647,3.313998230872336
1917-12-01,-5.2,-0.9173722158032731,-0.4362778122032087,0.04522432120369014
1918-01-01,-0.6,-1.7409135645802267,-1.2365215342451683,-0.7426003953719315
1918-02-01,-0.5,-0.11867029325078175,0.37345659339356896,0.8530315486006154
1918-03-01,0.2,3.11399993610493,3.631419825919149,4.112722390313784
1918-04-01,6.6,6.373527257232351,6.813398584333459,7.329867923790593
1918-05-01,9.4,9.894003118334876,10.388312640952325,10.826714184800416
1918-06-01,13.6,13.003934660716117,13.448567177834327,14.015268471166724
1918-07-01,15.4,15.24460787791527,15.7355495794023,16.283219591497396
1918-08-01,17.3,15.545378578575688,16.02364296446047,16.505411495353034
1918-09-01,13.2,12.9311801411906,13.377443682721474,13.906581225802341
1918-10-01,9.1,8.205226881071377,8.602758924035742,9.1051097114039
1918-11-01,0.0,2.32227212194756,2.8285844879449833,3.2617577512751805
1918-12-01,1.4,-0.8943796307087957,-0.425876450740875,0.06577704194165082
1919-01-01,-3.5,-1.7798515140665734,-1.2397018951625234,-0.7400405410494506
1919-02-01,-4.6,-0.09761734072659628,0.38416653466692985,0.9073259790776752
1919-03-01,2.2,3.1118687938237852,3.6126506862547,4.10331666705137
1919-04-01,5.9,6.3688531873684555,6.814167111432096,7.355305523886353
1919-05-01,9.3,9.887235836855005,10.375639231384497,10.856894700606244
1919-06-01,12.8,12.997509802619703,13.470827694144031,13.975681260422917
1919-07-01,13.6,15.269795139911642,15.744406392412033,16.277541227579384
1919-08-01,14.0,15.545496993471328,16.047068586365086,16.531115586480567
1919-09-01,8.5,12.928258625120138,13.400389914242211,13.922898955370526
1919-10-01,4.8,8.173540622064385,8.624648626026326,9.102355732664181
1919-11-01,-1.4,2.3520897659428806,2.8377072008397324,3.3148503216935805
1919-12-01,-0.1,-0.877677904515706,-0.4219440876330114,0.10835539927671642
1920-01-01,-1.0,-1.7471464342325755,-1.2165879448757662,-0.7335173545957561
1920-02-01,4.6,-0.0902615736033056,0.4146406680448309,0.9241862199012546
1920-03-01,4.1,3.1444695079513134,3.6618971774416122,4.176653590231389
1920-04-01,8.3,6.391988722411915,6.836598395294763,7.3608931959601955
1920-05-01,12.5,9.893087502513975,10.41167960460425,10.897467031730068
1920-06-01,12.0,13.007908606084309,13.519130309428823,14.003653790855678
1920-07-01,14.0,15.279448262433023,15.780860418408048,16.310429466795377
1920-08-01,13.6,15.560359228302783,16.057214015402767,16.53725793725319
1920-09-01,14.4,12.915036535801862,13.42607721539695,13.917279046664781
1920-10-01,5.7,8.17342348491114,8.646676410894896,9.11370341217294
1920-11-01,3.1,2.361636090905241,2.855305419242019,3.3634528417695835
1920-12-01,-6.1,-0.8785678290776724,-0.39294701070196236,0.10910489822256612
1921-01-01,3.5,-1.743669942805442,-1.1946487858299735,-0.7417013338617362
1921-02-01,0.4,-0.04862749110368861,0.41596010305064146,0.9233716883459854
1921-03-01,6.1,3.1438092314633392,3.6626292192130854,4.131964919168116
1921-04-01,4.7,6.38758146027754,6.829804612982424,7.360232033185201
1921-05-01,7.1,9.883010628202742,10.401339810575747,10.87562825264676
1921-06-01,11.5,12.983088681310823,13.496364855434765,14.019946517367902
1921-07-01,16.9,15.265876016531788,15.769146593769243,16.272907999447384
1921-08-01,16.9,15.503625368790601,16.049228581953336,16.549616833331815
1921-09-01,16.8,12.91032739649355,13.409338142939323,13.919228849662783
1921-10-01,8.1,8.130440698865051,8.632217014535225,9.080901628738987
1921-11-01,-4.1,2.355576447079138,2.8382577341496664,3.314384384760752
1921-12-01,-3.3,-0.9650882580861345,-0.4171074797511083,0.05905334633087416
1922-01-01,-3.4,-1.783034967365356,-1.2169674861328232,-0.7825210965388841
1922-02-01,-5.0,-0.1261441194582935,0.3973248496887116,0.9089284621111213
1922-03-01,2.2,3.131877785474763,3.6328193956007113,4.101603480227353
1922-04-01,5.5,6.327704651244419,6.811613627371855,7.338456693200224
1922-05-01,7.2,9.856333809346056,10.37825409651975,10.894860358234787
1922-06-01,13.0,12.95007959909166,13.470084215025059,13.968224166318034
1922-07-01,13.1,15.227859310255822,15.74649435737822,16.220762784306306
1922-08-01,15.9,15.470012691046097,16.022552105912432,16.506501706745638
1922-09-01,10.6,12.87043908136181,13.39276056385924,13.871509241556037
1922-10-01,3.6,8.10956533449606,8.625665555004478,9.08740152300316
1922-11-01,-1.1,2.3539178375076633,2.8375069378798385,3.3156494019228746
1922-12-01,3.2,-0.9956355543707845,-0.3982177399221807,0.038491976251111254
1923-01-01,-0.1,-1.7430172920362303,-1.2205344120147643,-0.7335069878264193
1923-02-01,2.7,-0.12537841351155007,0.40562786261037287,0.8801074857088207
1923-03-01,2.8,3.1169580733137345,3.6316280029511323,4.112443921193695
1923-04-01,3.1,6.308035771616626,6.835964528012903,7.328333440381734
1923-05-01,7.2,9.829320858421893,10.384952008982808,10.889050463769559
1923-06-01,11.2,12.941442379037802,13.479502587294625,14.025896763288342
1923-07-01,15.9,15.205851035937345,15.769964166559843,16.258778438757957
1923-08-01,16.7,15.48274279617375,16.044686789026386,16.52500175773893
1923-09-01,14.0,12.868334041885557,13.410536517310618,13.86322504281106
1923-10-01,10.9,8.10444499772735,8.623402579210891,9.095735528539455
1923-11-01,-1.8,2.337290939234467,2.8320701078352424,3.302693430369675
1923-12-01,-1.8,-0.988179674274746,-0.4151149077552563,0.06396325570316186
1924-01-01,-1.5,-1.742900707737424,-1.2104912182472312,-0.7746816371296109
1924-02-01,-2.8,-0.12364696832774996,0.4022628424514658,0.9139237485924254
1924-03-01,-0.4,3.159280680042002,3.630125511221639,4.091157773257465
1924-04-01,2.0,6.340689746068629,6.829815004146073,7.3073172394583805
1924-05-01,11.8,9.83505297809411,10.400022748528363,10.917385465609305
1924-06-01,11.9,12.92779105709062,13.48486524019616,13.982506739692221
1924-07-01,15.5,15.229965638641211,15.779650794644592,16.233475316371347
1924-08-01,13.6,15.49452909681279,16.047047958415053,16.508500306579684
1924-09-01,12.7,12.886958947340522,13.411762519484789,13.892778122783223
1924-10-01,7.5,8.085507534986817,8.640683902378498,9.06633985771973
1924-11-01,1.9,2.3574186859271213,2.8347690184367393,3.341145816950852
1924-12-01,-3.8,-0.9276171399534173,-0.40136620792691113,0.07371458584643141
1925-01-01,-0.1,-1.729526687434023,-1.1977749012896144,-0.7518381629311839
1925-02-01,1.7,-0.09938001331550592,0.41745764670733854,0.91251122580391
1925-03-01,0.0,3.1671012238839418,3.6568954805802494,4.113591545728111
1925-04-01,6.8,6.332636500352428,6.859257482477081,7.33669679290784
1925-05-01,8.4,9.882753863990498,10.416752046416018,10.886130802352529
1925-06-01,11.8,12.984573822781353,13.511009321733809,13.998812461450608
1925-07-01,15.7,15.287896710203986,15.805483229841546,16.2482331434858
1925-08-01,16.6,15.560324210403579,16.08113934227147,16.539182187027013
1925-09-01,12.4,12.906066338297114,13.458459585346748,13.903667146529898
1925-10-01,8.6,8.164136148750162,8.666450039571146,9.131825139967003
1925-11-01,-1.0,2.380545012363116,2.8844009732404863,3.3778472307896483
1925-12-01,-1.2,-0.9249306828495703,-0.35835009325786293,0.09665799423412728
1926-01-01,-6.5,-1.7308777027021636,-1.170198832974641,-0.723870565215862
1926-02-01,1.2,-0.0902181230376592,0.48196121851835905,0.9628632818241454
1926-03-01,4.3,3.198769209771946,3.7023175456388397,4.163178413931357
1926-04-01,10.2,6.43218654156494,6.916803371199597,7.3668958913282765
1926-05-01,6.7,9.930628804024265,10.45763990521151,10.93315784907198
1926-06-01,13.9,13.059610872738617,13.561080906436047,14.054212741235785
1926-07-01,15.1,15.323026166585107,15.842638913587965,16.291014106585084
1926-08-01,17.2,15.593428567473339,16.118686863846534,16.587390505546857
1926-09-01,11.3,12.932331784814906,13.481713987842376,13.979114676972605
1926-10-01,3.5,8.213269004744385,8.694611758074743,9.182812108774433
1926-11-01,2.7,2.408372666285736,2.9164994256865215,3.423524435523223
1926-12-01,-3.2,-0.8657720579804435,-0.33017580219143117,0.12874958240751966
1927-01-01,1.8,-1.6598254203020646,-1.1325949565141116,-0.6563101840795079
1927-02-01,0.9,-0.04670809728609185,0.5020478633375047,0.9908186159216382
1927-03-01,3.2,3.2052720263595598,3.7153058100307357,4.196266302515893
1927-04-01,9.0,6.433497882568218,6.914475256765435,7.4051085282224705
1927-05-01,10.6,9.964287451593655,10.47793014331546,10.967400102795754
1927-06-01,11.2,13.050945323236238,13.575866393960702,14.076915217873324
1927-07-01,16.6,15.358250021948592,15.846745206212244,16.300499499817228
1927-08-01,15.1,15.636538477003057,16.12039905207412,16.625623059588083
1927-09-01,12.1,12.968998368473697,13.48743895962036,13.973605399603587
1927-10-01,10.8,8.230704751972183,8.718337355972594,9.186190977749325
1927-11-01,0.5,2.41160357799807,2.9394428604284935,3.3969541003949426
1927-12-01,-7.1,-0.8515097746622047,-0.3161527482016444,0.09367369191923329
1928-01-01,0.5,-1.6884193699741703,-1.117039094137001,-0.6497623755738932
1928-02-01,0.1,-0.04867086631726285,0.5231422751985617,1.0180038682454076
1928-03-01,0.9,3.223398225762084,3.7452351657418355,4.201209127467776
1928-04-01,3.3,6.406611814631481,6.935195051604597,7.411177727994542
1928-05-01,9.8,9.98013712690946,10.497692849527827,10.989517171969084
1928-06-01,13.2,13.077064075905072,13.60323955212907,14.090672686498147
1928-07-01,18.5,15.387982264425055,15.881386931561467,16.36964892065626
1928-08-01,17.2,15.625057544807701,16.140733854375256,16.623313749237457
1928-09-01,12.4,13.053537192507978,13.516423493925773,13.996569591582304
1928-10-01,9.0,8.2539096906722,8.74046673723133,9.215224191438201
1928-11-01,5.3,2.446247730239153,2.9661328590105325,3.420105236162111
1928-12-01,-0.8,-0.7904884487035064,-0.3076237771218957,0.1281228357735464
1929-01-01,-3.8,-1.6310037190448057,-1.0982156983561038,-0.6531236031008912
1929-02-01,-11.6,-0.009020939774615827,0.5245840094863063,0.9885838605311353
1929-03-01,0.6,3.2302473764505244,3.75462457744906,4.25661692865336
1929-04-01,4.4,6.427664724917393,6.948270333740808,7.422360792493534
1929-05-01,9.4,9.991651392425956,10.495182233990736,10.99477287810669
1929-06-01,12.2,13.154492203676162,13.609308810817558,14.106793731749654
1929-07-01,12.6,15.454393639317406,15.893190475965852,16.33768335956359
1929-08-01,15.1,15.686886082749648,16.178483542397025,16.67256048831054
1929-09-01,14.0,13.073971013140921,13.536932696982994,14.040000900678356
1929-10-01,7.6,8.33234878504598,8.78001688815093,9.23526735472661
1929-11-01,5.6,2.5242261050633408,3.004633883276811,3.4887579786082545
1929-12-01,-1.5,-0.74818222600717,-0.24858442495698174,0.19516173603518028
1930-01-01,0.7,-1.5529816412356026,-1.0438937258576333,-0.61422286708355
1930-02-01,0.0,0.07136269363142314,0.5841899191887285,1.0391268611075875
1930-03-01,4.9,3.3236170355942516,3.812349881900407,4.248994571977352
1930-04-01,7.1,6.526652071857227,7.005162963692069,7.4807758099960155
1930-05-01,9.1,10.065258181584788,10.573702638804116,11.050855146637105
1930-06-01,17.9,13.193505544068742,13.67061331676204,14.13925725455838
1930-07-01,11.6,15.49799849749966,15.958552480400751,16.409650527846157
1930-08-01,15.7,15.744173571549771,16.221918488738446,16.751396828406445
1930-09-01,13.3,13.095582234087807,13.58797999492105,14.016314325518996
1930-10-01,8.1,8.346310347975306,8.818008776920054,9.2860886105423
1930-11-01,4.5,2.5408140094734573,3.0159577579672683,3.5194073104497807
1930-12-01,-1.0,-0.7397572241816743,-0.20662359874722513,0.19953423036960735
1931-01-01,-1.6,-1.5576266736179745,-1.0350689727020996,-0.5495623580889856
1931-02-01,-0.6,0.05309774540874652,0.596294308890708,1.0782528750198563
1931-03-01,-1.1,3.319779319803639,3.8415901155591157,4.320466043312056
1931-04-01,6.2,6.52862710400895,7.026308835986616,7.4816380441354395
1931-05-01,10.0,10.048097669505516,10.578007467115437,11.120154339044548
1931-06-01,15.9,13.224752164958478,13.68740471254689,14.169688259584982
1931-07-01,16.5,15.507296244694729,15.97117508931835,16.46551966970079
1931-08-01,12.1,15.751794726446773,16.24522626992135,16.73006548191208
1931-09-01,10.8,13.1020638391393,13.615953105677807,14.062665772033984
1931-10-01,5.1,8.366216973222155,8.832152296182933,9.2859021525367
1931-11-01,5.0,2.544835647259452,3.0460687008958582,3.554345999399695
1931-12-01,-2.1,-0.7363761788878758,-0.194514015066086,0.24684870658607772
1932-01-01,-0.4,-1.5409877864466885,-1.0141098829751978,-0.5387382251474282
1932-02-01,-5.0,0.06811590524687997,0.6269953619954634,1.146138958984525
1932-03-01,0.8,3.3707784429619023,3.857999346098416,4.355237858323823
1932-04-01,6.1,6.522491453620784,7.053756164508302,7.551528693619872
1932-05-01,9.2,10.11400187500758,10.591183450569787,11.150172148398758
1932-06-01,10.9,13.219291448266764,13.719444002021842,14.22122305409727
1932-07-01,15.8,15.553835252939162,15.999536744785777,16.493710374686863
1932-08-01,18.2,15.769608834893567,16.278567056118156,16.804222564970882
1932-09-01,13.6,13.144524793156647,13.654339684857028,14.123803478983266
1932-10-01,9.8,8.390255487291439,8.852015144574615,9.352704785077222
1932-11-01,1.6,2.584217153456266,3.07863828142402,3.62970620438238
1932-12-01,-1.1,-0.6877418002364146,-0.1532837854484379,0.29322729572108497
1933-01-01,-5.4,-1.4573909110051855,-0.9721528703506772,-0.4463481856138637
1933-02-01,-0.5,0.15182674855930814,0.6574505337472285,1.2035324931139868
1933-03-01,8.0,3.4324901701483768,3.905011903089507,4.4026003228210735
1933-04-01,7.7,6.606731808875818,7.102583551420603,7.618330802217599
1933-05-01,11.0,10.171604325591014,10.627956645348945,11.22816919201143
1933-06-01,10.3,13.290159471258022,13.764902022633438,14.273047963481792
1933-07-01,17.9,15.579437234038043,16.036410007943566,16.572239011587737
1933-08-01,16.6,15.808644233517937,16.303997576886562,16.846624597662267
1933-09-01,14.9,13.138421428255073,13.664014575705927,14.201037534197562
1933-10-01,5.3,8.418401889151328,8.8804544862483,9.386102179729823
1933-11-01,1.8,2.6311375167704334,3.104512745907208,3.6450237647338137
1933-12-01,-7.4,-0.6631935068758354,-0.16016503875740762,0.3965132659537741
1934-01-01,0.0,-1.4435377294331593,-0.9700068018009964,-0.42237273693601884
1934-02-01,0.1,0.10415757047248908,0.6704632295979369,1.2284205763251763
1934-03-01,4.5,3.3867793017702827,3.927431000032837,4.4126487225065025
1934-04-01,8.4,6.60736246979969,7.12770993950665,7.613674464941463
1934-05-01,10.6,10.209445981308601,10.656104256033004,11.21387710839736
1934-06-01,13.2,13.292091911549353,13.77721434401661,14.282540465546768
1934-07-01,18.7,15.569382326063401,16.03770507034519,16.583466190153175
1934-08-01,15.5,15.80764618405048,16.315260972129188,16.830411641921675
1934-09-01,15.4,13.190408896683572,13.681851001585297,14.238111679885767
1934-10-01,8.2,8.432180062156245,8.913155204360475,9.422948205351167
1934-11-01,4.8,2.6505264346332926,3.125785787726673,3.6513467523432817
1934-12-01,3.5,-0.6131689616471551,-0.15309520059515735,0.3106760937051345
1935-01-01,-0.8,-1.4309923890798142,-0.9712368507537921,-0.461224637718772
1935-02-01,-1.4,0.126678086056991,0.6751789112233664,1.1630360055526061
1935-03-01,0.8,3.3841016342475685,3.8861819150815635,4.387190646224489
1935-04-01,4.3,6.590500652764122,7.094862057598464,7.540434024368593
1935-05-01,5.1,10.177467850882623,10.642761371139825,11.151314940133002
1935-06-01,15.9,13.262108482562684,13.724567296794726,14.239695032804814
1935-07-01,17.1,15.560679538265633,16.014944933352133,16.506065955671016
1935-08-01,13.4,15.780429059225265,16.25568063311632,16.793120472689385
1935-09-01,13.7,13.177420790723302,13.62060878595397,14.149295779972897
1935-10-01,6.9,8.405352894133303,8.857524831130645,9.33664168273142
1935-11-01,1.4,2.623804689082133,3.0661959873337805,3.5612197079567234
1935-12-01,-2.5,-0.6713746897805994,-0.19254958486655394,0.27123048657628224
1936-01-01,-0.2,-1.5088978035627607,-1.0093918848684225,-0.4927736696535698
1936-02-01,-0.6,0.10068776160038707,0.6399514108526425,1.1462273024887117
1936-03-01,0.9,3.357223835036149,3.861977208766029,4.375630601130235
1936-04-01,6.2,6.581857033035348,7.052462790772701,7.524983331173357
1936-05-01,9.8,10.107812540244646,10.589571207678308,11.117348368727585
1936-06-01,12.1,13.236109834060809,13.71496574963583,14.214162537625507
1936-07-01,15.6,15.520175238931973,15.994327218927657,16.411805693786018
1936-08-01,18.0,15.746949912982306,16.24764676923367,16.753651663546464
1936-09-01,9.2,13.116415284398924,13.612054224898529,14.125528802752463
1936-10-01,8.5,8.379994545173135,8.844563965818372,9.334921610855332
1936-11-01,-1.1,2.563716533230715,3.0546145507613605,3.5293125535840364
1936-12-01,-1.7,-0.691958963697666,-0.2039774471533038,0.27449729075049323
1937-01-01,-4.0,-1.5048083246726014,-1.0362184302040123,-0.5286453904978052
1937-02-01,2.7,0.1011716812711022,0.6251649604533949,1.1264095904001157
1937-03-01,-0.4,3.340423682798728,3.8500426100180816,4.3598531160668506
1937-04-01,7.2,6.598992326088168,7.039857939325465,7.526629251292821
1937-05-01,12.5,10.09221588091112,10.607192715603862,11.093217444380254
1937-06-01,12.6,13.239462062983234,13.699861038197376,14.186015238994356
1937-07-01,15.0,15.518751547523834,15.98429198695204,16.412964975775715
1937-08-01,15.2,15.772318702387635,16.248363984149023,16.749322190481028
1937-09-01,12.0,13.14039172728801,13.62764664859641,14.093965865674456
1937-10-01,12.2,8.387067207585202,8.857622262214006,9.31529820256609
1937-11-01,1.9,2.5708332108413634,3.0664061855802354,3.5405656147017233
1937-12-01,-1.2,-0.7159278637284757,-0.21016146021217308,0.25796347145358994
1938-01-01,-2.7,-1.524065982115217,-1.0025555423270305,-0.5155543887719871
1938-02-01,-1.1,0.10336246310881503,0.5948423821545581,1.1081896629817558
1938-03-01,8.4,3.372002719998759,3.8469197346637367,4.36978928622195
1938-04-01,5.5,6.570337835066878,7.034337508043103,7.478868461251426
1938-05-01,7.5,10.091324741545327,10.600617635095357,11.076469609091975
1938-06-01,15.5,13.231984767530994,13.69650560068229,14.177992615531553
1938-07-01,16.3,15.507913613120618,15.9617057740035,16.425491288824777
1938-08-01,15.9,15.748072402199499,16.233928896614703,16.728516504790495
1938-09-01,16.4,13.122829003433388,13.604076865750148,14.081184864884676
1938-10-01,5.7,8.324320255453198,8.821997971985866,9.302091711710455
1938-11-01,5.3,2.543978587768049,3.0325323535254722,3.5216963356843674
1938-12-01,-11.6,-0.732297685865844,-0.24166795830650223,0.26213899051280676
1939-01-01,1.6,-1.545615946352773,-1.0459108229654697,-0.5701754245414039
1939-02-01,0.9,0.08973157173942639,0.581916853900529,1.063520515117747
1939-03-01,1.7,3.2934860806869586,3.8124334218421816,4.319352858767051
1939-04-01,5.9,6.514494281430981,6.997194347837132,7.46238667096825
1939-05-01,10.2,10.090799443200469,10.553653316475712,11.011535133071876
1939-06-01,13.3,13.153539484995656,13.6707990620588,14.128166067107102
1939-07-01,14.7,15.43516792615584,15.939925852189782,16.37575476606183
1939-08-01,17.4,15.72032712613233,16.1928796439077,16.663586026985282
1939-09-01,12.3,12.979610673897525,13.560766766012392,14.04274583238134
1939-10-01,4.3,8.295079709008366,8.770034514237876,9.25621221056529
1939-11-01,2.9,2.4593157133142363,2.9835437988655626,3.5053413043825565
1939-12-01,-2.6,-0.8041479089791251,-0.28471606192400367,0.2569117867539034
1940-01-01,-10.3,-1.5814229766105914,-1.0846049446656028,-0.6453435905143274
1940-02-01,-7.9,-0.005164713788061624,0.5265070629579816,1.0441085750938965
1940-03-01,3.5,3.270199689826212,3.779359985037333,4.277087799516868
1940-04-01,6.5,6.454645547322435,6.958625479700204,7.473743391767871
1940-05-01,12.9,10.010218923468642,10.538351661638345,10.975866320277277
1940-06-01,17.0,13.063854337687815,13.63102390078759,14.118345122156265
1940-07-01,16.8,15.365091457555907,15.91071378940936,16.36262702135783
1940-08-01,13.4,15.618895671721802,16.17532050997382,16.623888270444194
1940-09-01,11.9,12.984835941494797,13.534053438838077,13.995334919974262
1940-10-01,2.4,8.16727700462719,8.733102518888515,9.236654241791653
1940-11-01,1.6,2.3446378257795173,2.9632067955321117,3.483288480445816
1940-12-01,-3.8,-0.9114368435668401,-0.3242984086859133,0.23114915073027173
1941-01-01,-7.9,-1.6793705003783306,-1.1057984242683516,-0.6362577635280477
1941-02-01,-3.7,-0.09441543129755772,0.5062097352674475,1.0822080478241936
1941-03-01,2.1,3.1449517160995963,3.741066773688588,4.247595790045824
1941-04-01,5.8,6.352524667686445,6.959200647536249,7.425766398263177
1941-05-01,7.4,9.950872518566928,10.513036492766581,10.98692610516726
1941-06-01,13.7,13.033372361210304,13.607347166587289,14.11379844878825
1941-07-01,16.8,15.316285654460938,15.908114007961252,16.385337969120865
1941-08-01,14.6,15.568445346927836,16.18259692920151,16.6471574446177
1941-09-01,13.8,12.96382431203183,13.552049890360475,14.041316538272637
1941-10-01,3.7,8.188149637792671,8.760961428980293,9.253566783116431
1941-11-01,-0.4,2.3819525344403454,2.9900831949746904,3.4985306366054734
1941-12-01,-1.6,-0.8755362746278675,-0.2864326006883826,0.21344495216353368
1942-01-01,-9.6,-1.6451854909884243,-1.0684648264710952,-0.5935722885650335
1942-02-01,-7.1,-0.027317209127378204,0.5473485668153053,1.082213653193764
1942-03-01,-1.4,3.2570983824344535,3.8035149898307985,4.280223714792033
1942-04-01,8.9,6.4111242789353255,7.00953764386014,7.482690398421266
1942-05-01,8.7,10.004162672249212,10.560081650636338,11.061324162663839
1942-06-01,14.6,13.159966412921209,13.675399952959419,14.13789710315469
1942-07-01,12.0,15.410399181749483,15.958257314478498,16.418044517744885
1942-08-01,15.8,15.715568446242084,16.23322054373424,16.70814100314331
1942-09-01,13.3,13.075504632467487,13.608613455230259,14.100945581012246
1942-10-01,10.9,8.353842837189802,8.825814917705525,9.33867265892861
1942-11-01,2.9,2.5447754262664835,3.052576601727264,3.585543279649801
1942-12-01,-1.4,-0.7769730756133951,-0.20666182510669584,0.3049096395081745
1943-01-01,-3.0,-1.5087987965003486,-0.9785326507600587,-0.5563428712226033
1943-02-01,3.2,0.14067804712866874,0.6320761432490669,1.144630646288884
1943-03-01,6.2,3.3397747266958286,3.8746526216589703,4.3599908655732085
1943-04-01,8.1,6.534848025495893,7.078240969546293,7.545795031965967
1943-05-01,8.4,10.124302999369528,10.639481155922315,11.117241509545481
1943-06-01,14.6,13.252591346475555,13.731773830746093,14.224969745517619
1943-07-01,15.9,15.490566465089207,16.0155706942083,16.529507503968507
1943-08-01,16.7,15.793351350407688,16.29647956907931,16.75131543929073
1943-09-01,8.3,13.150546010770356,13.662083653047443,14.176569040532172
1943-10-01,8.7,8.417028953248222,8.863591709914363,9.374739232873582
1943-11-01,-0.2,2.5469986538647316,3.11361714535808,3.6150888161359287
1943-12-01,-1.7,-0.6846832759768878,-0.17173804493155176,0.3284461735790668
1944-01-01,0.3,-1.451618747869933,-0.9553959737889035,-0.5427381140270763
1944-02-01,-2.1,0.19597321507743004,0.6755605822155162,1.1462124245800311
1944-03-01,-0.3,3.4214853312491496,3.9091396920736767,4.370596418660242
1944-04-01,7.3,6.605698781357754,7.1125149830326855,7.557712322511513
1944-05-01,10.0,10.184475255253357,10.68415213941705,11.172345774624981
1944-06-01,10.6,13.270522665196262,13.775713954030245,14.26216695145562
1944-07-01,15.6,15.549335641893677,16.05236329701445,16.507065357532152
1944-08-01,17.5,15.833920551270955,16.348742196927788,16.784122658730514
1944-09-01,13.2,13.252691755954167,13.708812947762128,14.203848129486444
1944-10-01,6.8,8.475612151928017,8.932400606768937,9.42157705451669
1944-11-01,2.6,2.6770822956924456,3.163887878512112,3.6379636362774845
1944-12-01,-0.7,-0.57797371247995,-0.11380709096659958,0.40478601495282396
1945-01-01,-4.7,-1.3688495348154366,-0.8701034764057214,-0.42921699187099177
1945-02-01,5.1,0.24197381321053352,0.7506138912523816,1.2243748551836462
1945-03-01,5.1,3.5093530348612005,3.990144563000355,4.44949833133908
1945-04-01,6.9,6.694045195325951,7.18170591984586,7.631530482366272
1945-05-01,7.6,10.250048282618781,10.74739288007687,11.227776234723912
1945-06-01,15.3,13.396752160424139,13.849568923330015,14.358789575211048
1945-07-01,16.0,15.647749488813622,16.119451201196785,16.621377518498022
1945-08-01,15.3,15.930811478315244,16.399792834422794,16.89568476478743
1945-09-01,13.5,13.30143193773374,13.770326683034183,14.2769468812161
1945-10-01,12.9,8.549076651823574,8.9740806647822,9.494495822450329
1945-11-01,0.8,2.733762821643917,3.2250472335278557,3.685547330437206
1945-12-01,-5.5,-0.5518047143042417,-0.06098590101746337,0.4645247217458728
1946-01-01,-2.0,-1.343521927779403,-0.8426038358348733,-0.3588663190926309
1946-02-01,2.3,0.27503064062427235,0.7851542084779743,1.3035080697257195
1946-03-01,-0.6,3.52106668766615,4.023533298013617,4.534796660052707
1946-04-01,9.1,6.756424121528762,7.2087962238408245,7.712320688935046
1946-05-01,8.8,10.35585217843079,10.777968793243213,11.296306476755154
1946-06-01,14.6,13.427354724291344,13.88721257761729,14.404912332505615
1946-07-01,17.1,15.680773277799709,16.15835512561594,16.6542796252775
1946-08-01,15.1,15.98349381497845,16.425767342070774,16.95452400806089
1946-09-01,16.1,13.342563640721433,13.803355205835324,14.26491587415361
1946-10-01,5.5,8.570170266208972,9.015442119229132,9.553425462262073
1946-11-01,1.8,2.736205528602241,3.272256553666463,3.7293721386035736
1946-12-01,-8.2,-0.48666811450228425,-0.018457267517056675,0.5692710123300541
1947-01-01,-5.7,-1.3231929961756508,-0.8056632718804018,-0.2956269212677409
1947-02-01,-4.6,0.3196069472735876,0.8147416639569731,1.374749315891668
1947-03-01,0.7,3.560491060804085,4.062017970038926,4.6023099246274874
1947-04-01,8.8,6.79040811981152,7.244052927635439,7.766784994324051
1947-05-01,8.0,10.363064309441706,10.813978042443603,11.32887787645889
1947-06-01,14.1,13.439497281105332,13.908051452421205,14.474531126498348
1947-07-01,13.9,15.737612535252307,16.18739166462136,16.73493410279977
1947-08-01,18.3,16.02462689804161,16.483277286092203,17.005618879485183
1947-09-01,15.0,13.381776016973541,13.87013539662695,14.380676735184593
1947-10-01,6.3,8.607155640491479,9.084668663154012,9.614168998297016
1947-11-01,2.0,2.805100127029972,3.3524256788982503,3.850417594321483
1947-12-01,-0.2,-0.40728954393394506,0.02838234530469208,0.627504355234288
1948-01-01,0.7,-1.1986734986800398,-0.7361192739644995,-0.16722442892138942
1948-02-01,-6.0,0.3995983263839047,0.9004718672522314,1.472901568439842
1948-03-01,7.1,3.64483030337323,4.142006204563343,4.7177943646778555
1948-04-01,7.6,6.858402962550603,7.34896780494244,7.873743644480613
1948-05-01,11.7,10.424172094313507,10.890462391487608,11.430236162755385
1948-06-01,13.0,13.532485326478481,14.006815330774707,14.57880174389817
1948-07-01,12.5,15.813720594885345,16.283521126713204,16.84831893422058
1948-08-01,16.2,16.11499751939757,16.561222637546035,17.11313524195971
1948-09-01,13.8,13.45532993084098,13.924109528837697,14.501684374759892
1948-10-01,5.5,8.667410019868377,9.163312439556481,9.702390326300662
1948-11-01,3.5,2.8686794393200765,3.3867222904945518,3.9797468466984123
1948-12-01,-0.6,-0.3965632048019246,0.10875031582442496,0.6980738860314881
1949-01-01,2.9,-1.1626957660145356,-0.669590699306303,-0.09453955081731634
1949-02-01,1.3,0.4720159805935858,0.9471333736218632,1.5157490303138585
1949-03-01,1.3,3.718564135669659,4.179993716170671,4.776214676349079
1949-04-01,7.6,6.873863590139775,7.392979301232593,7.96789774055627
1949-05-01,10.1,10.487156454304724,10.959784062599127,11.528428287148994
1949-06-01,12.5,13.53686579741066,14.049316474690219,14.619224972090171
1949-07-01,15.9,15.820989747879876,16.350861695719956,16.924142660305534
1949-08-01,17.5,16.150085339910586,16.63597188401003,17.201088366850055
1949-09-01,16.3,13.462958487555191,13.971683682668267,14.591857764972888
1949-10-01,2.1,8.67081345015199,9.206738444429584,9.811711707324418
1949-11-01,2.6,2.8860846033589387,3.4396049976598784,4.0684178692503234
1949-12-01,1.1,-0.37051805409246563,0.15168297239831263,0.753069517837442
1950-01-01,-3.3,-1.1595640910440397,-0.6218369159730059,-0.01383857022974396
1950-02-01,4.3,0.47650282867834726,0.9965546049600116,1.5968836315256467
1950-03-01,5.5,3.7408429489203243,4.228270641352648,4.8741087666838085
1950-04-01,6.7,6.928003285877422,7.444378061214493,8.035746538595482
1950-05-01,11.3,10.52071868204867,11.00419993502621,11.621790407422019
1950-06-01,15.8,13.598653712885072,14.10747413540294,14.766302365240609
1950-07-01,19.9,15.864432352771994,16.402197008034534,17.05212578615012
1950-08-01,16.9,16.1736443400326,16.641141507978027,17.32444834700608
1950-09-01,12.1,13.508329333310291,14.025511266493492,14.648989361311596
1950-10-01,4.0,8.72387738225917,9.24399373819605,9.88858400472501
1950-11-01,5.3,2.9415705030789017,3.471544598093786,4.064023726148169
1950-12-01,-7.2,-0.3136414602319454,0.2059830391960613,0.834484300940738
1951-01-01,1.5,-1.121492477360888,-0.5931127762586001,0.012223531781296789
1951-02-01,3.8,0.5092640511780274,1.0205679963701555,1.6552747310608356
1951-03-01,2.4,3.749913793707419,4.244246999781112,4.934988212154984
1951-04-01,4.9,6.961325712701431,7.457755740532556,8.057259426457971
1951-05-01,9.1,10.560167916589446,11.017209712037552,11.639660409108778
1951-06-01,14.0,13.584463389750132,14.108345106299277,14.730619032216646
1951-07-01,13.3,15.881274513730395,16.406230829490646,17.03448652549788
1951-08-01,16.8,16.18451740346211,16.671135387853774,17.26277538602998
1951-09-01,15.3,13.49703705563059,14.039379564432371,14.674221060273531
1951-10-01,7.7,8.731921277207821,9.248460336832068,9.885930927568186
1951-11-01,7.2,2.953260930901022,3.492001692532523,4.069367166508478
1951-12-01,4.3,-0.32237716145755335,0.2007456589614538,0.8072061027718245
1952-01-01,-0.1,-1.1261887069927563,-0.5985530673821104,0.011885015223875636
1952-02-01,1.2,0.48364888290859565,1.0242207564749162,1.6131003868947356
1952-03-01,0.6,3.767829629366207,4.246161521333947,4.838655352137488
1952-04-01,6.9,6.951529905067581,7.443882640495879,8.041487866738938
1952-05-01,15.7,10.547481965715201,10.984967117797037,11.58398473447419
1952-06-01,15.8,13.58246319888632,14.081326514844555,14.658666161070938
1952-07-01,16.2,15.845402959945353,16.36910482727866,16.943264645308194
1952-08-01,17.0,16.130130064989856,16.608865077050815,17.179730489010304
1952-09-01,11.5,13.470985282857436,13.97860458948125,14.535578456973246
1952-10-01,7.2,8.714090949276788,9.201598555556568,9.718301408656883
1952-11-01,0.5,2.8882138470911984,3.42375097121168,3.948061403704573
1952-12-01,-1.7,-0.38386883137268774,0.14104072708336712,0.6436027818679415
1953-01-01,-1.9,-1.1913519354102213,-0.6764436712936837,-0.16116902347383033
1953-02-01,-1.5,0.44220648414058833,0.9464739493376273,1.4900276466898088
1953-03-01,4.9,3.705525335094839,4.1913961759001594,4.706402700036965
1953-04-01,7.9,6.871303718018208,7.37813917212903,7.882028108689092
1953-05-01,10.9,10.487413053097157,10.914634347656367,11.459373028216639
1953-06-01,11.5,13.570800056358275,14.001379413516124,14.559424342793655
1953-07-01,15.9,15.781430128548175,16.293413378074554,16.81646786406754
1953-08-01,18.1,16.093738027547154,16.546673514669706,17.069395394611053
1953-09-01,14.7,13.419170498954607,13.925398136704867,14.39441585824825
1953-10-01,10.8,8.66960003157561,9.11552439604861,9.658481850441072
1953-11-01,2.4,2.8486664900887693,3.3541743801975077,3.8178176257572733
1953-12-01,-1.2,-0.43431700856403876,0.07528457335638539,0.5672793238162412
1954-01-01,-6.8,-1.2705095719844006,-0.7371747250362608,-0.26358754149792
1954-02-01,-8.2,0.3494096822769401,0.8792495164592609,1.4038454473588944
1954-03-01,2.0,3.6107727824063347,4.10918108447189,4.619975656521551
1954-04-01,8.3,6.828622068277437,7.2914305366538485,7.733607455207968
1954-05-01,9.8,10.368021438244153,10.849522644018528,11.345581926031397
1954-06-01,12.1,13.431710378330886,13.939748077368058,14.45813062615551
1954-07-01,14.9,15.738180531316315,16.22428670829374,16.682418591162346
1954-08-01,12.9,15.985383566821524,16.465588384669747,17.002592602872504
1954-09-01,11.6,13.375492556707117,13.844081020089709,14.309739911683918
1954-10-01,10.6,8.61797454159456,9.071255411826353,9.558112604849496
1954-11-01,3.7,2.7701988238110578,3.2996290490965032,3.748745285337308
1954-12-01,3.4,-0.48811515650363957,0.020591860200895873,0.5326304419514212
1955-01-01,-2.7,-1.3093533471580667,-0.7809591119102905,-0.2839286805394624
1955-02-01,-1.5,0.32607681420666645,0.8197718812558765,1.3679020108450273
1955-03-01,1.6,3.550453776784862,4.092468530438766,4.5665743780086965
1955-04-01,7.1,6.781881288299285,7.252765228140022,7.727454371579332
1955-05-01,11.3,10.323935661817327,10.828966516481035,11.317539793386908
1955-06-01,12.6,13.436733494140036,13.91719626896208,14.452534669886209
1955-07-01,16.4,15.670465843581429,16.18246348937847,16.64000528703742
1955-08-01,15.7,15.965341071242849,16.453334835950834,16.923239890734454
1955-09-01,11.5,13.366179832698519,13.829222822314797,14.273598299493136
1955-10-01,5.0,8.553308321094335,9.044791726027753,9.470542030108437
1955-11-01,3.8,2.7375545094831883,3.265199135477638,3.696221039671061
1955-12-01,0.8,-0.520509272465657,-0.01665899508213675,0.4503461341133321
1956-01-01,0.3,-1.299158097162754,-0.8191230068737787,-0.33313865029298484
1956-02-01,-11.5,0.30078246548383963,0.7908557639346188,1.302401857457261
1956-03-01,2.0,3.4972464075910854,4.05592570059947,4.481008316337712
1956-04-01,2.8,6.734099600854003,7.2171752678375025,7.6823785684363255
1956-05-01,11.7,10.335457112604503,10.79182955859116,11.257709637826515
1956-06-01,10.8,13.372234657412067,13.888432098114425,14.36225283151584
1956-07-01,13.2,15.63141638293895,16.163039045003774,16.651645578106905
1956-08-01,14.6,15.942700949564609,16.418788875574137,16.90590963796379
1956-09-01,15.4,13.338321513374709,13.803140912459247,14.263143349137255
1956-10-01,4.0,8.51432263027541,9.039296088606893,9.53932980877314
1956-11-01,-1.0,2.721426365666305,3.2592700364947653,3.762233601039719
1956-12-01,-1.7,-0.547346885801727,-0.03693305996049023,0.5123203291878454
1957-01-01,-1.0,-1.315536591060781,-0.8030166557624754,-0.30358643513505523
1957-02-01,1.8,0.3182115621616635,0.806047454732318,1.3859685173381657
1957-03-01,7.8,3.5245719953508146,4.063478954648538,4.5386312555667825
1957-04-01,8.1,6.755359351438534,7.24470859838044,7.749175279337714
1957-05-01,6.9,10.355015857268619,10.809553779614955,11.339285609366268
1957-06-01,10.8,13.430003706218574,13.905927465281483,14.392674331471522
1957-07-01,17.0,15.696881937355782,16.20186821822143,16.686668856466003
1957-08-01,14.4,15.990615437574837,16.45207808287021,16.95524608539237
1957-09-01,12.0,13.371732562654062,13.819625676303982,14.300898523638116
1957-10-01,9.0,8.593210014943246,9.060710762691052,9.550142497673672
1957-11-01,2.1,2.808302727800194,3.266664288922795,3.7486894485556763
1957-12-01,-2.3,-0.4871944120357075,-0.013173943136303823,0.48280112105252126
1958-01-01,0.5,-1.2870593101855563,-0.7966687733870552,-0.31929102626729944
1958-02-01,1.1,0.3428411612658523,0.820208963504987,1.3516289076829617
1958-03-01,0.1,3.576706294268673,4.083533687952749,4.503904303560815
1958-04-01,5.1,6.814175463635403,7.256380689411968,7.769326669252549
1958-05-01,13.3,10.381775801981894,10.82953141573952,11.325598858479367
1958-06-01,13.9,13.420924100640852,13.936688619926542,14.414262102661823
1958-07-01,14.8,15.738450922352449,16.202489615900028,16.67321289391916
1958-08-01,16.1,15.992570169772511,16.47300404489281,16.98946528297826
1958-09-01,15.8,13.379381124462999,13.823922688528649,14.372100320953157
1958-10-01,6.6,8.603321968463469,9.074715646346071,9.563700403751392
1958-11-01,2.2,2.823624127991697,3.275430663284724,3.7738102712021115
1958-12-01,0.9,-0.4940328177198381,-0.015462530120986084,0.5459110945409635
1959-01-01,-0.5,-1.3108715439467247,-0.7767005675942347,-0.28277069204339683
1959-02-01,-3.0,0.38184555314824525,0.8433016526927664,1.4159784179542243
1959-03-01,6.3,3.598059140850077,4.092681779591567,4.566903016129235
1959-04-01,10.1,6.777768302041436,7.272545565606229,7.80130744472044
1959-05-01,13.5,10.393050725740817,10.826860607773733,11.38246507323178
1959-06-01,15.9,13.447214782608748,13.950151387623249,14.399868513489054
1959-07-01,14.8,15.74209591784797,16.212013176157654,16.673949621942167
1959-08-01,16.4,16.002116709431792,16.47179246963683,17.01971770612428
1959-09-01,15.9,13.39363160792885,13.826961815581356,14.330024800000615
1959-10-01,7.3,8.624724400290448,9.06866944617991,9.5419206765796
1959-11-01,2.2,2.8009548100075223,3.280764900188364,3.761149312606377
1959-12-01,0.5,-0.47364695005415647,0.006895613069825224,0.5122593417168835
1960-01-01,-5.9,-1.319821362906385,-0.7928434249233427,-0.320351511033476
1960-02-01,0.4,0.37362971496368913,0.8152017814979224,1.3686469470407254
1960-03-01,3.7,3.570344721182069,4.0728570018881936,4.520409020605399
1960-04-01,6.5,6.79974131732703,7.232941613546038,7.778927229099498
1960-05-01,10.7,10.33690152159655,10.821144310034368,11.330566836245318
1960-06-01,13.9,13.390893197879706,13.913968435863609,14.367201992816566
1960-07-01,16.3,15.74068575068163,16.184512046654547,16.70109070194805
1960-08-01,15.4,15.99215428353016,16.456294619784984,16.92557122322818
1960-09-01,11.6,13.363736935752764,13.819544252253731,14.316786959067779
1960-10-01,9.3,8.572870493827699,9.031394994007695,9.527532628503106
1960-11-01,6.2,2.756351389567367,3.258164108186993,3.7403271347734544
1960-12-01,-0.5,-0.49547236646656045,-0.025806930987211096,0.483048568944046
1961-01-01,-3.4,-1.3408857882430985,-0.8119634446595199,-0.34936847310142843
1961-02-01,4.5,0.3462307211936159,0.791197073764411,1.3253604008346003
1961-03-01,6.6,3.52798597393238,4.0216972661589345,4.490914925732668
1961-04-01,10.1,6.741907600414183,7.2128682961175326,7.720787524047187
1961-05-01,12.0,10.298971975389444,10.776633767174399,11.288010747640904
1961-06-01,10.4,13.382270012401467,13.854928507624876,14.2943457879273
1961-07-01,13.7,15.660658422346403,16.12628888586817,16.604446708637273
1961-08-01,16.6,15.915240333018453,16.38911443842919,16.85131139197849
1961-09-01,14.4,13.26637375524357,13.746159348883634,14.205764789121854
1961-10-01,9.7,8.445957924207688,8.942519133991828,9.434426844148838
1961-11-01,4.7,2.639928783353105,3.1793342958127058,3.6326976175687724
1961-12-01,-3.8,-0.672787889749227,-0.1318790598616686,0.3959029604757245
1962-01-01,-1.4,-1.4770712732344495,-0.9317573998556106,-0.469137493168328
1962-02-01,-0.6,0.14323367260868894,0.6854070841731676,1.1879330563020476
1962-03-01,0.2,3.355770206041059,3.8876300824500873,4.385524607334525
1962-04-01,6.2,6.588734726194475,7.092383879097978,7.595260406505367
1962-05-01,9.0,10.115834605143249,10.653618767263698,11.146323090602348
1962-06-01,11.3,13.177072792315958,13.712076823305557,14.19632849495096
1962-07-01,14.0,15.494933136617304,16.012055677648313,16.519474435196848
1962-08-01,15.7,15.732926640679427,16.281948527033066,16.7408757137749
1962-09-01,11.7,13.046037338325425,13.611128088944792,14.122562769613937
1962-10-01,7.6,8.293273459341037,8.84711633098227,9.354685939891858
1962-11-01,0.7,2.4609730518823567,3.0683167450894646,3.5627715916848053
1962-12-01,-6.9,-0.8362054578373647,-0.22591860276687115,0.29431620962801414
1963-01-01,-8.5,-1.6857982658514623,-1.026024881007169,-0.5332496668729001
1963-02-01,-4.0,-0.048730842463522786,0.5931547789108702,1.1213649381072384
1963-03-01,2.0,3.179476986076533,3.832712468392538,4.302175303212663
1963-04-01,3.1,6.410713099491455,7.020615955705201,7.531005242742824
1963-05-01,9.3,9.967152695951953,10.592160444003344,11.100005021998095
1963-06-01,12.3,13.080788104398152,13.665231915946226,14.157072430774402
1963-07-01,16.5,15.3922566714034,15.965052628809186,16.45991139053837
1963-08-01,14.8,15.61646580811717,16.241385529100896,16.69643124909378
1963-09-01,13.0,12.97581561384194,13.593452092961794,14.108426161977428
1963-10-01,5.5,8.196925885067754,8.817303071201762,9.3235372881572
1963-11-01,4.4,2.396536217554718,3.04343581469809,3.536250019610429
1963-12-01,-4.0,-0.8293905347979275,-0.24409298742257057,0.3129844200641798
1964-01-01,-2.3,-1.699899914728001,-1.0663312081676213,-0.528749241096326
1964-02-01,-0.5,-0.0755267177321397,0.5741394711796994,1.12347469127344
1964-03-01,-0.8,3.193337552104729,3.807287871939482,4.312114883383165
1964-04-01,2.9,6.404337305395358,6.995363698945936,7.538665633667047
1964-05-01,10.9,9.956148706805672,10.569719561726533,11.081606589078165
1964-06-01,13.6,13.098173421337533,13.65438678866284,14.146696955635443
1964-07-01,14.1,15.427285664276987,15.952203003999621,16.444591028774504
1964-08-01,14.6,15.617553667236104,16.240688683688468,16.736262981077793
1964-09-01,14.3,12.998250213901075,13.583310437886487,14.12056504585268
1964-10-01,6.4,8.224109550179914,8.826804136397103,9.350481940364448
1964-11-01,3.4,2.399651398872465,3.0503316904237407,3.52641734875743
1964-12-01,-4.9,-0.8158500275646703,-0.2422428869731199,0.327881754993843
1965-01-01,-1.4,-1.5946163644817215,-1.0359278750740226,-0.5149845333138794
1965-02-01,0.0,-0.009459531261455063,0.6050512258720215,1.130888159130923
1965-03-01,-1.7,3.2581966631601236,3.8388139681856366,4.338979140489294
1965-04-01,6.7,6.412833345731867,7.050909972271285,7.52351669960928
1965-05-01,11.7,10.047988450594213,10.621593178169938,11.103084118391997
1965-06-01,13.3,13.105892726437249,13.70628572998668,14.204854637416641
1965-07-01,14.2,15.436603036901726,15.982967545136919,16.495247390498783
1965-08-01,15.3,15.710575784151485,16.263437385963012,16.764225402874015
1965-09-01,12.2,13.027567876014622,13.63093610187853,14.156146480264752
1965-10-01,11.4,8.246311712747048,8.87128562454664,9.367697525217595
1965-11-01,-1.3,2.4494359547315794,3.0838955515011763,3.5358789561453903
1965-12-01,0.3,-0.8363674290606623,-0.20744297744632556,0.3240338193130396
1966-01-01,-6.6,-1.5756659810042377,-0.9964975708564761,-0.5122432095751946
1966-02-01,0.8,0.06739136244985452,0.6327629291413874,1.1305094596105687
1966-03-01,2.3,3.295903670649811,3.8695023966606956,4.355239039197317
1966-04-01,0.9,6.47557378549082,7.080111103348155,7.615350729024196
1966-05-01,13.4,10.091312029033928,10.647550174673441,11.122437153110063
1966-06-01,12.3,13.133706708498083,13.714980349269725,14.199941955993832
1966-07-01,15.9,15.491365076663367,16.020743313884232,16.501386484525895
1966-08-01,15.4,15.752616317010531,16.302617233733155,16.781229871458944
1966-09-01,14.7,13.105181949783928,13.645064932098961,14.167179370434447
1966-10-01,8.1,8.34959192632533,8.873383413650416,9.377223025493489
1966-11-01,1.2,2.5200629655241773,3.104165884354348,3.6046406507791873
1966-12-01,1.5,-0.7087862536376748,-0.1883571772913739,0.32619652737396165
1967-01-01,-3.7,-1.516587013622961,-0.9674021311355294,-0.4787435988124454
1967-02-01,1.5,0.11942378778589866,0.6676328618593339,1.1468873292909798
1967-03-01,7.7,3.380352165388617,3.880233719238601,4.350787835048777
1967-04-01,5.6,6.52500527628523,7.083753151801044,7.605177183113101
1967-05-01,8.9,10.129785134431032,10.651453490677511,11.157251878525015
1967-06-01,13.8,13.229060209238732,13.7428042718159,14.243958438033614
1967-07-01,16.3,15.529199783675955,16.03831052796037,16.541160909500892
1967-08-01,15.8,15.781589266325701,16.316693390891736,16.795837764784363
1967-09-01,13.0,13.162899570529552,13.670172989217486,14.213372420902752
1967-10-01,10.1,8.391844087997265,8.894565899818677,9.38288504300087
1967-11-01,2.1,2.592276662396708,3.1301567430983726,3.627163137509156
1967-12-01,-2.1,-0.709258551377696,-0.16259003937119143,0.3413755065296193
1968-01-01,-3.1,-1.475254274246958,-0.9601624336243644,-0.47907320164785355
1968-02-01,-1.1,0.15467977865662302,0.6655720466429744,1.1947818663781453
1968-03-01,3.4,3.3432048363809717,3.9153571912415535,4.408793236418436
1968-04-01,7.3,6.550817558305092,7.093243748300044,7.622271573439062
1968-05-01,11.5,10.124620650431796,10.687342047520776,11.184038785335575
1968-06-01,13.0,13.243693060952019,13.758727359204228,14.271289494098983
1968-07-01,13.8,15.50497367361309,16.059538786350334,16.529570109931004
1968-08-01,16.6,15.763935934503571,16.326954646860756,16.827795996910183
1968-09-01,13.3,13.103867784128765,13.683417576291236,14.219873975986694
1968-10-01,9.6,8.401665690459714,8.911000739306083,9.40213470088156
1968-11-01,-1.8,2.584064232059246,3.142253614321015,3.6409897677822007
1968-12-01,-5.8,-0.6714593960513008,-0.1447165586388035,0.39087844597568994
1969-01-01,0.2,-1.473415268712893,-0.9255042998982974,-0.4255772238983619
1969-02-01,-3.5,0.10245098902472899,0.7056821003541001,1.215909920761895
1969-03-01,1.8,3.30563032648465,3.9293460683870785,4.434826196889054
1969-04-01,6.7,6.530828388073375,7.129074367160831,7.633919440282511
1969-05-01,8.1,10.15430584993129,10.70135724109971,11.215769930473888
1969-06-01,12.7,13.247935972669527,13.789508110182645,14.297270086174013
1969-07-01,14.0,15.545384761422085,16.07535463883119,16.59318046906194
1969-08-01,14.0,15.792988213745941,16.36445551859904,16.79898100922354
1969-09-01,12.5,13.19083744915207,13.70516595789547,14.220403430786693
1969-10-01,11.0,8.458434827649977,8.955310066166872,9.425181100183009
1969-11-01,0.8,2.6749909198518913,3.177364359886666,3.660042293598882
1969-12-01,-3.1,-0.6401628901164872,-0.10916673318040493,0.40496076293925387
1970-01-01,-6.0,-1.4435493671481154,-0.8778573243218744,-0.4128466397352097
1970-02-01,0.9,0.20846987126768135,0.7585343501022224,1.2259516541565691
1970-03-01,1.3,3.4914628465928517,3.9873160303193993,4.466730368332824
1970-04-01,5.0,6.623333659019483,7.192353086793417,7.668184129187009
1970-05-01,11.1,10.218923079713473,10.788519583129101,11.249707803218511
1970-06-01,16.6,13.302638714032359,13.857840188154892,14.353550455797125
1970-07-01,13.9,15.646038706586737,16.144727329348342,16.668837550729478
1970-08-01,16.3,15.907426610832246,16.43250579937527,16.89360643860442
1970-09-01,14.0,13.280842370658798,13.79642243182619,14.271921702745654
1970-10-01,8.5,8.484732451352844,9.035692016949174,9.495965730819515
1970-11-01,5.8,2.750504275979084,3.25605522094113,3.707791907171571
1970-12-01,-2.7,-0.5178665523169882,-0.04296272569344417,0.4750811864701764
1971-01-01,-3.5,-1.2777201746916051,-0.8221715116076855,-0.2982952037934065
1971-02-01,0.5,0.3098533206411585,0.8150867622958318,1.310778263284787
1971-03-01,-3.0,3.5322117515374885,4.052498096335789,4.588948374224754
1971-04-01,6.0,6.76636729422759,7.256202098922526,7.751021795875772
1971-05-01,13.5,10.32939977080028,10.839074607302052,11.315212427549296
1971-06-01,11.4,13.441531175461959,13.91894894533748,14.44732084215614
1971-07-01,18.8,15.721658883572735,16.21840883134105,16.72658154846608
1971-08-01,17.4,16.0237295405952,16.504452389724676,16.983698126012165
1971-09-01,15.3,13.366940596369014,13.852035977961453,14.32912026520742
1971-10-01,9.5,8.635433811071737,9.102727073931735,9.553729328070679
1971-11-01,1.1,2.826410615401165,3.3051988431680974,3.7946762038786237
1971-12-01,0.3,-0.42514810538299497,0.03188823292463194,0.5312548656716908
1972-01-01,-4.6,-1.2319381243793335,-0.7534777437921161,-0.2683311197552573
1972-02-01,2.0,0.40148188611463664,0.8968152243208465,1.4013615699744368
1972-03-01,2.7,3.6540789135027367,4.104096340187333,4.625499599624103
1972-04-01,5.9,6.85777078894888,7.311703632156446,7.813996641949488
1972-05-01,7.2,10.406312722168915,10.89707975378932,11.355598335525498
1972-06-01,12.4,13.496872710017037,13.95800267735569,14.487355599797342
1972-07-01,14.8,15.819293895743813,16.268840134068256,16.77159988308023
1972-08-01,16.1,16.08082301692514,16.55547266898851,16.985132964528226
1972-09-01,12.2,13.416002723456494,13.893956672473433,14.353685943388937
1972-10-01,8.0,8.654741078618319,9.159630284710573,9.610525996315625
1972-11-01,2.2,2.8817998795123234,3.359340105820083,3.827650077992121
1972-12-01,-1.4,-0.41418619541396756,0.07964654796396387,0.5992339564377163
1973-01-01,0.6,-1.2007010614489348,-0.6908483649341766,-0.2351716146799382
1973-02-01,2.6,0.4045616684217601,0.9303657193914252,1.456071134536472
1973-03-01,5.0,3.664657793979667,4.1445842258160805,4.6712384760573915
1973-04-01,6.5,6.848443127186661,7.354855514432969,7.883976798904974
1973-05-01,9.5,10.445692620160434,10.937049562806143,11.465029375440638
1973-06-01,14.9,13.553331821050604,14.00960851734625,14.55014126814994
1973-07-01,15.2,15.821953490637663,16.332775910236883,16.839466322140392
1973-08-01,19.1,16.14245257418725,16.59319931037961,17.066702400729767
1973-09-01,11.9,13.495711360712662,13.953408247486939,14.418857917472145
1973-10-01,9.1,8.710260009981097,9.198467834871472,9.692405979428704
1973-11-01,1.6,2.9280628958918498,3.4277338084065825,3.8821710673106122
1973-12-01,-6.1,-0.3570960009752829,0.1303429376998615,0.6612593921654043
1974-01-01,0.5,-1.1144230937250994,-0.6624474997165204,-0.16076405724972442
1974-02-01,2.3,0.4784311507318046,0.9906413195853117,1.5284410574187783
1974-03-01,3.3,3.7411807475927232,4.206174751754659,4.712096433381282
1974-04-01,9.7,6.930958267168597,7.399868185307317,7.92134402315937
1974-05-01,8.6,10.523272982378147,10.977957583324553,11.526166880231406
1974-06-01,11.4,13.585143375344408,14.053991120818539,14.635034866350777
1974-07-01,13.4,15.864983056692314,16.37314304142658,16.945414205962944
1974-08-01,15.9,16.180576270617667,16.629475616224774,17.150741774538563
1974-09-01,10.8,13.526556643614544,13.99756618445749,14.510854819496709
1974-10-01,5.4,8.76641490018234,9.260368063404957,9.752042455587707
1974-11-01,6.2,2.9735136184724023,3.4657094549390366,3.981518815830463
1974-12-01,5.3,-0.30949471561681097,0.16954851245631453,0.7529725539360402
1975-01-01,4.1,-1.0991049778710815,-0.6139961630139243,-0.06969310109921474
1975-02-01,4.5,0.5200336150433554,1.0026594106164133,1.5767801536270103
1975-03-01,1.9,3.7535627594003405,4.2321321501337446,4.778076032193022
1975-04-01,2.7,6.955796125327643,7.416312776016583,7.9467900102974705
1975-05-01,11.9,10.534862157459344,10.997152051660041,11.511351397205967
1975-06-01,11.7,13.586965638807682,14.062052241934262,14.630796154455766
1975-07-01,17.9,15.844807862517042,16.359148336813963,16.909779231188867
1975-08-01,18.1,16.153911827954307,16.636339680211552,17.12579127130189
1975-09-01,15.3,13.526864713136037,13.985817685491995,14.463954853848243
1975-10-01,4.9,8.75579480302405,9.219618071447872,9.721415473306482
1975-11-01,1.1,2.925056310418108,3.42770878596733,3.9052252448487907
1975-12-01,-4.2,-0.38145519073794815,0.13000449351038768,0.6390832617632115
1976-01-01,-3.6,-1.1658304875187602,-0.6534626766342635,-0.15629407237713705
1976-02-01,-2.7,0.5026706708467111,0.9548954010436712,1.4586165431953928
1976-03-01,0.2,3.7036229839385135,4.198042118908408,4.675939793128791
1976-04-01,8.4,6.841237120655768,7.393597824524185,7.8667145772251885
1976-05-01,12.5,10.466181211534723,10.977452843366233,11.428075951802619
1976-06-01,12.4,13.562931730735505,14.023401641096001,14.518098034256179
1976-07-01,13.9,15.826948401098592,16.323772826366813,16.826101852373323
1976-08-01,18.0,16.106242702079353,16.588981517874444,17.072804328741707
1976-09-01,14.3,13.434451919001045,13.938483084942263,14.406409369554666
1976-10-01,9.7,8.667497665124001,9.19157043000407,9.69436023086012
1976-11-01,2.8,2.9062709036200607,3.3986907292671864,3.8923448869727397
1976-12-01,-2.5,-0.4713174081137265,0.12313114205442854,0.6405947557450606
1977-01-01,-0.6,-1.2062411908769628,-0.68034249028126,-0.20902644122302136
1977-02-01,0.6,0.40880908477385636,0.9590565013038272,1.4291586218354981
1977-03-01,4.9,3.6344619710139767,4.179001528210044,4.66394715065197
1977-04-01,6.0,6.846894453580909,7.353471819784623,7.859601776117541
1977-05-01,9.0,10.407132515534991,10.943698652552664,11.44396459414696
1977-06-01,13.1,13.474116945450172,14.008755875150072,14.484644324863327
1977-07-01,15.7,15.740162897942215,16.29662878380541,16.803642179522765
1977-08-01,13.6,16.00753414309899,16.560234825028093,17.081594448415334
1977-09-01,12.7,13.399535293966675,13.915853075435022,14.416501443497442
1977-10-01,11.4,8.59936925110922,9.156791086994572,9.671285805514847
1977-11-01,0.9,2.8133726081836388,3.3648096163761343,3.8774598249502246
1977-12-01,2.7,-0.482523830032738,0.10216963606717133,0.5673579093060298
1978-01-01,1.9,-1.2425415878033688,-0.7260985261075592,-0.20380346906266245
1978-02-01,-2.2,0.42450164861057166,0.9031327102023359,1.4072611186026671
1978-03-01,5.5,3.5734705928552666,4.136137603888284,4.626698934013348
1978-04-01,4.4,6.747539109327786,7.326505672473248,7.820591905074126
1978-05-01,10.0,10.352141142229176,10.891198174740635,11.400934642055686
1978-06-01,12.7,13.3710120940959,13.967333980245053,14.491778179174414
1978-07-01,14.1,15.708079474849841,16.261541446642262,16.766474423343865
1978-08-01,14.1,15.947279850796646,16.538894039775123,17.006758163968414
1978-09-01,10.5,13.31769527304084,13.882002156561345,14.383319461213485
1978-10-01,8.9,8.519907166599356,9.11759095768543,9.64446472485119
1978-11-01,-0.7,2.7229998548609964,3.327365105625506,3.868828411165248
1978-12-01,-8.1,-0.5743104804400075,0.059944915069350735,0.5576544769871378
1979-01-01,-7.7,-1.3362757433900383,-0.7528920301712283,-0.25070753721788447
1979-02-01,-3.4,0.3182871253361532,0.8893859625499325,1.381629781665714
1979-03-01,3.3,3.5186047807985474,4.122000653220557,4.605815934876248
1979-04-01,5.6,6.711762922316395,7.324798880822415,7.844779405267021
1979-05-01,7.4,10.28316566768258,10.902662702764733,11.377710801142978
1979-06-01,13.8,13.348446216907991,13.977707273868553,14.475342909196554
1979-07-01,16.1,15.634327491759372,16.27711422028916,16.783618575859276
1979-08-01,16.9,15.885519240736272,16.544495652462118,17.035926881184764
1979-09-01,14.5,13.326684868282863,13.891164761454176,14.400070010574206
1979-10-01,8.2,8.556359221264982,9.11548770211724,9.689113758125089
1979-11-01,3.5,2.690364298377579,3.359573174741283,3.8859260448957613
1979-12-01,-0.1,-0.5387300201393764,0.09875512684394216,0.5815002317042723
1980-01-01,-2.2,-1.357876650636694,-0.6970711556616132,-0.2087703203343169
1980-02-01,2.2,0.29928514259855915,0.9322633001844305,1.405145780511181
1980-03-01,2.7,3.522778156196122,4.137144546230609,4.663332727864922
1980-04-01,6.5,6.734502872344735,7.357076352739298,7.860983458845395
1980-05-01,8.0,10.328881750219404,10.93678906443558,11.398989174039034
1980-06-01,13.6,13.40679181261356,13.992862833583267,14.550331515490617
1980-07-01,12.5,15.751789535730863,16.298357310131994,16.81573192092483
1980-08-01,14.9,15.990910664286451,16.570802934788276,17.0228605937275
1980-09-01,15.8,13.33964189525,13.91413157507451,14.411610283418803
1980-10-01,7.6,8.615369446571007,9.145643296838294,9.700407150571564
1980-11-01,-2.3,2.7640818422560547,3.379078430941557,3.9113243209018806
1980-12-01,-0.9,-0.49309720640188426,0.11725394855744264,0.580785846857526
1981-01-01,0.1,-1.3448231447709773,-0.6669900277889997,-0.18475714915601646
1981-02-01,0.5,0.2865699348132949,0.954084631549557,1.4182699497147175
1981-03-01,1.6,3.5481308852101408,4.1898493729538,4.689889617876038
1981-04-01,7.9,6.780414067622977,7.387747467123047,7.8724800706092255
1981-05-01,8.8,10.383364739861843,10.966735775591822,11.453793231037656
1981-06-01,11.1,13.434026246158968,14.041801399405173,14.575590894864833
1981-07-01,14.5,15.776527400442786,16.33333738002318,16.81732915645389
1981-08-01,16.2,16.047322399975748,16.608616354313725,17.10043256426216
1981-09-01,15.4,13.37744015585337,13.968237672926367,14.437149744284069
1981-10-01,7.7,8.637201923636773,9.193728102804467,9.70681199434964
1981-11-01,3.5,2.8285738953876027,3.4342205879049756,3.9267704776678767
1981-12-01,-4.4,-0.4540938301801951,0.15915081450538748,0.6501470652002427
1982-01-01,-6.9,-1.2544172411941408,-0.6474326453619028,-0.15337769989027875
1982-02-01,0.1,0.3921924945085149,1.015123354113582,1.470059767760056
1982-03-01,5.6,3.6082170026694875,4.23444347622884,4.69179006130478
1982-04-01,6.3,6.891677150662882,7.433048747407247,7.930411270156123
1982-05-01,9.1,10.509494047009833,11.018285059185668,11.530736638366786
1982-06-01,15.1,13.56160799604894,14.107777091061012,14.617543180853927
1982-07-01,17.4,15.877694178478572,16.406986289924305,16.87706938603849
1982-08-01,17.5,16.105091374326356,16.686394775757698,17.1526683051002
1982-09-01,16.0,13.495767949371054,14.040947687683182,14.51980072328086
1982-10-01,9.2,8.744409615220636,9.289127742779357,9.78307470303779
1982-11-01,4.2,2.9201126562712774,3.504405661749764,3.986927174930266
1982-12-01,1.4,-0.3319833467788811,0.2279002188696433,0.7061761943723324
1983-01-01,1.0,-1.0758833879431957,-0.5656025594704541,-0.07905940504297065
1983-02-01,-2.0,0.5429810494694084,1.0762789274847266,1.5556956074265489
1983-03-01,5.0,3.7457143281369674,4.306558010631022,4.766543943610162
1983-04-01,3.1,6.982094558803863,7.487226410745421,7.974472110095708
1983-05-01,9.6,10.570235585224355,11.079841026336132,11.560204775753197
1983-06-01,15.9,13.659101318544629,14.14140229986845,14.661329786436095
1983-07-01,18.7,15.972991156999162,16.458004569554078,16.921000008199865
1983-08-01,17.3,16.199200514775196,16.738470415853243,17.18036916396777
1983-09-01,11.8,13.56980885475509,14.06540033898749,14.593259522605395
1983-10-01,9.0,8.809762736066657,9.328360625027226,9.791129211063968
1983-11-01,2.3,2.976169487555667,3.51940468664337,4.0219977854437134
1983-12-01,0.3,-0.2704414891168012,0.2536931452462303,0.7336193940224808
1984-01-01,1.6,-1.0756478184478389,-0.5410074560496687,-0.048602392569371336
1984-02-01,-0.8,0.5714899375531931,1.0950483240240376,1.59592199803689
1984-03-01,2.3,3.748786369377975,4.316730037468318,4.807835812514574
1984-04-01,3.0,6.961809854198771,7.529535071053782,7.9962339933652125
1984-05-01,8.5,10.585540995487237,11.098574043106964,11.571796062399024
1984-06-01,12.2,13.633680708573646,14.163660391486774,14.686905472507732
1984-07-01,13.7,15.956637508624848,16.462579667520586,16.9454574509509
1984-08-01,18.8,16.219452249261366,16.73830436077794,17.2389540905362
1984-09-01,10.4,13.565194892262246,14.089044290887323,14.59129995603831
1984-10-01,11.8,8.826046817298648,9.325092656725017,9.892871834856313
1984-11-01,6.8,3.0182091078516384,3.5485490252513543,4.024847736298982
1984-12-01,1.9,-0.2869042407482614,0.27944523093408336,0.7744615552304762
1985-01-01,-8.7,-1.040760895174745,-0.5175452577905499,-0.06444790147850954
1985-02-01,-5.6,0.48942585115408793,1.1135067310917743,1.6401270192576938
1985-03-01,0.6,3.7366436448190328,4.3588006123041785,4.8307712598921775
1985-04-01,7.4,6.959738004298266,7.542015205941791,8.019774748034973
1985-05-01,9.0,10.564950713111868,11.118015037501983,11.621496321148651
1985-06-01,11.2,13.571372610248794,14.196299338029577,14.724794198735752
1985-07-01,17.3,15.982458984281244,16.48925233518863,16.96003863558941
1985-08-01,16.6,16.227997866495368,16.76543674153624,17.21528573503754
1985-09-01,15.7,13.553183761722917,14.121294849957234,14.569666351444829
1985-10-01,2.7,8.815231953283538,9.374789355139448,9.843371806694307
1985-11-01,-2.3,2.9661703282481873,3.5915175521602465,4.039885033887488
1985-12-01,-1.5,-0.2870383875243181,0.3149545453407798,0.7707940882092036
1986-01-01,-1.0,-1.0919926433517626,-0.47932454513975475,0.006015845304358215
1986-02-01,-5.7,0.5518916662916165,1.1558206708900993,1.6675264869279647
1986-03-01,0.7,3.826993080423601,4.389810356796877,4.842863664322475
1986-04-01,2.5,7.047936578092013,7.585344709683291,8.080037269509152
1986-05-01,13.9,10.61437548088531,11.16459032311873,11.65000700440923
1986-06-01,11.4,13.662514525643358,14.250060592509165,14.766039812912178
1986-07-01,16.7,16.01661547447099,16.524466829891715,17.028361239870833
1986-08-01,15.3,16.292361453527658,16.83570203751811,17.266750836488306
1986-09-01,10.9,13.648392146717836,14.164252217360996,14.665224712787198
1986-10-01,10.7,8.901136822099419,9.447920597492502,9.916365456272553
1986-11-01,6.0,3.1177443204945767,3.6643100148318317,4.097188953788097
1986-12-01,-0.5,-0.1743868247827957,0.37726724833962777,0.8958215439475574
1987-01-01,-9.7,-0.9379008208646583,-0.409485968318398,0.08678313036426279
1987-02-01,-0.8,0.6611110581024657,1.213691108271103,1.7338675712171476
1987-03-01,-2.2,3.963508278492203,4.475690317140508,4.936230564421169
1987-04-01,8.2,7.153845447963554,7.657128320531706,8.147038852363425
1987-05-01,8.6,10.71735448967702,11.25194035443458,11.740541151483505
1987-06-01,12.6,13.788209282696432,14.339497166303275,14.868590100309389
1987-07-01,15.6,16.14894947333956,16.6509703272409,17.15230479512474
1987-08-01,14.6,16.375310650255997,16.918975764192748,17.381106985214068
1987-09-01,12.5,13.744671011553736,14.268983323556546,14.798370591135773
1987-10-01,10.7,9.043035376747651,9.553318281325247,10.028357845332385
1987-11-01,2.9,3.2674992652523724,3.765805293222903,4.18752536677692
1987-12-01,-2.0,-0.0031055206824264154,0.485066489086468,0.9706364000259353
1988-01-01,4.0,-0.7801685930759814,-0.3096305093426981,0.18047086680525348
1988-02-01,2.0,0.8324436050362666,1.3479859832021863,1.837059143234405
1988-03-01,2.8,4.088848804725184,4.601832430507548,5.077308116583406
1988-04-01,6.7,7.339074086911925,7.771303328877003,8.245088996220037
1988-05-01,10.7,10.885641217334538,11.364072221526438,11.849192752083546
1988-06-01,14.6,13.95358701410316,14.450917653302533,14.972866262304047
1988-07-01,13.8,16.27389996288471,16.7725579746078,17.248318704843797
1988-08-01,16.5,16.546002397466555,17.042618901152263,17.54381603449417
1988-09-01,13.8,13.902880950508287,14.395369177939118,14.912202755122237
1988-10-01,8.8,9.141041366423783,9.644661424891432,10.152745130958971
1988-11-01,0.8,3.397382385265743,3.8731766940861094,4.325405134810798
1988-12-01,3.8,0.08736986490306074,0.597147737074212,1.0742629969395368
1989-01-01,1.2,-0.6895615220757103,-0.19203659565608966,0.31705727620622204
1989-02-01,0.7,0.9644770391131063,1.4438677540581555,1.9396406338767576
1989-03-01,8.1,4.226748503358117,4.689487426119969,5.185354010418143
1989-04-01,4.0,7.447270092185353,7.870492303653707,8.365939910085476
1989-05-01,14.2,11.004580985326166,11.45141586232952,11.953994020462039
1989-06-01,12.6,14.067419609455092,14.557557054479696,15.066972046341775
1989-07-01,16.7,16.356063733774008,16.84722200488394,17.399586608776033
1989-08-01,16.5,16.67551224353337,17.110252788729593,17.612987057429798
1989-09-01,14.8,13.982510393776717,14.472839508490775,14.990640502751244
1989-10-01,12.0,9.206733055836386,9.736012584178766,10.255101577731129
1989-11-01,0.3,3.437825512367498,3.947390256175888,4.451922851652667
1989-12-01,0.7,0.16868138884409242,0.6678566748258694,1.1995477635227494
1990-01-01,0.5,-0.5961302070377719,-0.11758230810777448,0.35943214428056974
1990-02-01,6.2,1.0522667511322017,1.5012668946076215,2.0361001477878213
1990-03-01,5.1,4.237819000796734,4.738812690846782,5.263309848212399
1990-04-01,7.4,7.483112432219549,7.915088659413765,8.423701549766356
1990-05-01,13.6,11.029714355684938,11.506442842783224,11.997492268078334
1990-06-01,14.3,14.10345127709833,14.588149959052497,15.118754406271307
1990-07-01,15.8,16.366246140276232,16.88731752303572,17.384898070536998
1990-08-01,15.8,16.703835344508914,17.13450663930538,17.651707883911758
1990-09-01,13.9,14.034652816582211,14.498578919822128,15.01041511786585
1990-10-01,11.2,9.23176222511951,9.757469090028998,10.276615364062257
1990-11-01,1.9,3.464331886143539,3.9557643911877047,4.421042077872305
1990-12-01,-0.3,0.20964057195148844,0.673508945074822,1.1646065934200704
1991-01-01,-0.9,-0.6161345235151253,-0.11133833336919619,0.332738817874521
1991-02-01,-6.7,1.0369799182431165,1.4974811460542425,2.0500303531612825
1991-03-01,5.5,4.23509758952047,4.755740764243009,5.223898251830377
1991-04-01,7.1,7.425908839876987,7.927039116523629,8.427678247726433
1991-05-01,9.2,11.028024624585674,11.51092207096491,11.98221300052043
1991-06-01,9.7,14.094678531792866,14.590151122981203,15.078304548492488
1991-07-01,16.9,16.37915088311027,16.901452322021655,17.402073777350715
1991-08-01,19.8,16.67013613499714,17.155862798099804,17.63922595431695
1991-09-01,14.7,13.97719055694191,14.499984727564163,15.02644199818874
1991-10-01,9.6,9.210706318015557,9.757257521297376,10.262139189414906
1991-11-01,3.2,3.4662519300110834,3.9815929500781686,4.409736764615793
1991-12-01,-0.9,0.194022940266166,0.6946221898968457,1.2041357765959706
1992-01-01,-1.0,-0.6133560776913203,-0.10914899692133861,0.369945559498251
1992-02-01,0.6,1.0417959113435875,1.5106780958233248,2.054582756622742
1992-03-01,6.2,4.271449455915479,4.770603673833305,5.236808449570368
1992-04-01,8.1,7.464290559921674,7.934107730989498,8.454005883515855
1992-05-01,11.2,11.02455310064248,11.529077194346781,11.978932392891396
1992-06-01,14.9,14.130045536968675,14.581525326540419,15.068229867167695
1992-07-01,17.2,16.42236995946934,16.904633695597347,17.370616598335463
1992-08-01,16.5,16.669125159645386,17.154669869176818,17.630202396404147
1992-09-01,14.3,14.004343199713995,14.511454822697695,15.018909281724266
1992-10-01,5.7,9.24413352817746,9.762903371365365,10.261966493768776
1992-11-01,5.6,3.4831631766684468,3.9742296230771363,4.4455707157062365
1992-12-01,-0.3,0.165314407378518,0.6901831917413164,1.1954739975942155
1993-01-01,-2.9,-0.625690876780381,-0.11009995914589243,0.382993174440563
1993-02-01,-0.2,0.9958006751090732,1.5341221220240024,2.039628940021223
1993-03-01,1.0,4.275532768852732,4.750160680638665,5.251014604725815
1993-04-01,8.8,7.398148661826299,7.948986706147798,8.444210864702962
1993-05-01,12.6,10.982696783993104,11.5378526102555,11.97186370685559
1993-06-01,13.9,14.152877738120404,14.589926725353942,15.061218692332742
1993-07-01,16.3,16.399619785130266,16.905904008997307,17.385243436916106
1993-08-01,16.6,16.68049855035177,17.165478857768772,17.609887260203532
1993-09-01,10.2,13.982075059847253,14.53294749529532,14.980018797323043
1993-10-01,4.4,9.26708947279198,9.78327936294465,10.279070637504317
1993-11-01,-2.8,3.4889620376555923,4.003625422825408,4.406752530393955
1993-12-01,2.5,0.21035329194320246,0.7196442491688249,1.181638384563682
1994-01-01,2.3,-0.5703600213151218,-0.08228206397379267,0.3699786629447121
1994-02-01,-1.8,1.0360368969660856,1.5442471180516653,2.021293805822925
1994-03-01,7.8,4.296285265662018,4.7658361299298555,5.271289325602012
1994-04-01,6.6,7.46838317944406,7.971801290529541,8.480688788839522
1994-05-01,11.8,11.057466501233996,11.558076824632877,11.962860911828644
1994-06-01,13.4,14.194017315959885,14.625950457950477,15.103248402186432
1994-07-01,18.4,16.443277848510377,16.94238988611245,17.381586153772236
1994-08-01,17.7,16.705256355774058,17.199311301739215,17.645979108584708
1994-09-01,11.2,14.069501487673646,14.551750120740449,15.057923549207779
1994-10-01,8.9,9.284992064030835,9.81907350455976,10.301836164205397
1994-11-01,6.2,3.5392130479663355,4.006878427995851,4.458063233244486
1994-12-01,-1.9,0.2142216986435245,0.7416994896169058,1.1922501957221918
1995-01-01,-1.2,-0.5773371514578169,-0.05763626744218353,0.4034332732405825
1995-02-01,5.2,1.066755008796856,1.5732463970570327,2.020667588622668
1995-03-01,4.0,4.281724066602985,4.7927849532416555,5.261726786923512
1995-04-01,8.0,7.4790561382294785,8.002573479019773,8.444030343546922
1995-05-01,9.7,11.031856034027204,11.57673745811109,11.993417214589751
1995-06-01,11.2,14.16923360626275,14.647322841923135,15.099883437565264
1995-07-01,18.6,16.3959526531713,16.95816414217353,17.387488187669046
1995-08-01,14.8,16.6825231285895,17.201142632100428,17.65192019133471
1995-09-01,13.9,14.025806128681719,14.556353168717571,15.028246976571594
1995-10-01,9.0,9.280016061883284,9.802767001448712,10.291598569162108
1995-11-01,5.0,3.509254292875286,4.004249264292762,4.456690002663745
1995-12-01,-2.5,0.2020227500595267,0.7430375775641958,1.1760922083666874
1996-01-01,-6.3,-0.6258538003100488,-0.059811873180817265,0.4239891895359504
1996-02-01,-1.2,1.0095403299393024,1.5788245055631744,2.0501240097055975
1996-03-01,1.8,4.204562835523738,4.810341020122394,5.279744275616239
1996-04-01,6.0,7.436593929667624,7.99110966553171,8.464060647436805
1996-05-01,8.0,11.012438024583421,11.578894993724347,12.008026905655317
1996-06-01,11.8,14.141111015416145,14.656147265866473,15.12371555182004
1996-07-01,15.7,16.423740869612534,16.962235560103508,17.433497821443588
1996-08-01,13.6,16.700895871921343,17.242268846049143,17.686514859727524
1996-09-01,10.1,14.030164506519986,14.566827488744384,15.088676434567294
1996-10-01,11.2,9.26386552832906,9.832589583541651,10.331171060604873
1996-11-01,2.2,3.5040065867770034,4.050336813943328,4.50915129519134
1996-12-01,-5.7,0.24083434883350138,0.7717010307789565,1.2456070447622098
1997-01-01,-10.1,-0.6150674769471444,-0.01562596995428578,0.43344816297060523
1997-02-01,0.2,1.0786948165802432,1.6217444336041438,2.087218062850842
1997-03-01,8.2,4.3405076751454255,4.8695703789024645,5.325264166417288
1997-04-01,8.5,7.535646535096576,8.042013752485802,8.538615857489996
1997-05-01,10.5,11.10827151224547,11.631067335105197,12.081583791239742
1997-06-01,15.0,14.212819864722976,14.707746935803012,15.169229474558307
1997-07-01,17.6,16.52037414147149,17.02252012430533,17.50406590525857
1997-08-01,16.6,16.765045949559237,17.303484433071503,17.76735238467319
1997-09-01,14.2,14.135861972770803,14.631604858800621,15.151382287532567
1997-10-01,6.2,9.360662425709341,9.907191291127685,10.383319340151225
1997-11-01,3.0,3.639705609516714,4.10546239338742,4.588527741683997
1997-12-01,-0.6,0.3258962589893183,0.8479776509049555,1.3036576298230225
1998-01-01,0.3,-0.502861173328352,0.055809836899000764,0.496659675479071
1998-02-01,-1.2,1.20174412214453,1.6985733124208418,2.157361792501253
1998-03-01,5.0,4.444983403731932,4.935561178709719,5.402765227350525
1998-04-01,7.9,7.60132258194274,8.120789034475157,8.637590946153823
1998-05-01,11.3,11.205445194606808,11.732690653637045,12.16433495888198
1998-06-01,15.4,14.313288688368157,14.785764062661878,15.28613459289514
1998-07-01,16.2,16.58658329845114,17.090624078811686,17.622336031794823
1998-08-01,16.0,16.8477010995998,17.374359622141313,17.850202028397597
1998-09-01,12.7,14.191262686388006,14.713624651902151,15.237676398103854
1998-10-01,5.7,9.510567301709186,9.983588747297832,10.476768705077125
1998-11-01,-1.1,3.726545143419898,4.1898340792408355,4.626020679243109
1998-12-01,-1.9,0.40063454874217225,0.9282775056728845,1.3989941330962137
1999-01-01,0.5,-0.3782752580055814,0.1436957708917257,0.6325560835786703
1999-02-01,0.3,1.2814950497066637,1.7755227154807143,2.254827910355571
1999-03-01,4.7,4.49875320432633,5.012426461727424,5.507177047033972
1999-04-01,6.2,7.72435054108157,8.212249437221008,8.73535452941055
1999-05-01,13.8,11.30002020019672,11.812546621365463,12.233238068625695
1999-06-01,14.3,14.43399258529329,14.87644820543795,15.415339874826847
1999-07-01,18.3,16.70893728969418,17.190595494297032,17.71130955845935
1999-08-01,17.7,16.964098843973535,17.48675396670597,17.956976225842876
1999-09-01,16.0,14.370365758330369,14.809535442631239,15.352235906726259
1999-10-01,9.8,9.618485422587414,10.106136518011283,10.566815880152607
1999-11-01,1.8,3.834578976453314,4.305757586100826,4.772400616498226
1999-12-01,0.4,0.5200567421844506,1.052136236292815,1.52253049922125
2000-01-01,1.4,-0.221883413749265,0.24071327205785042,0.766157435457531
2000-02-01,5.7,1.4307342099121405,1.8954573311405714,2.3818228402436965
2000-03-01,5.3,4.597324756483271,5.132721550818156,5.6744782289731015
2000-04-01,6.0,7.837638017940134,8.324382442434391,8.879701222160298
2000-05-01,12.2,11.405656343052186,11.903761789756214,12.395187003599164
2000-06-01,14.4,14.50622175232323,14.97188923227352,15.518299087492974
2000-07-01,13.4,16.75480192499305,17.26629456492619,17.7837230684692
2000-08-01,19.9,17.078938352021,17.549005366654974,18.077462733271577
2000-09-01,14.4,14.462408950744104,14.892735339565,15.4251601537811
2000-10-01,10.5,9.654452521647048,10.181365037100605,10.660839190648435
2000-11-01,6.5,3.9121843892710433,4.382858603392673,4.866720934239177
2000-12-01,-1.0,0.6049002643533247,1.1240671499959132,1.5680368116770311
2001-01-01,0.7,-0.16909803890512887,0.3174441464661424,0.8528639991112815
2001-02-01,0.2,1.4435202566362544,1.960243574885975,2.4518369242820692
2001-03-01,0.7,4.649011214125944,5.178377147176569,5.734961007682729
2001-04-01,6.5,7.889316008569364,8.373978866627764,8.938973064557635
2001-05-01,9.4,11.446651648638444,11.961014594116065,12.457226237811748
2001-06-01,13.0,14.572059260568068,15.021199786724015,15.590097615243694
2001-07-01,14.9,16.84250177827212,17.339852541491915,17.86577500993446
2001-08-01,17.2,17.109467198594167,17.61286239175171,18.1507791808641
2001-09-01,11.6,14.507808341456062,14.964129021571658,15.48366216128678
2001-10-01,14.4,9.737520609765623,10.237648847708478,10.761808378138431
2001-11-01,4.8,3.9614892873546936,4.447409635010347,4.969856519456778
2001-12-01,-1.2,0.6642322405768343,1.1856692183847857,1.6603489783361818
2002-01-01,-0.6,-0.10988621476139819,0.3898295588535028,0.8974683457361117
2002-02-01,6.0,1.5060086783951745,2.0259768486593326,2.5961563818722557
2002-03-01,3.6,4.748852855030322,5.247210288130653,5.847672209432908
2002-04-01,7.8,7.989418668127551,8.444305156591119,8.984818962633046
2002-05-01,8.8,11.518410239948185,12.042218052811126,12.561894475876606
2002-06-01,15.3,14.626746231713785,15.12840124370043,15.684967216817734
2002-07-01,14.1,16.92118318275287,17.41912644318198,17.958067113299485
2002-08-01,17.2,17.222278817217486,17.69714474677133,18.217459880653387
2002-09-01,14.2,14.550113379287135,15.043778776489665,15.567585553686659
2002-10-01,10.1,9.79543052555115,10.312604814698634,10.81191101966564
2002-11-01,7.7,4.034540416697099,4.510415461722147,5.029173493876622
2002-12-01,-0.8,0.7175072971618535,1.2439770044588778,1.7451948120375036
2003-01-01,-3.5,-0.06738502491568503,0.4275977904149295,0.9732461385267811
2003-02-01,-1.0,1.5585545665482177,2.0747436261580967,2.657672678943018
2003-03-01,8.3,4.811043571141606,5.313975495290753,5.950670186123255
2003-04-01,5.1,8.035367629894242,8.50068381738638,9.016614684547937
2003-05-01,13.3,11.58722470238008,12.08033661090434,12.64167415011708
2003-06-01,19.9,14.673638325655768,15.17377422035946,15.748960873005919
2003-07-01,17.6,16.964907605790163,17.4590914067354,17.99972880998663
2003-08-01,16.7,17.25092927080515,17.725881049344114,18.270333675643432
2003-09-01,15.4,14.604455379724861,15.059599232836847,15.568479203719974
2003-10-01,4.4,9.84284032700003,10.34628099818299,10.850829505343597
2003-11-01,4.4,4.023176455188097,4.533152358708289,5.062483677710772
2003-12-01,1.7,0.7231313798438946,1.2685939830113622,1.7595277434914907
2004-01-01,-2.5,-0.03986798585886077,0.4507923151283144,0.9728046207543146
2004-02-01,2.8,1.5854264828842584,2.0996601536917954,2.616889118441666
2004-03-01,1.9,4.79656661529694,5.327686122732443,5.881008096908359
2004-04-01,8.6,8.068801247205002,8.515464007885026,9.007007753994634
2004-05-01,10.8,11.63153119282881,12.100546570997153,12.612514324406227
2004-06-01,15.8,14.734225747409091,15.182125949076777,15.713053090755333
2004-07-01,15.4,16.991327582676345,17.462466080288138,18.064283019054415
2004-08-01,16.3,17.272249909589462,17.744944962264913,18.291555033748494
2004-09-01,12.1,14.64978661600523,15.086468385013582,15.602048500813888
2004-10-01,9.0,9.864966312864825,10.375216287268287,10.826917344675785
2004-11-01,4.8,4.017988898040515,4.567930123245559,5.058562715854435
2004-12-01,-1.2,0.7905244880071846,1.2960276247895974,1.8015305712844643
2005-01-01,-0.3,0.008352995662959994,0.4937995448221404,1.0529643214606832
2005-02-01,-0.2,1.637355816444002,2.1669754081712296,2.6692753885112586
2005-03-01,-0.9,4.87314711031939,5.36360607647768,5.910143229140433
2005-04-01,7.4,8.12561753675724,8.579857224248851,9.090276921901314
2005-05-01,11.3,11.636580818958096,12.164876231285218,12.662498686522158
2005-06-01,13.9,14.777311232041054,15.247815272811286,15.775042628561298
2005-07-01,17.2,17.05698010189136,17.52717995898061,18.08557199858624
2005-08-01,17.4,17.345748385711193,17.80655513690767,18.36045043998565
2005-09-01,13.6,14.684731337453652,15.15549787830799,15.695463873968203
2005-10-01,13.9,9.966541590187376,10.46050618187169,10.903895430534542
2005-11-01,1.6,4.153209976080345,4.6437520125804825,5.162696117532759
2005-12-01,-0.8,0.8601852862125116,1.353991523755421,1.8494855836009254
2006-01-01,-2.7,0.08871541477612972,0.5691111391151535,1.102606836420172
2006-02-01,-0.9,1.6988912178646545,2.2293070885424435,2.7255958138267578
2006-03-01,0.9,4.944599252967605,5.451405708948467,6.01070709924614
2006-04-01,9.2,8.233830202980606,8.651228309238416,9.146535890004397
2006-05-01,11.1,11.740291455187403,12.234994597105326,12.77832167155437
2006-06-01,11.5,14.856308485955426,15.337214875925966,15.853314654163347
2006-07-01,23.0,17.148330623884448,17.62905929156398,18.198575454420126
2006-08-01,16.0,17.429270782446846,17.8910522792154,18.48551797298547
2006-09-01,18.9,14.794256600332387,15.254929418887716,15.819863584845558
2006-10-01,15.2,10.055730335029073,10.527824876559961,11.049355997556118
2006-11-01,7.6,4.2434171276068104,4.72451074566299,5.267027093242311
2006-12-01,0.8,0.9384786189050229,1.4437687531514816,2.000091870174171
2007-01-01,0.1,0.182075870421535,0.6340954746271912,1.212406484966724
2007-02-01,0.9,1.80464488192855,2.277753440989802,2.8071081149349855
2007-03-01,5.4,5.033659228329876,5.501756320726315,6.048434507937028
2007-04-01,10.5,8.272376520795117,8.68964108982526,9.231008641637377
2007-05-01,13.5,11.784034390706708,12.26224635423754,12.778557368623114
2007-06-01,15.0,14.893691903419116,15.353581196643347,15.885419148658533
2007-07-01,17.0,17.160286099440373,17.631846433117083,18.186583338398158
2007-08-01,15.0,17.455972790974528,17.881182725442482,18.446508483859258
2007-09-01,13.4,14.789780783218092,15.257826604058819,15.742123957380828
2007-10-01,8.8,10.000311577148635,10.522563190541979,10.980848634149368
2007-11-01,5.5,4.214299032032829,4.697524098412426,5.210308575148855
2007-12-01,-0.2,0.9281261926049605,1.4275356435339166,1.9336105085057078
2008-01-01,1.2,0.16261086604772218,0.6205930091569432,1.1440249940235645
2008-02-01,2.6,1.7706626231390221,2.2654957834253313,2.736246895064967
2008-03-01,3.9,5.01485715517312,5.470947571500216,5.990824617988802
2008-04-01,7.8,8.26673363920375,8.665220146419353,9.1747670411392
2008-05-01,13.5,11.774619882736516,12.255592547673825,12.718002686020737
2008-06-01,13.1,14.835587252322599,15.331982013057411,15.8657695732358
2008-07-01,15.8,17.10381109367006,17.615922651475444,18.08968025371811
2008-08-01,16.8,17.398506137051545,17.882465072989454,18.399489554576547
2008-09-01,13.2,14.722999236929988,15.233130380738208,15.738051440508253
2008-10-01,4.4,9.983810772307132,10.504340837722914,10.967816374778227
2008-11-01,2.3,4.191941452114087,4.703859520266005,5.172783125656153
2008-12-01,0.5,0.9178071806950964,1.4445852086458268,1.8440070415735452
2009-01-01,-5.8,0.15256595437146825,0.6233279059064554,1.0786914087975312
2009-02-01,1.4,1.776598229771506,2.255163627260598,2.762995660977595
2009-03-01,6.6,4.9803003819749225,5.493961979104565,6.033673604266476
2009-04-01,10.8,8.19885147827882,8.669512385241198,9.20481146627459
2009-05-01,12.8,11.79900321183313,12.268051433638316,12.722423426379978
2009-06-01,14.6,14.86332822654022,15.349531013460311,15.861930618361159
2009-07-01,18.2,17.164234610359443,17.646046976557873,18.1430120274329
2009-08-01,19.6,17.434124040593257,17.901398189012774,18.414490615612117
2009-09-01,16.6,14.769186434569823,15.244325085931125,15.735213149751297
2009-10-01,10.7,10.016317623987407,10.51864300075015,10.984298046577553
2009-11-01,7.3,4.2059125173869845,4.717241169920795,5.181266782396962
2009-12-01,-2.7,0.9144696829559243,1.4397125128395274,1.8990296070104264
2010-01-01,-2.9,0.15953017561224742,0.6356241043204367,1.1251943412245227
2010-02-01,-2.0,1.7877896159641504,2.2691495377234987,2.7792643014199534
2010-03-01,1.5,4.977219237937285,5.49666391812921,6.036938487548716
2010-04-01,10.3,8.208884565976502,8.69946333862978,9.225059443782811
2010-05-01,6.6,11.788982613949619,12.288575538702947,12.75249497325245
2010-06-01,13.5,14.853153650472066,15.358829141116084,15.875465893141806
2010-07-01,19.0,17.166565075857548,17.647914424783604,18.136731410335024
2010-08-01,17.1,17.396097296935608,17.894954800332243,18.4127920858906
2010-09-01,12.5,14.75461464152694,15.279292753942796,15.750636457106406
2010-10-01,7.7,10.014916592138952,10.529042829235518,10.985474244971929
2010-11-01,-2.0,4.187812624723546,4.737264382665633,5.196751872513366
2010-12-01,-4.5,0.9853345560785461,1.463468184947125,1.9175427181797047
2011-01-01,-0.9,0.1642392774484427,0.6540481944989827,1.1248138427969385
2011-02-01,0.4,1.7891289469604545,2.3006757776453393,2.769930508728553
2011-03-01,5.4,5.01695939854365,5.518315798920161,6.1157357309736
2011-04-01,12.1,8.233008993262676,8.726899456183776,9.229593391765166
2011-05-01,14.8,11.810814247363783,12.309120353866811,12.78133250126714
2011-06-01,16.9,14.865650852396962,15.399536731943929,15.89532538889295
2011-07-01,14.3,17.186559371323344,17.684388181955185,18.201508035865288
2011-08-01,16.5,17.487217782529232,17.938456144455703,18.41431999677646
2011-09-01,15.1,14.79051361052404,15.309951203493245,15.791818908696136
2011-10-01,10.2,10.043532518211014,10.574995961844849,11.055905915365756
2011-11-01,7.1,4.255324052899843,4.7819821761560135,5.244476584008907
2011-12-01,3.4,0.9654873181939414,1.501494049899542,1.988558319012342
2012-01-01,-0.6,0.17506225477162013,0.7012863394091253,1.1830941452462487
2012-02-01,-5.6,1.7980333183413717,2.337215323045275,2.7803547464665264
2012-03-01,4.6,5.039504020961621,5.565036217209824,6.089580203741477
2012-04-01,8.3,8.249894210397452,8.75936935822655,9.250704169285541
2012-05-01,9.7,11.848897734350764,12.340100174826441,12.819193870508041
2012-06-01,13.2,14.8707390039839,15.421794177966202,15.916085602168918
2012-07-01,17.0,17.19190557229743,17.717762841596503,18.209532192633855
2012-08-01,17.2,17.450276688595103,17.991083340256964,18.484063467164486
2012-09-01,15.1,14.792829897541786,15.331862816424074,15.834192183745348
2012-10-01,7.2,10.080507416392278,10.585808002703772,11.107296869405403
2012-11-01,2.4,4.243698287969191,4.821543430516562,5.305725961721703
2012-12-01,1.3,1.0156721862011657,1.5273981190887218,2.0082372311115435
2013-01-01,-4.4,0.19527538745730588,0.734532166076642,1.2048885263268359
2013-02-01,-0.6,1.8346792620212147,2.369945036180396,2.8474730201162153
2013-03-01,-1.3,5.081579183226842,5.599612988182402,6.138832469661589
2013-04-01,3.9,8.30669275592782,8.79471441206901,9.278516801745715
2013-05-01,8.4,11.876103909863767,12.378450956684759,12.882325150879117
2013-06-01,14.7,14.957805700083021,15.473167571824915,15.95794948797491
2013-07-01,18.5,17.236023003402586,17.767257975690605,18.262188096638887
2013-08-01,16.9,17.546064783551923,18.03553373161017,18.528472832232477
2013-09-01,13.9,14.882486458271847,15.396871396797973,15.88642171066335
2013-10-01,9.0,10.136698487032927,10.667471998265388,11.13486291492313
2013-11-01,4.1,4.344221052364866,4.889414504297427,5.356341429661701
2013-12-01,4.6,1.073065287015018,1.598963921765736,2.0667585908505566
2014-01-01,5.1,0.30480337312460865,0.8160030231484381,1.3029946229740386
2014-02-01,6.2,1.928159180826091,2.448636287014405,2.936506506675993
2014-03-01,6.6,5.145931710923001,5.670349783446067,6.212840416873043
2014-04-01,10.9,8.362250991163453,8.865327768047566,9.384350590623075
2014-05-01,12.5,11.973120527526781,12.447518018218638,12.93544546728741
2014-06-01,15.3,15.02153615499049,15.542402369002655,16.03249421126373
2014-07-01,15.8,17.32148568772406,17.8273753533226,18.311058716697428
2014-08-01,16.2,17.56253911122326,18.077983758704406,18.603307579885996
2014-09-01,14.2,14.935612077645045,15.434157122842901,15.942980963546518
2014-10-01,12.0,10.237453996288806,10.70004171473903,11.192491567031558
2014-11-01,2.9,4.351347867576627,4.902513789865073,5.351347816915016
2014-12-01,-2.3,1.1368956301602473,1.6274134915557776,2.0998288971330155
2015-01-01,-0.3,0.33748692421212434,0.8183811322910319,1.2999353507551399
2015-02-01,1.1,1.9467597213762293,2.465263418519779,2.92831033851602
2015-03-01,6.2,5.151508670480471,5.681688956829541,6.224582011670926
2015-04-01,7.9,8.399466454216928,8.884048681832866,9.380483350592575
2015-05-01,13.4,11.984440091779835,12.45768835064587,12.955393016621418
2015-06-01,13.8,15.021419886959878,15.570432551659806,16.03093401036294
2015-07-01,17.2,17.373639385570023,17.856096923345564,18.320170187140395
2015-08-01,15.8,17.584190466863298,18.11099812507386,18.627087153549766
2015-09-01,14.7,14.998761910192533,15.464039423394013,15.95211819350401
2015-10-01,5.3,10.258900277778574,10.715762398888145,11.241225127727136
2015-11-01,4.7,4.398547441428016,4.944857463776234,5.384072464001012
2015-12-01,6.3,1.15183502715593,1.6655484552154647,2.116277108820532
2016-01-01,-0.9,0.3498613622608906,0.8727640922301676,1.3644356815361505
2016-02-01,2.6,1.9566941492156782,2.5102115066739845,2.94565006851224
2016-03-01,4.7,5.171150737023985,5.723533775480181,6.248445684276246
2016-04-01,6.5,8.373872246147997,8.91142411265606,9.450510333803138
2016-05-01,11.8,11.953471775284818,12.492541472749737,13.00335649524736
2016-06-01,14.5,15.055527886104564,15.579372179859217,16.07690017462406
2016-07-01,16.9,17.37028446797109,17.869996097468913,18.385683320460178
2016-08-01,14.6,17.555648876825725,18.15911313774105,18.650694502746244
2016-09-01,16.2,14.9756854132965,15.501056900132731,16.016242150679233
2016-10-01,7.2,10.255250415262948,10.737741342946087,11.272502436079645
2016-11-01,3.7,4.382988318184805,4.962819647545812,5.447869529555027
2016-12-01,-1.9,1.1392051968565298,1.6776977447912698,2.187928267500434
2017-01-01,-0.5,0.3823727085017226,0.873814470799597,1.378511656557174
2017-02-01,-0.1,1.963070848567746,2.5402118972735277,2.9926766044606667
2017-03-01,7.5,5.182140536330482,5.7569572983361645,6.300417786096977
2017-04-01,9.0,8.368121506126457,8.965375861447306,9.515297144684993
2017-05-01,12.3,11.973760964228653,12.537376281253609,13.04045981044052
2017-06-01,17.6,15.058781281638655,15.62453571185666,16.146565007417948
2017-07-01,17.1,17.376133471724838,17.909237803113896,18.41591260152029
2017-08-01,16.2,17.5929910649285,18.20281380676797,18.686699696561448
2017-09-01,14.4,14.935230859042857,15.539343204777293,16.015640661205982
2017-10-01,11.1,10.291544898381334,10.766663332172822,11.324381528039012
2017-11-01,3.1,4.420223061282938,5.0056463075119595,5.487641111054936
2017-12-01,-0.7,1.1645828288369615,1.725347337372666,2.1977775552599397
2018-01-01,3.2,0.39650117663059775,0.9238458021394553,1.3927317548459524
2018-02-01,-2.2,1.9634487451518963,2.602956815939287,3.038757351669179
2018-03-01,-1.8,5.267718968763467,5.793824116551995,6.338871887305596
2018-04-01,7.8,8.386671468852827,9.002124665295216,9.549828952310962
2018-05-01,13.6,12.026501669319183,12.576860258891536,13.057518559118746
2018-06-01,17.0,15.16760514694552,15.665339619424245,16.20278373922196
2018-07-01,17.1,17.442853207724525,17.961538082691256,18.46987162474879
2018-08-01,18.0,17.663567716646774,18.227670297882906,18.734515323141263
2018-09-01,12.0,15.04331872956275,15.587620270669753,16.111302521759033
2018-10-01,5.5,10.3275303030092,10.814495005448522,11.371651521715012
2018-11-01,4.4,4.495372471573817,5.052389286726283,5.52718940753271
2018-12-01,1.2,1.2131233813790034,1.808502666826155,2.230056807089346
2019-01-01,-0.3,0.48002404528238424,0.9818843745789341,1.4303804160063232
2019-02-01,3.2,2.0663165585654473,2.645194226045766,3.092700303036894
2019-03-01,7.8,5.359078254806153,5.865222280785282,6.382481995970762
2019-04-01,7.5,8.513433287630262,9.047586093602707,9.637979296832231
2019-05-01,9.7,12.069902735123046,12.62800998468267,13.123926986204374
2019-06-01,17.0,15.219579358272341,15.705064801152194,16.254947947723448
2019-07-01,17.8,17.50890603136882,18.016220704419982,18.532948559121387
2019-08-01,18.2,17.759749525058925,18.281358937189495,18.789434325622643
2019-09-01,16.2,15.101177356240516,15.639561858502226,16.193866850294356
2019-10-01,9.8,10.397658720867309,10.899258691501583,11.460997469910833
2019-11-01,5.3,4.576722187173812,5.1088369141067105,5.629965197614634
2019-12-01,2.6,1.3251539139343493,1.8520287935711899,2.2962959328465233
2020-01-01,1.6,0.5304064506860484,1.0501328022968401,1.5385855674136795
2020-02-01,2.8,2.1268283722267864,2.7001499008837557,3.151738599843836
2020-03-01,6.8,5.351346846302202,5.920050394519638,6.511499691477475
2020-04-01,9.5,8.565909356438572,9.119850810245342,9.711027094046848
2020-05-01,11.9,12.16047317138489,12.694433558532257,13.239471732881297
2020-06-01,14.5,15.248713103218575,15.786391172857911,16.30547817325811
2020-07-01,17.1,17.543865511669274,18.09456376397935,18.63227863879893
2020-08-01,17.5,17.736822340706297,18.37014970226551,18.879195285935193
2020-09-01,12.6,15.141177838706906,15.707861381498963,16.28751614482376
2020-10-01,10.7,10.472051248612129,10.944087818405283,11.524114041773238
2020-11-01,3.3,4.595166853483783,5.1743260094098,5.721994477173189
2020-12-01,2.8,1.3493190600634377,1.9112649084788362,2.4259002155441935
2021-01-01,-0.1,0.5751420877906269,1.1080548666783585,1.6251377340275082
2021-02-01,-4.1,2.1868696169618485,2.750827579695808,3.2374823016495027
2021-03-01,6.1,5.387801282430718,5.977384543485306,6.615760597323472
2021-04-01,5.6,8.621683589672172,9.180745890781843,9.75964547755696
2021-05-01,11.0,12.152583528970025,12.75951661722228,13.297696821118778
2021-06-01,14.9,15.302619150760515,15.847441349199446,16.437327224399805
2021-07-01,16.2,17.605609104181482,18.160542203542303,18.666245775060005
2021-08-01,15.4,17.820476223064702,18.430439372826168,18.989421861215934
2021-09-01,14.5,15.158058163195717,15.767886979434483,16.305954930877338
2021-10-01,11.8,10.495446870165123,11.04100443026542,11.623374421590617
2021-11-01,4.2,4.666630229196122,5.2550960937041715,5.817717714213964
2021-12-01,2.8,1.4136558076601877,1.9682984547979,2.5616230827336315
2022-01-01,1.0,0.6578630027124154,1.2012756167068845,1.752419357286324
2022-02-01,7.5,2.2622294141674875,2.8507132412778136,3.382285734182237
2022-03-01,6.2,5.443542044508207,6.089468625622727,6.71624635196606
2022-04-01,2.7,8.680195752931358,9.252861200086409,9.88983765695751
2022-05-01,13.2,12.262071417251278,12.8453250938771,13.428216769742864
2022-06-01,17.0,15.33409079269857,15.953433000167447,16.56520293778313
2022-07-01,18.8,17.641025846590544,18.21323650301545,18.814315435721884
2022-08-01,21.2,17.876830643269678,18.501294755580176,19.09299944171473
2022-09-01,11.8,15.200158867657414,15.842927572944957,16.485824937609774
2022-10-01,14.3,10.52332733952893,11.098604175357313,11.728533301595276
2022-11-01,6.0,4.656141620047408,5.298708796509461,5.913015012332308
2022-12-01,0.1,1.4424231737139304,2.060988091447783,2.647787872628833
