date,observed,lower,median,upper
1892-01-01,-5.4,-3.0287613584758826,-2.129222833998321,-1.4403458819862152
1892-02-01,-5.3,-1.29540403755822,-0.477246816927658,0.21927645567215
1892-03-01,-2.1,1.905501325071408,2.767022997519422,3.402680764988932
1892-04-01,4.4,5.143765366014446,5.955688374452858,6.591709905367467
1892-05-01,7.4,8.73862578419604,9.531705931538234,10.198388262169852
1892-06-01,13.2,11.86350992819566,12.673940351236535,13.308383314886823
1892-07-01,12.7,14.181087209238605,14.926741119191234,15.562272092285633
1892-08-01,14.3,14.526731296892171,15.247028872291809,15.877818816885496
1892-09-01,12.1,11.87039542798783,12.574326660692066,13.217557468144904
1892-10-01,3.8,7.107114343641896,7.840567131406651,8.448119991527713
1892-11-01,0.7,1.403198424647776,2.0276091246415993,2.624203499171377
1892-12-01,-3.5,-1.904949964398796,-1.2374389559766934,-0.5764396474664539
1893-01-01,-6.7,-2.707470415088705,-2.0230094017648894,-1.3947082186681876
1893-02-01,2.3,-0.9748439424479224,-0.38191342248952864,0.27439201313270634
1893-03-01,3.0,2.2080023283241186,2.879117847486083,3.468019089154011
1893-04-01,7.6,5.500206943894233,6.068074941147189,6.679174273016545
1893-05-01,8.7,9.021659098457032,9.644281574254887,10.252509010404456
1893-06-01,13.7,12.151303317502924,12.781902989533547,13.39822947993338
1893-07-01,15.6,14.464406317726693,15.040419937334196,15.614546536086651
1893-08-01,16.4,14.752590578158667,15.348755902593421,15.932164359750688
1893-09-01,12.6,12.1499346316398,12.696970967094902,13.31255697123422
1893-10-01,8.2,7.366036238793179,7.958878114327717,8.490728049504057
1893-11-01,1.4,1.5483305400732117,2.125773984372936,2.676630587105542
1893-12-01,-1.1,-1.7141356060131088,-1.109876733632463,-0.5149899973472918
1894-01-01,-7.9,-2.553640223333098,-1.9238009460329843,-1.3398828597529575
1894-02-01,-2.1,-0.8448937944947751,-0.26491623411800935,0.3379334159424356
1894-03-01,6.0,2.4101787231430825,2.966660126692475,3.4942328393283897
1894-04-01,9.5,5.676374370627435,6.15190226444291,6.771141715311821
1894-05-01,8.1,9.124706482071577,9.714617069470311,10.310116672100552
1894-06-01,12.8,12.30481538664821,12.863446380796614,13.452039409856575
1894-07-01,15.8,14.583216811686707,15.120135459892182,15.684807234837532
1894-08-01,15.1,14.83995256042241,15.435536878672977,15.9832862384078
1894-09-01,11.5,12.208297553722607,12.78207878047311,13.367832671505573
1894-10-01,7.5,7.463486573634946,8.00033633850255,8.576443180023412
1894-11-01,-0.1,1.6649026823996482,2.2193648437400877,2.7161156192836704
1894-12-01,1.9,-1.6409162364821335,-1.0420844291147828,-0.4724412823279079
1895-01-01,-3.8,-2.4772690328348355,-1.8668483954034056,-1.3175738022728232
1895-02-01,-10.5,-0.775643677242453,-0.2133981843520285,0.36748933896041575
1895-03-01,-1.7,2.4763035297234666,3.0134903454645636,3.560125747326445
1895-04-01,4.7,5.6598498463590365,6.221722979761306,6.777646660752511
1895-05-01,7.0,9.186877127859079,9.787649177474192,10.2960332488769
1895-06-01,13.3,12.395872704857721,12.914273156643326,13.43168105338754
1895-07-01,15.8,14.692866178784222,15.194125237150722,15.75971101534563
1895-08-01,16.8,14.953538595380529,15.489746934735322,16.000702309140447
1895-09-01,14.9,12.28433980318723,12.846056184949376,13.395634048553138
1895-10-01,4.5,7.486761160835015,8.057773953884013,8.613036845228994
1895-11-01,0.2,1.7519910632422788,2.267052213675247,2.8150763216703854
1895-12-01,-2.9,-1.5548531785050599,-0.97068045607995,-0.41974671033224203
1896-01-01,-2.0,-2.384464361295812,-1.7802149062540154,-1.2900458628360965
1896-02-01,-1.6,-0.6586603953992898,-0.1274511884326044,0.40686903402097696
1896-03-01,3.7,2.5730467633779956,3.115087012774422,3.6234997826415176
1896-04-01,5.0,5.758026269033686,6.29590271249849,6.853565312928247
1896-05-01,9.6,9.30879725276691,9.865030377530738,10.383386151677865
1896-06-01,11.6,12.471337218825663,12.986299000930423,13.548557829359588
1896-07-01,13.5,14.753220599791188,15.257553667825377,15.782663141235659
1896-08-01,14.4,15.05438887319943,15.558160326210668,16.06472610552664
1896-09-01,10.3,12.400499514244142,12.913029345525846,13.468705219317375
1896-10-01,6.9,7.613114966734862,8.145371562246911,8.676261620570305
1896-11-01,-0.6,1.812147528078311,2.3566889826940907,2.881609866978024
1896-12-01,-1.0,-1.4041056836271264,-0.8847644569609443,-0.34515110886952916
1897-01-01,-3.8,-2.2792520185727767,-1.695617365536307,-1.1973995997415732
1897-02-01,1.6,-0.5192242267186165,-0.032699168386549626,0.44413988708929614
1897-03-01,4.0,2.6890759795185333,3.1893023435548433,3.727750286718793
1897-04-01,6.3,5.872550285917898,6.383604513100805,6.925087771347381
1897-05-01,7.3,9.448828498053581,9.96660356061465,10.453001232612086
1897-06-01,11.9,12.602515395380369,13.061573202186882,13.596230620990381
1897-07-01,17.1,14.90148238697946,15.362837340919397,15.867382930228581
1897-08-01,17.6,15.15215529561159,15.658855845103485,16.153547627986512
1897-09-01,10.8,12.52406739540984,13.005973143620475,13.535867031109497
1897-10-01,9.0,7.74455129363465,8.245718842031755,8.766942907490789
1897-11-01,0.5,1.9892970353174166,2.438427907444388,3.006400369979085
1897-12-01,-0.4,-1.2750255933914711,-0.8165769814122097,-0.2296472735102228
1898-01-01,-0.2,-2.156234648559796,-1.5937726106617962,-1.0974734170565286
1898-02-01,2.4,-0.4632801803919747,0.07406558609540159,0.5832165806020421
1898-03-01,-0.4,2.769085165742678,3.282308804641772,3.8337943390363822
1898-04-01,7.4,5.994811096848991,6.498992590736477,6.980933517116669
1898-05-01,8.7,9.51783964010568,10.06032909774548,10.598718492949757
1898-06-01,12.9,12.703788106706163,13.152407182430142,13.704156322931102
1898-07-01,13.6,14.945112433100343,15.434585233857996,15.976421909480097
1898-08-01,16.2,15.22765429339519,15.727688897837757,16.267492762404903
1898-09-01,13.6,12.62285195591011,13.083328939543613,13.64362544530444
1898-10-01,10.5,7.80333865767939,8.327866216200581,8.849859975717619
1898-11-01,1.4,2.0295822208617764,2.52991573385354,3.10626049851117
1898-12-01,1.3,-1.2485067956364166,-0.7188028207226425,-0.1513190871699663
1899-01-01,0.7,-2.079927303589919,-1.5341004614209162,-1.0167992894994733
1899-02-01,-0.7,-0.39156634791481104,0.13658000113628388,0.6660314889803349
1899-03-01,1.2,2.854130685903734,3.337469570742337,3.8911633411182573
1899-04-01,7.1,6.056717509959881,6.537557240635536,7.114174032373576
1899-05-01,7.9,9.535959325687099,10.110398875931512,10.624199060019754
1899-06-01,14.8,12.740059010103064,13.232511207125935,13.74379571418259
1899-07-01,11.9,15.033599294134063,15.49113874862388,15.990276280710333
1899-08-01,18.6,15.231047080922481,15.793084329740239,16.306748570877453
1899-09-01,12.1,12.608195770015197,13.140921035597351,13.727332131942875
1899-10-01,10.7,7.821967175766609,8.381232154778589,8.877895944608664
1899-11-01,6.1,2.1039842464246576,2.5561737904388444,3.0926053936966973
1899-12-01,-7.7,-1.2138010607150176,-0.6841347294182851,-0.10603377111000148
1900-01-01,-1.5,-2.0377280920016796,-1.5319293149578623,-0.9942955727792675
1900-02-01,-2.9,-0.34868638157050214,0.14893536748129055,0.6784245118600467
1900-03-01,0.0,2.8757385424978135,3.366205155950359,3.93227805710682
1900-04-01,4.3,6.111848027060375,6.541821958120348,7.079996962821558
1900-05-01,7.7,9.602476633355415,10.102160268338956,10.702008906565606
1900-06-01,13.0,12.72803321279566,13.256121516992385,13.743259066018002
1900-07-01,13.8,15.017026844472607,15.504607593448727,16.02893553596659
1900-08-01,13.5,15.272215065540854,15.797201213208595,16.342914881196236
1900-09-01,15.7,12.656281238268667,13.146830949410315,13.694674811431693
1900-10-01,9.4,7.915116241011545,8.379126342771729,8.927680078907668
1900-11-01,2.4,2.1311609681463817,2.5709251247471183,3.0726664400383874
1900-12-01,3.7,-1.2208583966736615,-0.6903941816589967,-0.17315460498031116
1901-01-01,-6.6,-2.025927869359375,-1.503931154264246,-1.0186481493486905
1901-02-01,-6.7,-0.3415146243209238,0.1390139781185118,0.6675120155457478
1901-03-01,0.8,2.8968100153265524,3.364331116223158,3.9060131667469293
1901-04-01,6.8,6.069250606768751,6.55846867470458,7.083828071708135
1901-05-01,9.5,9.639823382975319,10.088264157870134,10.605749876739669
1901-06-01,11.9,12.752619453473363,13.235992695520238,13.716278508387116
1901-07-01,18.4,15.000984330520355,15.498170278432884,15.992820111345173
1901-08-01,14.7,15.283398600511534,15.799103413204111,16.325758939794536
1901-09-01,13.3,12.647706482317059,13.133550963329704,13.65730900746388
1901-10-01,9.6,7.876477712772318,8.345823753683788,8.877999192093306
1901-11-01,1.9,2.0758919624801226,2.5440457783830297,3.0738281975129556
1901-12-01,-1.5,-1.2746534342496108,-0.7078099772868307,-0.1931832372035671
1902-01-01,1.1,-2.068567884506951,-1.5601659143569253,-0.9741885007360722
1902-02-01,-3.7,-0.3815022991673037,0.10656541485572424,0.6406952398296873
1902-03-01,4.9,2.7988367429095953,3.3599262252650823,3.9041308650777555
1902-04-01,7.1,6.002482616627263,6.5373316503631145,7.1069073383559
1902-05-01,7.1,9.574874817121012,10.06844021958462,10.571684089972402
1902-06-01,11.9,12.678831080150967,13.192478942206852,13.699050135440901
1902-07-01,13.2,14.953992441901645,15.444974583577187,15.942838417446373
1902-08-01,14.5,15.220752894375801,15.744765528432671,16.23986444370624
1902-09-01,9.9,12.593526543312002,13.080144933548304,13.561195231177598
1902-10-01,5.1,7.773816867123475,8.31559937467677,8.86430665428942
1902-11-01,-1.9,2.0093860439389943,2.5107440073207283,2.9924612352103677
1902-12-01,-6.8,-1.3274472101373473,-0.7487849632365973,-0.2404211167708942
1903-01-01,-4.6,-2.1676828495114093,-1.5802228556191271,-1.0777043352455122
1903-02-01,4.1,-0.40140673806845506,0.06796250408894533,0.58725752216367
1903-03-01,6.3,2.777747683085705,3.3178516292794393,3.8139767413101366
1903-04-01,2.6,5.97089728810483,6.508656763207441,7.027923684420717
1903-05-01,10.2,9.549017290199066,10.036847488322328,10.559490171771488
1903-06-01,10.9,12.63014292839961,13.167537620311482,13.650969374448952
1903-07-01,11.6,14.923497882379856,15.426766212620871,15.922531237307492
1903-08-01,15.1,15.18522844558242,15.714164198042926,16.241013141368526
1903-09-01,11.7,12.58311040918134,13.071549446041704,13.551143776585112
1903-10-01,9.6,7.772690395860802,8.299779249651031,8.837052505712826
1903-11-01,-0.8,2.00720488436647,2.4888333051327614,2.9503082538648964
1903-12-01,-3.9,-1.3401804945699014,-0.7586027123357315,-0.25750755074483306
1904-01-01,-4.2,-2.1718545614743943,-1.5886829940363736,-1.0945613956578528
1904-02-01,-1.1,-0.44238598356466324,0.07809368799140248,0.5809695193696734
1904-03-01,-1.0,2.7405479233804324,3.3179110926721758,3.785247112057931
1904-04-01,7.5,5.971912158688013,6.500041064115678,7.022732753002321
1904-05-01,10.0,9.538186937458304,10.036432712740668,10.539644908478996
1904-06-01,11.0,12.667490363525413,13.187124134626615,13.67857268817908
1904-07-01,19.0,14.949138365232844,15.455992746868853,15.939800886920457
1904-08-01,15.9,15.218972768558306,15.726806961941058,16.256006590886713
1904-09-01,13.0,12.579538530483095,13.07576623074347,13.558187037273187
1904-10-01,5.8,7.7547370699449045,8.310107686746264,8.785985619949805
1904-11-01,-0.7,2.0078116590935844,2.5102977013284313,2.9515247229665302
1904-12-01,1.5,-1.3521145634734857,-0.7386172076856341,-0.2152730405447685
1905-01-01,-4.8,-2.128324537577961,-1.5902860901906504,-1.0844059007786306
1905-02-01,1.4,-0.4382415671075957,0.07800907441653226,0.5643404922145797
1905-03-01,2.3,2.7973691106173755,3.296251496024927,3.7716356259988455
1905-04-01,4.5,5.95916067777629,6.494565449311185,7.006374691790687
1905-05-01,9.7,9.541218827273351,10.0304052105589,10.547427163408736
1905-06-01,12.1,12.648717699304362,13.148296922607464,13.705300114055918
1905-07-01,16.5,14.9077969658684,15.425450326813028,15.941703642596575
1905-08-01,13.4,15.191732947664512,15.708484176782122,16.22573847362509
1905-09-01,11.6,12.513684600351652,13.067605066469685,13.564954091889053
1905-10-01,3.3,7.715911116824654,8.293063357587965,8.812407014575516
1905-11-01,0.2,1.943645423949036,2.479022533142834,2.9863192351320262
1905-12-01,-1.9,-1.3103818892304846,-0.762025750874908,-0.24798147815214164
1906-01-01,-0.8,-2.163051387352573,-1.5853863389890943,-1.0749218560848808
1906-02-01,-0.5,-0.4555113028167786,0.055685244694359426,0.5717639502331052
1906-03-01,0.8,2.7689834937171245,3.3062052390295285,3.812157870294572
1906-04-01,4.7,5.968778412480901,6.482074006914258,7.0148029771977845
1906-05-01,8.2,9.508789707313374,10.050340921126743,10.558657114218073
1906-06-01,11.8,12.635002772209571,13.161299971156328,13.753800670207296
1906-07-01,14.4,14.899729159774518,15.449324468182056,15.949930566362022
1906-08-01,15.2,15.18114214532203,15.742137696770197,16.263690758501173
1906-09-01,13.3,12.562977011097548,13.083593227502949,13.582750609023346
1906-10-01,10.9,7.708754202170326,8.326578690888278,8.814225717299092
1906-11-01,5.5,1.9742789123446849,2.519320840681994,3.0034673384649606
1906-12-01,-4.2,-1.3577439663625217,-0.7517193979069052,-0.19670791653376488
1907-01-01,-9.0,-2.160469704974628,-1.5563409422761874,-1.052653058487551
1907-02-01,-4.1,-0.4678000364899567,0.12006785558090627,0.5872223458635419
1907-03-01,4.2,2.803198447275847,3.3421607599166228,3.8350691992748915
1907-04-01,6.4,5.965682370197619,6.523958546178551,7.010845655355609
1907-05-01,4.8,9.48237888436393,10.068192705921174,10.59263960902095
1907-06-01,12.2,12.658049709899295,13.18084585376358,13.754729098092955
1907-07-01,10.8,14.91448420917386,15.475701402731442,15.932089749288483
1907-08-01,15.0,15.228377386873428,15.776406809695956,16.263942065840105
1907-09-01,14.2,12.625970472366786,13.113681887976036,13.607424131982896
1907-10-01,10.1,7.816580218771718,8.35956924024279,8.844272441155644
1907-11-01,2.5,2.0140273382568394,2.5520502070756894,3.0612790591239682
1907-12-01,-2.7,-1.2863642262302915,-0.7002874689959939,-0.1544063741160091
1908-01-01,-6.6,-2.0929996639589312,-1.518242396960662,-1.0337672203718895
1908-02-01,0.8,-0.3888414734884563,0.14301660695811735,0.6416014520533816
1908-03-01,-0.1,2.855131795900681,3.388562019196955,3.860731516577543
1908-04-01,5.7,5.999593643305988,6.571189169153039,7.043941063170344
1908-05-01,12.4,9.600159876365568,10.129786357788948,10.676084962683365
1908-06-01,12.5,12.717915453859817,13.26035010862434,13.760037335919357
1908-07-01,16.0,14.995238169156863,15.533534867200974,16.017646815743458
1908-08-01,13.7,15.24891498895805,15.82262495283825,16.296393436389778
1908-09-01,14.7,12.629078447532812,13.16886232693287,13.666692399903438
1908-10-01,4.6,7.839100747202974,8.410739093965496,8.93610237618869
1908-11-01,3.4,2.0568782044541907,2.5874953466094444,3.1105349642235556
1908-12-01,-9.1,-1.2274311960453101,-0.664311794244596,-0.12346427477657732
1909-01-01,-2.3,-2.0257126699876884,-1.4496516475309784,-0.9761520302190743
1909-02-01,-2.6,-0.3606508922058483,0.18394853488724383,0.6749300239890051
1909-03-01,-0.5,2.8861350150493426,3.430632371229832,3.9236767583834355
1909-04-01,7.1,6.0572244804130175,6.6165343557435214,7.123190043517801
1909-05-01,6.5,9.619230167108652,10.163456893661863,10.70196873841035
1909-06-01,12.6,12.792963410251765,13.303361915547224,13.834997132946638
1909-07-01,11.8,15.036808957978963,15.596412812443631,16.100657797057984
1909-08-01,14.1,15.310099734060861,15.890301866396614,16.391387882700137
1909-09-01,13.3,12.745238008576534,13.238833707598928,13.737689167407742
1909-10-01,7.0,7.952005753807987,8.488784650195827,8.96105283249258
1909-11-01,-0.2,2.17276782996249,2.6810164360688398,3.1913470562039565
1909-12-01,0.2,-1.0523082072908165,-0.554726220116402,-0.04102440170649026
1910-01-01,0.7,-1.92439871462043,-1.3700699592421604,-0.8628801388395305
1910-02-01,0.0,-0.19929862119596672,0.2882989619525067,0.8431880436765372
1910-03-01,4.6,3.0064909645075257,3.5493203857236724,4.046169554466009
1910-04-01,6.3,6.25830849244301,6.721386372782975,7.242520837801524
1910-05-01,7.4,9.78886322946586,10.297160848217354,10.843341616082956
1910-06-01,14.8,12.879265430198865,13.441659230977717,13.959289640919243
1910-07-01,12.8,15.200187398980182,15.72315879955482,16.25419100454316
1910-08-01,16.9,15.491038384260289,16.02272043100482,16.58416145448203
1910-09-01,12.3,12.876579452547745,13.363097401549798,13.914811351954128
1910-10-01,9.3,8.114468613138992,8.604112193076386,9.129843572765688
1910-11-01,0.4,2.2943486955941528,2.7835821451755387,3.3532133466669114
1910-12-01,1.2,-0.94091330150217,-0.4367302587009898,0.08787866526787659
1911-01-01,-2.0,-1.7748502550893328,-1.25506061388674,-0.7074638346261455
1911-02-01,0.2,-0.053670216182308085,0.4026843813418841,0.9862018490798464
1911-03-01,2.2,3.186065150049746,3.6378463517922226,4.22768794171917
1911-04-01,0.4,6.365148697201843,6.832328729582587,7.406584629368775
1911-05-01,10.5,9.888144915782124,10.404297606554106,10.987400647128938
1911-06-01,12.6,13.003917301742208,13.556093745507754,14.094920152453472
1911-07-01,15.5,15.280302960834417,15.812596690881787,16.381528814474713
1911-08-01,19.1,15.53875186132713,16.133743440844857,16.661091928335004
1911-09-01,11.4,12.966146974146511,13.448688549040241,14.083338535457154
1911-10-01,9.3,8.164998307604689,8.701963355280306,9.249877832042356
1911-11-01,0.3,2.38081851550314,2.8911668886625224,3.5001489795329004
1911-12-01,5.0,-0.8695113278679738,-0.34856443567055084,0.2512772519616914
1912-01-01,-1.0,-1.715205570642205,-1.172882968088948,-0.5548203521979166
1912-02-01,-4.6,-0.0008432343637197451,0.48647201241176763,1.1120818041023794
1912-03-01,6.4,3.2254670284002964,3.7000745610832517,4.352316465404333
1912-04-01,6.5,6.4046597885661445,6.896350960941001,7.569096097476902
1912-05-01,12.7,9.929495962690854,10.456918300538204,11.03598619395089
1912-06-01,13.3,13.027963673423267,13.604558575587841,14.203876001320566
1912-07-01,16.6,15.322202928407068,15.855168009383473,16.466264576379267
1912-08-01,11.5,15.619041694475206,16.153026804368835,16.719014458690744
1912-09-01,10.0,12.971963597052193,13.490567494433812,14.095089872546277
1912-10-01,5.7,8.211933164088025,8.722498196719059,9.279973785786412
1912-11-01,3.2,2.408286580340115,2.9117973056599946,3.4986534671674696
1912-12-01,1.7,-0.8334045265486141,-0.3421876677604665,0.2102985704088268
1913-01-01,-0.8,-1.6940091876664938,-1.1617736378359491,-0.5904553013894369
1913-02-01,0.4,0.0036006320471478176,0.4973358870224316,1.0369823259723072
1913-03-01,4.9,3.1903081588507227,3.7174660454779564,4.3118181590079026
1913-04-01,3.8,6.397675785581487,6.92240848253523,7.502328224142721
1913-05-01,10.2,9.953159877832238,10.44198685421743,11.039323702092103
1913-06-01,12.8,13.076048464214898,13.594705638144305,14.170379479273652
1913-07-01,13.1,15.344846249984862,15.86467404227262,16.388609284588
1913-08-01,12.5,15.643052734986815,16.165721164159383,16.6978804401937
1913-09-01,14.3,13.002555409643971,13.50864030314916,14.106200197821622
1913-10-01,7.2,8.19151252889437,8.74288758599868,9.260542878692306
1913-11-01,6.4,2.400016955057694,2.9292501342362103,3.5329629251736785
1913-12-01,-0.8,-0.8528828551818943,-0.3343080395971323,0.2639216737967394
1914-01-01,-3.8,-1.7210223904816255,-1.1540412160885851,-0.5782347117571096
1914-02-01,4.4,0.021099185407623053,0.5114866611236466,1.0978335586550922
1914-03-01,5.5,3.190327871226902,3.7410380310368114,4.301628893818598
1914-04-01,10.1,6.397735719914223,6.914885227459765,7.527722537386275
1914-05-01,9.1,9.912122240671856,10.452199888102012,11.081066262929438
1914-06-01,9.5,13.064283806029902,13.589549914211355,14.192658283526999
1914-07-01,13.9,15.32010821456838,15.848834494306486,16.419499406138602
1914-08-01,14.9,15.607893981449465,16.146851751092,16.712919966975647
1914-09-01,11.7,12.986525303086063,13.483609911708186,14.026977348861182
1914-10-01,8.4,8.217277440395435,8.716270585971422,9.221178259862238
1914-11-01,-1.6,2.3744470172664878,2.9065195885182757,3.456913837833673
1914-12-01,0.4,-0.8390192174555544,-0.3638299693740512,0.1636731757071184
1915-01-01,-1.4,-1.7028548848030967,-1.1770347274375896,-0.6893499440993843
1915-02-01,2.5,-0.023684372403120133,0.4836514237048015,1.0010816422399595
1915-03-01,0.8,3.1798329973876758,3.7065681598308107,4.225903290106395
1915-04-01,7.4,6.382315139590731,6.89134190350938,7.381068313020406
1915-05-01,11.4,9.920156405202967,10.43593368717245,10.992189692246088
1915-06-01,15.4,13.040420391214742,13.560735683222848,14.076849644419427
1915-07-01,16.7,15.32620430393899,15.820901115281288,16.334684626220742
1915-08-01,15.7,15.614204938351941,16.10803508280093,16.621743416652816
1915-09-01,11.4,12.953584322607202,13.431151189705242,13.996874987893577
1915-10-01,5.7,8.154858460625931,8.651920849653889,9.188075148954953
1915-11-01,-4.1,2.335919266773067,2.8577303602232287,3.3565605667761824
1915-12-01,1.4,-0.8931427855708446,-0.3989696683255852,0.10711242742814923
1916-01-01,1.0,-1.7452223427692934,-1.2431388880004524,-0.7168171652353427
1916-02-01,-0.2,-0.060053395465138854,0.4146581420574882,0.9676079402889521
1916-03-01,-0.8,3.1382396727275625,3.637740193358906,4.146934161308396
1916-04-01,7.0,6.325845033399501,6.825676352174925,7.286876396844059
1916-05-01,11.7,9.823387385245585,10.337398651960118,10.933957805506697
1916-06-01,10.1,12.972287565868616,13.471258990293435,14.024876058558718
1916-07-01,14.8,15.21865470269693,15.750916834187,16.225103982280732
1916-08-01,15.8,15.529816462475464,16.01788555143478,16.520837495721217
1916-09-01,12.8,12.868390158312234,13.366702462990046,13.885011763821435
1916-10-01,6.8,8.0939335613729,8.59980668219788,9.109720127274327
1916-11-01,-0.6,2.306579358137532,2.785972493627022,3.358908231483774
1916-12-01,-0.2,-1.0055450527644212,-0.4637563627429304,0.1078515418985483
1917-01-01,-5.1,-1.8222205626534373,-1.2849509506978505,-0.7562683748974444
1917-02-01,-7.2,-0.178016458774058,0.3493220400031092,0.9213353468943042
1917-03-01,-0.9,3.05984315000845,3.6051350965601068,4.105945798865331
1917-04-01,2.7,6.2616669017446,6.790464874586654,7.276946661257291
1917-05-01,11.7,9.812082315536738,10.349237374361923,10.868825722328168
1917-06-01,15.2,12.988467696656677,13.454105707056819,14.020085424299845
1917-07-01,14.6,15.252645129793038,15.731943825577028,16.181560860556367
1917-08-01,14.9,15.528401894718733,16.023517820165544,16.53357633008703
1917-09-01,15.4,12.859730360431456,13.368071040157925,13.937470803271466
1917-10-01,5.2,8.068826556224622,8.609624050274405,9.120520388149416
1917-11-01,4.5,2.280185959238775,2.7927739650411025,3.3044778204715297
1917-12-01,-5.2,-0.9735584813920299,-0.4691237611710015,0.0524442135592169
1918-01-01,-0.6,-1.8246960329944362,-1.2757782986430968,-0.8074314110889064
1918-02-01,-0.5,-0.1102684056709521,0.3617720831046416,0.9154680234183941
1918-03-01,0.2,3.0825070197039195,3.619088585611333,4.136688466155292
1918-04-01,6.6,6.259366461701528,6.783037186759252,7.3196468528129515
1918-05-01,9.4,9.835054034229024,10.352234313635167,10.865308483553077
1918-06-01,13.6,13.000236296260985,13.460332427632448,13.957773370590692
1918-07-01,15.4,15.240220170333336,15.750306360464233,16.23833415786987
1918-08-01,17.3,15.545413830503165,16.031266398267363,16.532330695489367
1918-09-01,13.2,12.86955108537753,13.376606139323576,13.857670525937387
1918-10-01,9.1,8.101094416806337,8.619261290860429,9.126859355413929
1918-11-01,0.0,2.2767911293492924,2.8145666100864464,3.302244884605383
1918-12-01,1.4,-0.9838682271323875,-0.4686854666760776,0.06773362842625993
1919-01-01,-3.5,-1.8004598392241646,-1.2761144029420532,-0.781890940591416
1919-02-01,-4.6,-0.16409450693930566,0.38462508087440606,0.8758049246473556
1919-03-01,2.2,3.1022628940314143,3.5971412599585055,4.114955283637424
1919-04-01,5.9,6.306533815882148,6.784880759379106,7.334357999485823
1919-05-01,9.3,9.823260081367824,10.351553525897277,10.879480786769333
1919-06-01,12.8,12.967440229497749,13.4756142118626,13.951954180701213
1919-07-01,13.6,15.243406538739128,15.766195779786528,16.198068647982215
1919-08-01,14.0,15.511644127048008,16.04068164962714,16.544343079945115
1919-09-01,8.5,12.888956382504913,13.389678794489562,13.897814075004549
1919-10-01,4.8,8.091416867968267,8.617304191750412,9.128223780285213
1919-11-01,-1.4,2.33327976642165,2.8087013381250094,3.315003364963106
1919-12-01,-0.1,-0.9337418196298145,-0.4305270155266272,0.09778741374083914
1920-01-01,-1.0,-1.7917750899856324,-1.261104848776721,-0.7119538480120013
1920-02-01,4.6,-0.0988050645056543,0.42442490848001535,0.9333744554433698
1920-03-01,4.1,3.1624205154634413,3.647102075401325,4.2050087195228105
1920-04-01,8.3,6.340757828340578,6.815040014131483,7.411214566531408
1920-05-01,12.5,9.898891819605344,10.389374792946244,10.924123244313868
1920-06-01,12.0,13.001658915142658,13.524612251706984,14.045040171321375
1920-07-01,14.0,15.279482461110236,15.801513458002312,16.263557834435673
1920-08-01,13.6,15.570376665380154,16.07928445217232,16.581836391013447
1920-09-01,14.4,12.963570356765723,13.42645604914686,13.958153722854995
1920-10-01,5.7,8.146347438956004,8.655364783707121,9.18037911343336
1920-11-01,3.1,2.365889060771088,2.834431871614516,3.410713777988384
1920-12-01,-6.1,-0.9333800295638366,-0.4069503279737887,0.1161884935000954
1921-01-01,3.5,-1.7477936930554623,-1.2366033517795931,-0.6914498063201171
1921-02-01,0.4,-0.07616287744723378,0.43746255696931735,0.9662584834494454
1921-03-01,6.1,3.139835566470478,3.657887039760757,4.232044129860863
1921-04-01,4.7,6.314190828934123,6.8272594166809215,7.409158273661681
1921-05-01,7.1,9.90054957888249,10.378308365025173,10.895359344877882
1921-06-01,11.5,12.994803651587977,13.506409399698814,14.023888725304856
1921-07-01,16.9,15.320418595649713,15.783702634924177,16.261629945375184
1921-08-01,16.9,15.523700341327205,16.06745370393308,16.58971048856724
1921-09-01,16.8,12.89683357865812,13.40867725513615,13.924979336693223
1921-10-01,8.1,8.099766475847098,8.640784186890276,9.147492907706853
1921-11-01,-4.1,2.2868272966663623,2.79901851430617,3.361485851622369
1921-12-01,-3.3,-0.9891215929112892,-0.4404490197156328,0.08267629792784062
1922-01-01,-3.4,-1.8363835723416801,-1.2765935654083185,-0.684231604637194
1922-02-01,-5.0,-0.14555021457746672,0.3978664326631898,0.8906009644406692
1922-03-01,2.2,3.114587195135359,3.6132233207841282,4.173052194475258
1922-04-01,5.5,6.282450065808945,6.792021549232345,7.352481969275875
1922-05-01,7.2,9.851582234496954,10.332675373204708,10.865954384430202
1922-06-01,13.0,12.93765354542761,13.456452406209095,13.99848911069265
1922-07-01,13.1,15.238178170186435,15.734999270528895,16.238365788468183
1922-08-01,15.9,15.483172644759554,16.028661290801036,16.558219398500295
1922-09-01,10.6,12.859259212287002,13.38414893753425,13.885367911858047
1922-10-01,3.6,8.062653024674779,8.608026886435166,9.13077974066344
1922-11-01,-1.1,2.2794448832055716,2.7859816229948082,3.3231256593064713
1922-12-01,3.2,-0.948932878974576,-0.4444574065497995,0.034153934782941445
1923-01-01,-0.1,-1.7833077542629894,-1.2533760903979663,-0.7454274009509188
1923-02-01,2.7,-0.16681302272823198,0.4048225534865759,0.8687735425413269
1923-03-01,2.8,3.058299467846993,3.6222063190538902,4.162595956465173
1923-04-01,3.1,6.184967479155171,6.798273021905858,7.306861167590774
1923-05-01,7.2,9.856857817050976,10.351371412251739,10.87168485770308
1923-06-01,11.2,12.923743647126122,13.46221907197661,13.97830173389347
1923-07-01,15.9,15.214873226144933,15.74905621187883,16.21268511763734
1923-08-01,16.7,15.499046656381426,16.039813512429248,16.520749949802298
1923-09-01,14.0,12.8775459984818,13.358612912894865,13.864571468907766
1923-10-01,10.9,8.068046327062696,8.600690021645113,9.104079054010498
1923-11-01,-1.8,2.302079788038051,2.800484697090369,3.2734462940521287
1923-12-01,-1.8,-0.9821981686438866,-0.44703693988466187,0.03409868255023647
1924-01-01,-1.5,-1.8057724212225816,-1.2788489490684696,-0.8065614960183456
1924-02-01,-2.8,-0.13766218265531158,0.3866105605528598,0.8694892972291747
1924-03-01,-0.4,2.9939275826685727,3.6037676904763702,4.129119357775022
1924-04-01,2.0,6.195688007605908,6.7905556761936365,7.246700036633759
1924-05-01,11.8,9.860285987938818,10.334765990287972,10.837067157155397
1924-06-01,11.9,12.907076279957405,13.459645467929352,13.952834973650402
1924-07-01,15.5,15.247747259580832,15.752849928624014,16.193275583784672
1924-08-01,13.6,15.496446857623235,16.039637250179673,16.514526976928835
1924-09-01,12.7,12.836179940521134,13.377759520348569,13.87721105325365
1924-10-01,7.5,8.079321811337335,8.617538302138865,9.143678847157211
1924-11-01,1.9,2.3120062805565427,2.813077040957682,3.274144550180655
1924-12-01,-3.8,-1.0020443604824796,-0.44646676913883176,0.12610090217992553
1925-01-01,-0.1,-1.793872539531892,-1.2665622453036072,-0.7785608443215597
1925-02-01,1.7,-0.10657370443109414,0.40234132709536796,0.92922956253234
1925-03-01,0.0,3.0213208738317796,3.651963430665691,4.180629311573724
1925-04-01,6.8,6.192298345534629,6.8398983224945615,7.34042819189328
1925-05-01,8.4,9.872772381603719,10.380069141724933,10.942136384792676
1925-06-01,11.8,12.949637304308967,13.509749509570867,14.007222907354263
1925-07-01,15.7,15.277165550155605,15.77055471828181,16.263290752001705
1925-08-01,16.6,15.51456547581677,16.071567521414487,16.59269228969462
1925-09-01,12.4,12.884143184541736,13.42956950268575,13.92122458962551
1925-10-01,8.6,8.082713537604189,8.660885080284926,9.1886156692692
1925-11-01,-1.0,2.3438920023606236,2.8376526139545635,3.371946555509828
1925-12-01,-1.2,-0.93618715914631,-0.4093187080440166,0.11729635643720093
1926-01-01,-6.5,-1.7522472536003895,-1.2102691690909047,-0.7497716547291583
1926-02-01,1.2,-0.027808392336023578,0.43513166968517725,0.9420119044012264
1926-03-01,4.3,3.146814600214287,3.6873172522412263,4.213210959438636
1926-04-01,10.2,6.3657709799049895,6.864454723587013,7.335804524577774
1926-05-01,6.7,9.92244472368229,10.431190621985092,10.910521671945121
1926-06-01,13.9,13.024707039755855,13.553278318313637,14.067102740042072
1926-07-01,15.1,15.350170243195167,15.83870819724989,16.31772908888238
1926-08-01,17.2,15.548775312255371,16.12627586574375,16.659389131871844
1926-09-01,11.3,12.965471964490396,13.469172058416131,13.960762768764102
1926-10-01,3.5,8.168631824766322,8.709382328296993,9.223204278363617
1926-11-01,2.7,2.4187710445271495,2.8926354052606116,3.4266375593353944
1926-12-01,-3.2,-0.8442655658982219,-0.36064021493861453,0.17742889856674074
1927-01-01,1.8,-1.719451229932956,-1.16296887207056,-0.7018655682550632
1927-02-01,0.9,0.025718723295899065,0.47254997488483896,0.986480076165824
1927-03-01,3.2,3.2018365193154184,3.7100222053701435,4.282986749068177
1927-04-01,9.0,6.4061684665494925,6.88967521074912,7.443024118065668
1927-05-01,10.6,9.954750585591364,10.463760109790687,10.976297628800708
1927-06-01,11.2,13.071775881410709,13.574161360772292,14.056547420768485
1927-07-01,16.6,15.347863192241368,15.82042226112637,16.319067824611345
1927-08-01,15.1,15.631122846865734,16.14051772894211,16.642961371254863
1927-09-01,12.1,13.024343492262808,13.473491075891712,13.972146536388903
1927-10-01,10.8,8.2137528735499,8.732352240987417,9.20638355159124
1927-11-01,0.5,2.432892481744158,2.9309027476401495,3.403624489240451
1927-12-01,-7.1,-0.8541812204010021,-0.3390141004120264,0.1778952251839794
1928-01-01,0.5,-1.7099121917726336,-1.1671215967758233,-0.658674653279167
1928-02-01,0.1,-0.0035725591745134223,0.49975326664901454,0.9694427087400486
1928-03-01,0.9,3.2025323174101668,3.7234688836323,4.248858044888269
1928-04-01,3.3,6.411088361188725,6.9047848086369195,7.427228483028699
1928-05-01,9.8,9.945658487639937,10.470515912951953,10.954622138820785
1928-06-01,13.2,13.093732368671581,13.59915322044472,14.076669733067805
1928-07-01,18.5,15.357037190187453,15.852325176679582,16.362108335169324
1928-08-01,17.2,15.643586151885415,16.151646559318372,16.653067691619178
1928-09-01,12.4,12.974987054620216,13.491445638731829,13.979340341403363
1928-10-01,9.0,8.222315840689772,8.738827135052988,9.236089210093162
1928-11-01,5.3,2.44444380572816,2.9158634695771886,3.4191674674322967
1928-12-01,-0.8,-0.8908587276860498,-0.32003706221846695,0.17309401388756565
1929-01-01,-3.8,-1.6747685579042821,-1.1451886716860797,-0.6645254527563937
1929-02-01,-11.6,0.022884231016171784,0.5052863922032791,0.9576294950464663
1929-03-01,0.6,3.2211876514744313,3.7386360368858735,4.246202165411183
1929-04-01,4.4,6.401092217417826,6.920813435668743,7.453957653189835
1929-05-01,9.4,9.959740913378445,10.50941384572437,11.049003846930358
1929-06-01,12.2,13.166606236575205,13.637151731262115,14.107387803088017
1929-07-01,12.6,15.413117937734457,15.891606666318227,16.383171797627053
1929-08-01,15.1,15.66075471196232,16.1866621987691,16.74907502693967
1929-09-01,14.0,12.974322980308584,13.53231052053622,14.074285568896231
1929-10-01,7.6,8.240279191023912,8.76686124629672,9.352378262206424
1929-11-01,5.6,2.4589926672509788,2.9936837926674698,3.4894236153785303
1929-12-01,-1.5,-0.8382206409420794,-0.2528732736888677,0.2503310908227313
1930-01-01,0.7,-1.6123551737713935,-1.0759631003585195,-0.55572768854363
1930-02-01,0.0,0.08784612369885653,0.5817508432073146,1.07887770880931
1930-03-01,4.9,3.2684056062178133,3.826691243113448,4.355792268865304
1930-04-01,7.1,6.490823288187479,6.989350541543795,7.486733946155082
1930-05-01,9.1,10.068863289561909,10.562925012016352,11.044774911831992
1930-06-01,17.9,13.185224155472957,13.688894501443547,14.15203891953508
1930-07-01,11.6,15.473435681688251,15.950138967552473,16.444894041748288
1930-08-01,15.7,15.710230193050267,16.23107505630096,16.73749059883623
1930-09-01,13.3,13.058889579072922,13.578305152523962,14.1013692849398
1930-10-01,8.1,8.315648182428458,8.82356829067919,9.34933935736016
1930-11-01,4.5,2.52602016350868,3.0126609241657607,3.518189156783208
1930-12-01,-1.0,-0.7770543771614149,-0.24560599226632318,0.2903384348888781
1931-01-01,-1.6,-1.5782890565286536,-1.066713376837955,-0.5238558379994542
1931-02-01,-0.6,0.1235175067161726,0.5812140836279616,1.1677704456418128
1931-03-01,-1.1,3.3287761920974,3.84243275328896,4.331958077206742
1931-04-01,6.2,6.49751779540448,7.0140463563383335,7.525205692252235
1931-05-01,10.0,10.088749757441677,10.563668732457314,11.065492242915163
1931-06-01,15.9,13.199045585059093,13.707189408640797,14.183011824439784
1931-07-01,16.5,15.484540978709779,15.96349522681295,16.456360197286102
1931-08-01,12.1,15.709541795602169,16.27042180259579,16.75853265447354
1931-09-01,10.8,13.119442612140618,13.599962723086431,14.119071750674934
1931-10-01,5.1,8.34430996310155,8.832876718051892,9.367859813585737
1931-11-01,5.0,2.545308341986174,3.031967054270914,3.5758839217599077
1931-12-01,-2.1,-0.7880014207652251,-0.2158112743125229,0.31223606745627847
1932-01-01,-0.4,-1.586035905567687,-1.0444018086074762,-0.4774422965596232
1932-02-01,-5.0,0.13715856536008286,0.620326147627928,1.1381386299651697
1932-03-01,0.8,3.3284877735628924,3.856839602343617,4.386415238869311
1932-04-01,6.1,6.519358137807598,7.055081276676969,7.58417183887629
1932-05-01,9.2,10.124466013793239,10.590125376367377,11.096860862740666
1932-06-01,10.9,13.215654389934535,13.729763249221438,14.259491622626749
1932-07-01,15.8,15.47441524377999,15.997542547635488,16.528192413430776
1932-08-01,18.2,15.752815240615575,16.29162289880602,16.801429122821602
1932-09-01,13.6,13.139315722774949,13.636897080849526,14.188948443472844
1932-10-01,9.8,8.370860410425644,8.875453849987142,9.436725311838112
1932-11-01,1.6,2.5801730705443617,3.0628283549667294,3.573523458935259
1932-12-01,-1.1,-0.7458210273198904,-0.17971169394727005,0.3653062137319176
1933-01-01,-5.4,-1.5714933276539524,-0.9813846360915028,-0.44616136191257594
1933-02-01,-0.5,0.2035165612670387,0.6671918739008054,1.2029397941333104
1933-03-01,8.0,3.387899319347262,3.923783548353211,4.459599747101957
1933-04-01,7.7,6.561848615565839,7.074133250794793,7.633482255858195
1933-05-01,11.0,10.16819940480309,10.657371501198234,11.139285368364025
1933-06-01,10.3,13.247503137258908,13.77199331689627,14.302435504791957
1933-07-01,17.9,15.5408369415768,16.059171057401613,16.581666830047805
1933-08-01,16.6,15.817100869626538,16.329309921033037,16.856652865007504
1933-09-01,14.9,13.203499853174026,13.681470933435515,14.202450216790545
1933-10-01,5.3,8.44814783070035,8.91727897627873,9.436344718843236
1933-11-01,1.8,2.643125379811293,3.0965635929266666,3.6023061352202514
1933-12-01,-7.4,-0.6368908042317538,-0.16344113410395877,0.4130114832457543
1934-01-01,0.0,-1.465323569747757,-0.9615626398544554,-0.4420960528201726
1934-02-01,0.1,0.2145102976619611,0.6826098551876925,1.2509474524339896
1934-03-01,4.5,3.438729365476013,3.9176563104808126,4.478657429240484
1934-04-01,8.4,6.6027761474290845,7.0790293075383826,7.645420463902081
1934-05-01,10.6,10.19313318969377,10.657024633860892,11.170243733080527
1934-06-01,13.2,13.310680321445938,13.791702896269786,14.309207289610745
1934-07-01,18.7,15.569072107955332,16.073093869770098,16.524411678710084
1934-08-01,15.5,15.844356384888318,16.35160077525502,16.887053840626802
1934-09-01,15.4,13.237839733872011,13.69577874299869,14.234480197455506
1934-10-01,8.2,8.483111076789399,8.94010624441268,9.456066443815812
1934-11-01,4.8,2.6704436704651755,3.1284275306905855,3.636848197096951
1934-12-01,3.5,-0.6382603572946806,-0.14719540184110036,0.38713130127847933
1935-01-01,-0.8,-1.5144713933014609,-0.9726368019343634,-0.44316458359460714
1935-02-01,-1.4,0.19468383052616542,0.683124214274391,1.2394681389692233
1935-03-01,0.8,3.4187698093147807,3.9177703550359064,4.491628164401675
1935-04-01,4.3,6.607616607853475,7.077069705011294,7.611954157624946
1935-05-01,5.1,10.174159354430296,10.638040630519395,11.166137937535263
1935-06-01,15.9,13.259898613344177,13.775213599665918,14.28336954004493
1935-07-01,17.1,15.572682851655497,16.04157437262922,16.536143166835213
1935-08-01,13.4,15.798850465375843,16.30573556867449,16.867022458495928
1935-09-01,13.7,13.223945727061231,13.648653492884666,14.169532240717643
1935-10-01,6.9,8.413412844341943,8.905389455581842,9.418819392761645
1935-11-01,1.4,2.5878723078155943,3.070692128681142,3.5829598087274324
1935-12-01,-2.5,-0.690432682688252,-0.17751438069837588,0.3374252385917964
1936-01-01,-0.2,-1.540479369739228,-1.0116181912825226,-0.5265288742353842
1936-02-01,-0.6,0.17018566894467585,0.6511182033621461,1.1742523335700792
1936-03-01,0.9,3.3744463243206604,3.8768213053830403,4.425398598174951
1936-04-01,6.2,6.576433887338482,7.038806839506014,7.575558562828581
1936-05-01,9.8,10.092784380875285,10.602714925661239,11.095340302110078
1936-06-01,12.1,13.250079051628925,13.73846938996071,14.221744814640214
1936-07-01,15.6,15.520545777891773,15.998102956834032,16.47872360628618
1936-08-01,18.0,15.780156294153457,16.276344864245413,16.861021049244105
1936-09-01,9.2,13.150785633093836,13.63923092100391,14.16817043578183
1936-10-01,8.5,8.352066059467624,8.874179472757236,9.387614505974723
1936-11-01,-1.1,2.541090737229641,3.05725967133409,3.529902635949731
1936-12-01,-1.7,-0.7211878902194859,-0.19903205915996036,0.2916251206107964
1937-01-01,-4.0,-1.5240505367260655,-1.030663202834555,-0.5471816710992247
1937-02-01,2.7,0.1569367786564201,0.6259823232779462,1.1243872235578143
1937-03-01,-0.4,3.352211792188499,3.8652758660399886,4.400651735477707
1937-04-01,7.2,6.543826170129076,7.0343806331814545,7.563147401149447
1937-05-01,12.5,10.133259167817721,10.63153970988088,11.093924590068792
1937-06-01,12.6,13.267295837923786,13.722052435767981,14.265407320458053
1937-07-01,15.0,15.5116208213654,16.00700783676382,16.498167907365865
1937-08-01,15.2,15.823230890690512,16.286216157856096,16.812549181912246
1937-09-01,12.0,13.159477311649088,13.649491935945221,14.15234675439185
1937-10-01,12.2,8.404254705181783,8.882292352434945,9.41555186857452
1937-11-01,1.9,2.5353375256704247,3.0912563314422563,3.539703137493225
1937-12-01,-1.2,-0.7178801587711572,-0.18861621959110497,0.33339068361874713
1938-01-01,-2.7,-1.5065544257068695,-1.0017383822833477,-0.5248301689173048
1938-02-01,-1.1,0.20291146656060824,0.6336016960052193,1.177611492452936
1938-03-01,8.4,3.3591317320172283,3.8741102274656436,4.437426644940281
1938-04-01,5.5,6.586991230825398,7.0384291626834,7.580630027411644
1938-05-01,7.5,10.134695513187253,10.607359879003255,11.081352377074083
1938-06-01,15.5,13.254018310938925,13.717886973510852,14.255609187360465
1938-07-01,16.3,15.534923953437374,15.996784167832054,16.486731628046087
1938-08-01,15.9,15.80738650053046,16.2755783343784,16.784517885409784
1938-09-01,16.4,13.115031270351766,13.6199357424895,14.085464924724986
1938-10-01,5.7,8.31765813790477,8.82688840119646,9.351350544393695
1938-11-01,5.3,2.4743196389401465,3.063175615725563,3.4722678800169375
1938-12-01,-11.6,-0.8317132408389208,-0.21178308594203354,0.25186260741695377
1939-01-01,1.6,-1.612643873068911,-1.0353363016314963,-0.5729664692708502
1939-02-01,0.9,0.10250393148782153,0.6064660356891745,1.0989680938836877
1939-03-01,1.7,3.2430486451204588,3.831090925814609,4.298639086957119
1939-04-01,5.9,6.460441783775922,6.99834323057301,7.508077809738298
1939-05-01,10.2,10.039660361320765,10.539050017493338,11.030565491947145
1939-06-01,13.3,13.123917660331811,13.647858162965683,14.187791987507085
1939-07-01,14.7,15.408547317229129,15.94080434833662,16.435295730917833
1939-08-01,17.4,15.71483267451283,16.202944663346827,16.702460522290004
1939-09-01,12.3,13.054123300314123,13.546723846558928,14.048681340014834
1939-10-01,4.3,8.218560387691202,8.768144513676011,9.284088537410776
1939-11-01,2.9,2.3107997552136514,2.9804971168771415,3.4478481142694526
1939-12-01,-2.6,-0.9360569536438227,-0.2898322725546838,0.19018092948404516
1940-01-01,-10.3,-1.7120488830887837,-1.0955158817056607,-0.5842034119843564
1940-02-01,-7.9,-0.01734875506265833,0.5407251884927082,1.0476006903748667
1940-03-01,3.5,3.2309225639652377,3.775632275370651,4.291569176043256
1940-04-01,6.5,6.327965197854233,6.957736704425853,7.488799105448936
1940-05-01,12.9,9.946564391297418,10.51079164774199,10.986339290456899
1940-06-01,17.0,13.062267452831078,13.609104735905962,14.139509466419145
1940-07-01,16.8,15.321304513422264,15.8969587151876,16.406902060604022
1940-08-01,13.4,15.596849412335628,16.167981969693308,16.702567391628293
1940-09-01,11.9,12.97336796420689,13.49708117199404,13.996703854293942
1940-10-01,2.4,8.128522006055727,8.74010091628924,9.270675957403972
1940-11-01,1.6,2.2819130703123394,2.9474783374331177,3.4174531531824583
1940-12-01,-3.8,-0.9939509406142459,-0.3269707040125329,0.20520342499176253
1941-01-01,-7.9,-1.8005350160131741,-1.129704012167085,-0.6320226879660263
1941-02-01,-3.7,-0.08583238419749935,0.5119953457919881,1.0343609311961395
1941-03-01,2.1,3.1281354449962504,3.7447674825273505,4.274918484675014
1941-04-01,5.8,6.260290809039542,6.922491411024749,7.472494191296146
1941-05-01,7.4,9.876559282473183,10.498887397531675,10.96888220706127
1941-06-01,13.7,13.05064703177152,13.610089677504545,14.09103252523713
1941-07-01,16.8,15.274417895273356,15.874128631352297,16.38939274227987
1941-08-01,14.6,15.591456959013627,16.17548807216367,16.659156185068326
1941-09-01,13.8,12.91213696982697,13.513119046045553,14.006441255116663
1941-10-01,3.7,8.162078748025444,8.746837329150896,9.284458657928388
1941-11-01,-0.4,2.31585415779746,2.953255104780837,3.470823677916952
1941-12-01,-1.6,-0.9866719844021102,-0.3173267212207369,0.25382972544619514
1942-01-01,-9.6,-1.7874449757903523,-1.1143348003992792,-0.5839882701739306
1942-02-01,-7.1,-0.030942929472292137,0.5276194537070813,1.0595770668687772
1942-03-01,-1.4,3.2031967978448415,3.7470923363497337,4.311169436993285
1942-04-01,8.9,6.347805007873664,6.960341228856798,7.463604880845715
1942-05-01,8.7,9.959366883280927,10.541907289779427,11.039212717347656
1942-06-01,14.6,13.119948232124361,13.664860422412326,14.125070170354565
1942-07-01,12.0,15.42216485001267,15.958837815539736,16.43560960829553
1942-08-01,15.8,15.68922161179891,16.227952861384658,16.702912880795044
1942-09-01,13.3,13.06539469884291,13.602357896854224,14.075255930036901
1942-10-01,10.9,8.305631654616018,8.835177857791768,9.381638183781753
1942-11-01,2.9,2.4708673309341265,3.053922095851131,3.5396632316442536
1942-12-01,-1.4,-0.7920706822017051,-0.20274872544160605,0.2743567394390492
1943-01-01,-3.0,-1.5854021147511186,-1.0253292066433515,-0.5014074988162314
1943-02-01,3.2,0.1260304479105455,0.64334594151808,1.145628994007599
1943-03-01,6.2,3.3581709482501374,3.8836376228029157,4.394609824811892
1943-04-01,8.1,6.537627947287817,7.077013758025572,7.551749227342709
1943-05-01,8.4,10.082364359863329,10.644677369000958,11.11890994357498
1943-06-01,14.6,13.242463325878374,13.769767461252092,14.256628880265769
1943-07-01,15.9,15.489377448642689,16.05524671835269,16.530243317720096
1943-08-01,16.7,15.825059301325506,16.31037915566978,16.857272230897628
1943-09-01,8.3,13.164631038272423,13.685218260169385,14.14117418662235
1943-10-01,8.7,8.420250348843938,8.898420266185173,9.441078816254178
1943-11-01,-0.2,2.558487009871323,3.116094358843054,3.6042329303484175
1943-12-01,-1.7,-0.6675403241412948,-0.16468004856284946,0.34664491651171997
1944-01-01,0.3,-1.5501426034929384,-0.966961190966563,-0.45424951498225175
1944-02-01,-2.1,0.20575254816523336,0.691474727095879,1.1962657075210221
1944-03-01,-0.3,3.4435934572252087,3.937191539787344,4.442998688498089
1944-04-01,7.3,6.58020055394779,7.127528287663841,7.61550172018316
1944-05-01,10.0,10.178222193654129,10.68195748901957,11.197443358782081
1944-06-01,10.6,13.363074406039884,13.79903986902702,14.299524660140703
1944-07-01,15.6,15.590752175204695,16.102040930760957,16.560596459429462
1944-08-01,17.5,15.896988560983186,16.360829805066537,16.87501565238269
1944-09-01,13.2,13.27363838382993,13.731490882385293,14.206977057833821
1944-10-01,6.8,8.50713965764652,8.959177726937169,9.499508641573243
1944-11-01,2.6,2.728168670435693,3.1789890055878045,3.631257060986688
1944-12-01,-0.7,-0.5537662667660104,-0.08932851150281662,0.404481171931759
1945-01-01,-4.7,-1.4054297545136332,-0.8761885730789913,-0.3992266641550121
1945-02-01,5.1,0.3042496538356201,0.7886354053866556,1.2607386161550451
1945-03-01,5.1,3.5146753602928076,4.02142351295819,4.487643659454943
1945-04-01,6.9,6.681141886896055,7.199928267825994,7.664665658145985
1945-05-01,7.6,10.266365431445594,10.775363850729065,11.236144653825992
1945-06-01,15.3,13.43656601456997,13.88296800670387,14.380894916540525
1945-07-01,16.0,15.693000458492188,16.16283413387467,16.625753899301817
1945-08-01,15.3,15.966185781157854,16.458088227679138,16.934853672964444
1945-09-01,13.5,13.359001150516395,13.805144574217376,14.275977756800684
1945-10-01,12.9,8.55911600492525,9.037989366901051,9.55012789733191
1945-11-01,0.8,2.796526120374429,3.230609365266387,3.7400414533927973
1945-12-01,-5.5,-0.5378468594590391,-0.022630395876442666,0.46860296140532426
1946-01-01,-2.0,-1.3855731867321361,-0.8352933224940071,-0.31913733822570034
1946-02-01,2.3,0.3251184923867122,0.8326144235924526,1.3346079164279472
1946-03-01,-0.6,3.5624677588130877,4.078602925676046,4.578002760363274
1946-04-01,9.1,6.721763142419554,7.240925682921221,7.742485081335416
1946-05-01,8.8,10.29787980256596,10.802901155970222,11.349670959927483
1946-06-01,14.6,13.423123685057945,13.942498651549117,14.44050685225388
1946-07-01,17.1,15.667329920922771,16.184996255912402,16.7147355127349
1946-08-01,15.1,15.99323946570936,16.473072508797696,16.971993511419143
1946-09-01,16.1,13.371170454489631,13.816851435858128,14.329484723584127
1946-10-01,5.5,8.575051391377793,9.042217084243575,9.582252491649951
1946-11-01,1.8,2.763365856617745,3.265011130296783,3.78701834915408
1946-12-01,-8.2,-0.5168577379256729,0.0009805936167133211,0.49212876117555876
1947-01-01,-5.7,-1.403400327193919,-0.8065993320772904,-0.3029306748773497
1947-02-01,-4.6,0.3619455090546744,0.8604937611374965,1.3626451964389483
1947-03-01,0.7,3.5872558522905855,4.1034047003032175,4.59828440781335
1947-04-01,8.8,6.74240842357981,7.288294260040507,7.823677164284411
1947-05-01,8.0,10.348260961334663,10.846162419029099,11.405912073052216
1947-06-01,14.1,13.42715083767112,13.979124873472696,14.536690447434365
1947-07-01,13.9,15.749205334286044,16.229777221639523,16.80063667848937
1947-08-01,18.3,16.018278139985696,16.545926486949867,17.06319483105623
1947-09-01,15.0,13.397452725879305,13.890872797531316,14.470749669820993
1947-10-01,6.3,8.658426365386044,9.105030461989314,9.739002513886048
1947-11-01,2.0,2.877186301832203,3.3431586050925057,3.9255308659693133
1947-12-01,-0.2,-0.4610003893608199,0.08038560071891743,0.6251177293064202
1948-01-01,0.7,-1.2905223570059619,-0.7079355937001042,-0.1575900034564718
1948-02-01,-6.0,0.45526676911510794,0.9482547128244412,1.4942968726315
1948-03-01,7.1,3.6825973282095115,4.193435178159509,4.74615089196283
1948-04-01,7.6,6.81321551281603,7.370741232033049,7.925828453804729
1948-05-01,11.7,10.439577070747982,10.924118894071,11.512076134608602
1948-06-01,13.0,13.549363349988687,14.06011687773443,14.646436420504578
1948-07-01,12.5,15.82550644241312,16.328763604482674,16.923887700257897
1948-08-01,16.2,16.10659526421134,16.63515745018568,17.121558839756187
1948-09-01,13.8,13.485689237407406,13.980052719254102,14.612373986674724
1948-10-01,5.5,8.710836679023355,9.187404336206535,9.825105894253102
1948-11-01,3.5,2.9335902647529943,3.4044660239761058,4.000566732577341
1948-12-01,-0.6,-0.34680515125899647,0.1668891235074903,0.7199882936308308
1949-01-01,2.9,-1.1856598773003288,-0.6175387033011077,-0.06913624017712386
1949-02-01,1.3,0.5251280689874804,1.025151987791379,1.5548286676306795
1949-03-01,1.3,3.778888008462295,4.2606443119915465,4.8285546182360966
1949-04-01,7.6,6.891564534013694,7.448536512883688,8.027358626731061
1949-05-01,10.1,10.506684733419023,11.004988550148958,11.609680457658428
1949-06-01,12.5,13.601768519693623,14.140365943599832,14.730780093382203
1949-07-01,15.9,15.899439119965317,16.429526867208345,17.0082303494278
1949-08-01,17.5,16.191823693094957,16.691979023844,17.29589241110359
1949-09-01,16.3,13.526357750588435,14.055231198907446,14.631934871117197
1949-10-01,2.1,8.803665853546836,9.268304832715176,9.911244851461644
1949-11-01,2.6,2.9607285540108155,3.497186796928185,4.077559243518362
1949-12-01,1.1,-0.3174977655512823,0.2604217676149174,0.838116012322179
1950-01-01,-3.3,-1.1370114439630488,-0.5561741311976034,0.01336217553544261
1950-02-01,4.3,0.5593682940177872,1.1018801385788985,1.7066793764712924
1950-03-01,5.5,3.8211252555053794,4.333662778481202,4.965499906966339
1950-04-01,6.7,6.972933431148911,7.516233501233748,8.13574304593944
1950-05-01,11.3,10.525584319653769,11.075129526713157,11.729270800079782
1950-06-01,15.8,13.648818129022526,14.199847482083772,14.847248466595333
1950-07-01,19.9,15.956275530386648,16.470431554265893,17.112703413647353
1950-08-01,16.9,16.24638656117239,16.753634639280286,17.404863209546424
1950-09-01,12.1,13.602645011646095,14.098367791976647,14.70163739478562
1950-10-01,4.0,8.830648138015173,9.31762816083474,9.996777383568094
1950-11-01,5.3,3.0008544504723407,3.531442893117174,4.224493584734983
1950-12-01,-7.2,-0.2831149416448338,0.2885624407885379,0.9363239050331401
1951-01-01,1.5,-1.0697570035515687,-0.5280881578340981,0.052161726280458065
1951-02-01,3.8,0.5877080747332972,1.11485550102817,1.7515581232881645
1951-03-01,2.4,3.829083097653369,4.356118303599457,4.967934522844218
1951-04-01,4.9,6.991569801432068,7.530022451657388,8.178866687484174
1951-05-01,9.1,10.576074445361662,11.073001271475825,11.718952697133654
1951-06-01,14.0,13.670296195531076,14.202605070472188,14.869921048000478
1951-07-01,13.3,15.979722447724484,16.45188942702744,17.134022772632335
1951-08-01,16.8,16.249891198839883,16.736873110771157,17.44647364784887
1951-09-01,15.3,13.643500807667362,14.09305272940907,14.75240650607443
1951-10-01,7.7,8.824973571806634,9.32716311358062,9.95632833653959
1951-11-01,7.2,3.048688289015529,3.5105308458514317,4.230371975554527
1951-12-01,4.3,-0.2776466509498122,0.2708521146875613,0.9159315159152771
1952-01-01,-0.1,-1.0549133863718752,-0.5382004136506215,0.054540190093359
1952-02-01,1.2,0.5845709379651877,1.1106914583702894,1.7629608692048553
1952-03-01,0.6,3.8160630033123235,4.327148984143943,4.9535123338455
1952-04-01,6.9,6.988274389672576,7.487580897500127,8.161762675290191
1952-05-01,15.7,10.591575280776198,11.022452942921866,11.732078586069898
1952-06-01,15.8,13.65669159059511,14.152141435956903,14.8225892949811
1952-07-01,16.2,15.943278417425374,16.416177914205175,17.10120446927922
1952-08-01,17.0,16.206574403183215,16.68510684827488,17.377978772664125
1952-09-01,11.5,13.530237832202754,14.016038972001406,14.664324418480097
1952-10-01,7.2,8.778971188557792,9.24686950273291,9.850917166180627
1952-11-01,0.5,2.942037299217197,3.441366470065145,4.034778238960371
1952-12-01,-1.7,-0.3279053054552493,0.1652725863962421,0.7353786096224602
1953-01-01,-1.9,-1.1891316680114588,-0.6274609825852471,-0.1057934239099103
1953-02-01,-1.5,0.5147663581198502,1.0213089784719656,1.6234961568676873
1953-03-01,4.9,3.7138576214626635,4.2408113534247445,4.779249424480718
1953-04-01,7.9,6.84449210278815,7.395179436062179,7.942855505478995
1953-05-01,10.9,10.451641917735165,10.946864287022137,11.56871923233483
1953-06-01,11.5,13.56005314094221,14.073637016885023,14.676465008511142
1953-07-01,15.9,15.862607640453259,16.33309040316764,16.894982611299774
1953-08-01,18.1,16.067082521345924,16.582834825562383,17.16799686006465
1953-09-01,14.7,13.441972922122789,13.95937429353428,14.462275048010815
1953-10-01,10.8,8.66385047862084,9.166344002838304,9.726833478452798
1953-11-01,2.4,2.860601185511198,3.367631994266192,3.8672590779708353
1953-12-01,-1.2,-0.4608628730878427,0.08793426814189065,0.616083042217078
1954-01-01,-6.8,-1.2600575747294571,-0.7250025157812758,-0.23993679860593034
1954-02-01,-8.2,0.4341268507894506,0.9169675562264898,1.4360237890381207
1954-03-01,2.0,3.626754382745144,4.143028021858186,4.674899448526732
1954-04-01,8.3,6.757033465672757,7.330745235849801,7.798201542808147
1954-05-01,9.8,10.384561167642241,10.849359100765877,11.43173200684727
1954-06-01,12.1,13.477987493585957,13.964527545891313,14.52781804753113
1954-07-01,14.9,15.732479470159042,16.24007303437374,16.745051796163793
1954-08-01,12.9,15.999420504410146,16.536818838811392,17.039035494714703
1954-09-01,11.6,13.350400389478345,13.876093472820457,14.349505655680673
1954-10-01,10.6,8.533054825799,9.090733194170637,9.623001791931328
1954-11-01,3.7,2.755816732921713,3.304429002228453,3.7770470398168823
1954-12-01,3.4,-0.5658291057897624,0.01707933792015659,0.5585795594160002
1955-01-01,-2.7,-1.376950848671068,-0.7944246424698189,-0.29210029632481493
1955-02-01,-1.5,0.28570663939384505,0.8594315259229663,1.3510193979399543
1955-03-01,1.6,3.51393053651819,4.091874802608465,4.607951270214451
1955-04-01,7.1,6.695958256849076,7.238462924000768,7.750166379582128
1955-05-01,11.3,10.259404935723062,10.80472060925507,11.320418978291908
1955-06-01,12.6,13.353948967917331,13.911163175056558,14.437513134875998
1955-07-01,16.4,15.658373378080219,16.19065697955981,16.6564100975985
1955-08-01,15.7,15.865346712984962,16.468643482720722,16.97996816104565
1955-09-01,11.5,13.287380477268266,13.796690189808102,14.31102671285597
1955-10-01,5.0,8.447763795264247,9.034050242399012,9.585122709663349
1955-11-01,3.8,2.6942480517017247,3.2452380151310694,3.707788587563562
1955-12-01,0.8,-0.6279284567582856,-0.026748719765303353,0.47192694761430615
1956-01-01,0.3,-1.4163567722746406,-0.8753436772054841,-0.32563042080251414
1956-02-01,-11.5,0.23175192070291387,0.7953566705671813,1.2781463707265985
1956-03-01,2.0,3.4848355581886246,4.003269476023637,4.535523676770703
1956-04-01,2.8,6.622597869217221,7.186519096938114,7.721106434546421
1956-05-01,11.7,10.254816171408635,10.778525300401945,11.312405229127316
1956-06-01,10.8,13.342422677940808,13.893037064765771,14.370821373414818
1956-07-01,13.2,15.639047220786262,16.162180057388227,16.648167398830864
1956-08-01,14.6,15.903066624212183,16.437372971534856,16.942325302647273
1956-09-01,15.4,13.272320881635093,13.782106118121508,14.305969603004813
1956-10-01,4.0,8.510718522821955,9.024490369420874,9.54589196507131
1956-11-01,-1.0,2.709697145417416,3.2299106766779984,3.7136031514595085
1956-12-01,-1.7,-0.5696817364335316,-0.051765727722401955,0.4930748781428245
1957-01-01,-1.0,-1.419996798762821,-0.8707802335497825,-0.3248362434869024
1957-02-01,1.8,0.3230613888140044,0.8102204317674313,1.3537229064776557
1957-03-01,7.8,3.5592065612002872,4.0281655541328165,4.59752746939838
1957-04-01,8.1,6.72861670577626,7.213144527382797,7.725402950247002
1957-05-01,6.9,10.276107396727287,10.801214239902675,11.326600029894466
1957-06-01,10.8,13.405571151964672,13.922597601409915,14.41140203260086
1957-07-01,17.0,15.68950687568785,16.199645758267202,16.712660903144812
1957-08-01,14.4,15.992032008431853,16.466716056567574,16.97516043871329
1957-09-01,12.0,13.330429820362795,13.829865978603276,14.338037390347454
1957-10-01,9.0,8.568898755621875,9.048693842120429,9.595080319051808
1957-11-01,2.1,2.7505257605240963,3.269167162943189,3.7571722725954584
1957-12-01,-2.3,-0.5266065874429348,-0.011229111319781993,0.5324519566118388
1958-01-01,0.5,-1.3065780950498185,-0.8166645503810743,-0.22175706239907195
1958-02-01,1.1,0.3929279864572708,0.8490356003882091,1.341453496417238
1958-03-01,0.1,3.6037255726688864,4.077764626216068,4.619618916996258
1958-04-01,5.1,6.805410242554986,7.2492937650661196,7.758726642539515
1958-05-01,13.3,10.351272492177738,10.831944816286825,11.373491593690034
1958-06-01,13.9,13.432888824132004,13.961681535082665,14.485833883520389
1958-07-01,14.8,15.763128525604085,16.228510435847422,16.724794753190675
1958-08-01,16.1,16.050495140556613,16.486030088401797,17.076336775615342
1958-09-01,15.8,13.403188025034115,13.870302866051441,14.439190612414095
1958-10-01,6.6,8.641038640461698,9.100039100623746,9.65094188988199
1958-11-01,2.2,2.8567699982439794,3.314390513430853,3.8058933963399575
1958-12-01,0.9,-0.4650206319640173,0.03193565849394231,0.5596487898043964
1959-01-01,-0.5,-1.2765807013948591,-0.7876460564051762,-0.1879922732384489
1959-02-01,-3.0,0.4466795459962971,0.8852445281546424,1.424488378783704
1959-03-01,6.3,3.6269780555935656,4.108112407295095,4.72589360337875
1959-04-01,10.1,6.803658085109282,7.283736622189894,7.839594987514339
1959-05-01,13.5,10.377300332168055,10.83919926606703,11.420495579667582
1959-06-01,15.9,13.486167499237311,13.971010950481798,14.505732984122668
1959-07-01,14.8,15.783004479024488,16.233658394587454,16.78789872079257
1959-08-01,16.4,16.044940805533855,16.492097366487556,17.041055429685446
1959-09-01,15.9,13.421595304923851,13.86183311772134,14.416268960448303
1959-10-01,7.3,8.623250538265761,9.106760828139524,9.650895693201205
1959-11-01,2.2,2.8214541737791476,3.287742010935366,3.836099862528846
1959-12-01,0.5,-0.4545665065836629,0.014580736545210193,0.5609487904065608
1960-01-01,-5.9,-1.2811462083302374,-0.8234897607220946,-0.2552378760183685
1960-02-01,0.4,0.439627838443678,0.8457903446816317,1.3595433769304945
1960-03-01,3.7,3.6210682035511508,4.072778309035614,4.664660838538231
1960-04-01,6.5,6.784998825646565,7.2441258206022265,7.7988812193837616
1960-05-01,10.7,10.324693990576517,10.797513181175692,11.372058436895202
1960-06-01,13.9,13.430711761062943,13.94432841064469,14.440247378101759
1960-07-01,16.3,15.707211167564683,16.206048487790117,16.711903469964085
1960-08-01,15.4,15.93984986483458,16.474934174679575,17.04910004953535
1960-09-01,11.6,13.35440693499959,13.809334060957475,14.362651014519736
1960-10-01,9.3,8.550798249567277,9.049490327653874,9.553445997933517
1960-11-01,6.2,2.7730425778635945,3.2486741752147754,3.7633123577475813
1960-12-01,-0.5,-0.5288085811582325,-0.016478715610804162,0.5032103561706194
1961-01-01,-3.4,-1.3599672971127845,-0.8676131940395826,-0.3408775075171262
1961-02-01,4.5,0.38080063086353894,0.8034295262961932,1.273360776573429
1961-03-01,6.6,3.5499803934171363,4.018416686049647,4.569521580198237
1961-04-01,10.1,6.730286854551886,7.178144457335886,7.723048480688098
1961-05-01,12.0,10.2542782583913,10.757635395145197,11.232241763656239
1961-06-01,10.4,13.326219372390286,13.851693662006486,14.342121058656605
1961-07-01,13.7,15.62580327111425,16.114157126076844,16.618494870996123
1961-08-01,16.6,15.907995507961823,16.373771343749905,16.871419678366223
1961-09-01,14.4,13.289267583079521,13.71305676381778,14.259355645292759
1961-10-01,9.7,8.489532344451522,8.937102205862725,9.46544200234045
1961-11-01,4.7,2.649803968200926,3.1218412788267185,3.6211969276721736
1961-12-01,-3.8,-0.681447855829229,-0.1490312568138119,0.35447293856256296
1962-01-01,-1.4,-1.5357996379684855,-0.9859333068204239,-0.505361299213273
1962-02-01,-0.6,0.15090629978452444,0.6613395810229359,1.1443594250450406
1962-03-01,0.2,3.351842175357767,3.873249990721932,4.425588409166037
1962-04-01,6.2,6.502989635353475,7.042036589996021,7.569076991418404
1962-05-01,9.0,10.0794678447338,10.606908099928472,11.116834437328949
1962-06-01,11.3,13.115595468081475,13.715184422620261,14.219483205356179
1962-07-01,14.0,15.392192301569354,15.981679625188448,16.536151114857418
1962-08-01,15.7,15.700348293331501,16.245317419328796,16.757934949741227
1962-09-01,11.7,13.019240527402362,13.562673826976164,14.121074859999995
1962-10-01,7.6,8.201654420993775,8.806415714054385,9.333039455774621
1962-11-01,0.7,2.358467372406586,2.9982385262327327,3.486810834288105
1962-12-01,-6.9,-0.9154588349252937,-0.2729349059998638,0.2655458007384027
1963-01-01,-8.5,-1.7292314396894986,-1.1257681561028927,-0.5426793715458601
1963-02-01,-4.0,-0.03607826675436352,0.5507294371409874,1.0296659331991085
1963-03-01,2.0,3.176338986798822,3.7803945603374873,4.348068561156068
1963-04-01,3.1,6.324176727988366,6.9698996552930925,7.521583691600705
1963-05-01,9.3,9.959660781809259,10.530588245746927,11.037813548827508
1963-06-01,12.3,13.036712543975833,13.632323646051944,14.173441277962413
1963-07-01,16.5,15.285975839024607,15.924781892254744,16.458247482380948
1963-08-01,14.8,15.617674500709034,16.197923725064072,16.68150889563796
1963-09-01,13.0,12.948507340921994,13.528220520977328,14.055885017875163
1963-10-01,5.5,8.185970023203456,8.759797095969583,9.325889145718886
1963-11-01,4.4,2.3664836591900924,2.9732682405360036,3.4817831841472926
1963-12-01,-4.0,-0.9185295392506023,-0.28032724095947614,0.270676217881492
1964-01-01,-2.3,-1.7318426409286072,-1.1243620216713075,-0.5835699988448745
1964-02-01,-0.5,-0.04256394499251287,0.5416742218612924,1.0384990449126457
1964-03-01,-0.8,3.141338989887448,3.762371279977156,4.32372483882223
1964-04-01,2.9,6.2661155925365275,6.965239923762468,7.5159861392529494
1964-05-01,10.9,9.92039933277503,10.522219305207308,11.03471575044656
1964-06-01,13.6,13.014077060207313,13.620409047782175,14.1780773328604
1964-07-01,14.1,15.27767563451264,15.913891939681047,16.46069323867162
1964-08-01,14.6,15.59549980442195,16.193623444482593,16.65913969208413
1964-09-01,14.3,13.004526357561414,13.554710150410589,14.069773700224777
1964-10-01,6.4,8.176420388217451,8.768825668324869,9.311567562124045
1964-11-01,3.4,2.4047713122625303,2.9954754184284904,3.451475735731614
1964-12-01,-4.9,-0.8872404734593374,-0.2759951010137507,0.2698960495482496
1965-01-01,-1.4,-1.7197369107261347,-1.10208271558571,-0.5725710609231593
1965-02-01,0.0,0.010656643850942319,0.5647262293223987,1.0494742328820181
1965-03-01,-1.7,3.2094227521076006,3.7738857423673937,4.339290519447453
1965-04-01,6.7,6.389762464189063,6.985665491293069,7.522418789325157
1965-05-01,11.7,10.064432299809733,10.56706911190997,11.043141706808969
1965-06-01,13.3,13.10509120955361,13.66802380290055,14.188316427249221
1965-07-01,14.2,15.356449572246355,15.960358528950277,16.4705822638003
1965-08-01,15.3,15.673275758712423,16.23568408596421,16.702967065812306
1965-09-01,12.2,13.034896764094318,13.56865754490614,14.061326949021815
1965-10-01,11.4,8.270645090348863,8.79289484280844,9.361518868398637
1965-11-01,-1.3,2.455244717939352,3.0056596994325737,3.4705600698565475
1965-12-01,0.3,-0.789811295610319,-0.24677322740904994,0.2808950812174381
1966-01-01,-6.6,-1.6434663288626008,-1.0835727612969235,-0.5426570031333426
1966-02-01,0.8,0.1156510507363322,0.5906474514776123,1.1047113581020436
1966-03-01,2.3,3.287910835523098,3.843795599256692,4.362560796526008
1966-04-01,0.9,6.461287770004523,7.021533648494453,7.553675028897425
1966-05-01,13.4,10.1344569461345,10.59701453350742,11.076847279342498
1966-06-01,12.3,13.209790432462471,13.713711461332728,14.20828102008257
1966-07-01,15.9,15.461870748805872,16.000782578126834,16.484145442003843
1966-08-01,15.4,15.78064735312905,16.278807768287216,16.751532536687925
1966-09-01,14.7,13.104420502981476,13.63281467418039,14.123559228699303
1966-10-01,8.1,8.39154895820675,8.864293908305624,9.34898775519097
1966-11-01,1.2,2.599394824008141,3.080008145983209,3.554731769428854
1966-12-01,1.5,-0.7182672364480759,-0.18241355672843174,0.29638538024900407
1967-01-01,-3.7,-1.493863768994202,-1.0133546318955484,-0.5110921680590079
1967-02-01,1.5,0.1658082716934932,0.6489046771360698,1.1401339436683404
1967-03-01,7.7,3.3753175466123553,3.8762789777639313,4.389285036970867
1967-04-01,5.6,6.509120008244073,7.0543802886254685,7.557441184485138
1967-05-01,8.9,10.118340503467413,10.631704586864444,11.158649376335735
1967-06-01,13.8,13.23031108283691,13.732055606104108,14.288223591264382
1967-07-01,16.3,15.450021101942198,16.019394797815494,16.568575774590144
1967-08-01,15.8,15.795383298444804,16.30256119632192,16.7761252993765
1967-09-01,13.0,13.125986857161516,13.632845539183508,14.174445737300717
1967-10-01,10.1,8.368218541523571,8.874718038797614,9.353801938997739
1967-11-01,2.1,2.608779297075782,3.059357201706618,3.5588927569985342
1967-12-01,-2.1,-0.7614004271262169,-0.2061407974852436,0.31375689045548194
1968-01-01,-3.1,-1.5230928492973286,-1.032639270203492,-0.5196051243318103
1968-02-01,-1.1,0.1627382924607431,0.6362558336474478,1.1040936879914671
1968-03-01,3.4,3.321660518102623,3.88498023315099,4.394304898694091
1968-04-01,7.3,6.5324476122659805,7.029154925375639,7.5552307927789455
1968-05-01,11.5,10.104679601776771,10.623810641278215,11.16240166271113
1968-06-01,13.0,13.208369406930107,13.742790237410397,14.254398845255995
1968-07-01,13.8,15.489690607764514,15.996446251426786,16.55014150581955
1968-08-01,16.6,15.745672043059018,16.305665785649076,16.790796866324445
1968-09-01,13.3,13.093865453994384,13.632705938625062,14.174933483387811
1968-10-01,9.6,8.33685333450254,8.900814466093186,9.389074058799208
1968-11-01,-1.8,2.5540933145383256,3.085981208524171,3.5630873393720845
1968-12-01,-5.8,-0.7568370047006424,-0.1927365700897461,0.3685201165091837
1969-01-01,0.2,-1.5948423975638932,-0.9946352543806625,-0.5045698172883596
1969-02-01,-3.5,0.1238728769682737,0.6845801241467666,1.134042904350346
1969-03-01,1.8,3.307420805586722,3.8799942953085944,4.428105148235802
1969-04-01,6.7,6.47842230247467,7.067281213269144,7.633427416576788
1969-05-01,8.1,10.104767386650275,10.645690855116216,11.229249908961702
1969-06-01,12.7,13.209814815965347,13.771673611089874,14.285784394060626
1969-07-01,14.0,15.488838039885419,16.05127443916087,16.543750512006564
1969-08-01,14.0,15.789680721879693,16.304789122936203,16.824770464500215
1969-09-01,12.5,13.144080600791442,13.69304874107679,14.17177107274867
1969-10-01,11.0,8.400428540251792,8.92497910774004,9.425569056478222
1969-11-01,0.8,2.6191054125660935,3.13664616638643,3.6257789519487322
1969-12-01,-3.1,-0.667845700947347,-0.15569882313518413,0.387213841197434
1970-01-01,-6.0,-1.4795762107364732,-0.9271377247497385,-0.4521948381582292
1970-02-01,0.9,0.2660683085637748,0.7332866939665692,1.1551240159727971
1970-03-01,1.3,3.4198123163488225,3.9659253402366503,4.479046850756902
1970-04-01,5.0,6.584054382034532,7.13219691708367,7.682842590890584
1970-05-01,11.1,10.199520441004337,10.71479354888272,11.276466264519044
1970-06-01,16.6,13.316513694977425,13.825744673713695,14.37438404925037
1970-07-01,13.9,15.612038390435378,16.10771868324631,16.599797773909643
1970-08-01,16.3,15.867248740975748,16.404735873959567,16.910692722835996
1970-09-01,14.0,13.238510301681535,13.76266954237775,14.240900244728977
1970-10-01,8.5,8.499893948924989,8.994870718389402,9.493741501948447
1970-11-01,5.8,2.68485164147064,3.2019948238536484,3.7433334111240857
1970-12-01,-2.7,-0.612468232962519,-0.06451768897870025,0.44884141787240833
1971-01-01,-3.5,-1.41747033434445,-0.8581069017592808,-0.36355533314949073
1971-02-01,0.5,0.3001653354580792,0.8076151601664234,1.2614613422489545
1971-03-01,-3.0,3.503190809724063,4.0491359218902065,4.573983100782869
1971-04-01,6.0,6.707602125296956,7.233587949808484,7.779720475906886
1971-05-01,13.5,10.286915207593486,10.811794371431107,11.350112660745927
1971-06-01,11.4,13.41602945471204,13.925847482111813,14.413620982120465
1971-07-01,18.8,15.708268767887349,16.20013491346222,16.696309704998022
1971-08-01,17.4,15.97268107514506,16.48909710112414,16.999324103887545
1971-09-01,15.3,13.309941956689721,13.840803748438557,14.400595758252361
1971-10-01,9.5,8.584618500628466,9.075035364402442,9.570787238208144
1971-11-01,1.1,2.7972908036017032,3.2617624282316173,3.8267469609932374
1971-12-01,0.3,-0.5167031779017861,0.017320373681398937,0.5350077206490772
1972-01-01,-4.6,-1.3622034643882681,-0.7954581283464983,-0.29980033306849696
1972-02-01,2.0,0.41193209979185924,0.8663014084458189,1.3512290453815714
1972-03-01,2.7,3.548332262174562,4.113595014282378,4.650069585511587
1972-04-01,5.9,6.762894853045135,7.2767011677516695,7.815934959495648
1972-05-01,7.2,10.322948197108229,10.85564493205883,11.403388843223011
1972-06-01,12.4,13.457035806706607,13.996818856257223,14.462588379170896
1972-07-01,14.8,15.779477458602411,16.25125801426819,16.763507706281757
1972-08-01,16.1,16.062456383277567,16.54622939351139,17.036718891992237
1972-09-01,12.2,13.36010180605433,13.892490486500208,14.395461888400096
1972-10-01,8.0,8.664953509046791,9.135155396393452,9.610366638170921
1972-11-01,2.2,2.8580470509468876,3.3265304414113084,3.8812548674864407
1972-12-01,-1.4,-0.43585222525693884,0.07409085855210051,0.5885268257875752
1973-01-01,0.6,-1.2261214406067535,-0.7202621884783147,-0.2026694639018084
1973-02-01,2.6,0.4791796119966676,0.9394249012827234,1.4536084338742257
1973-03-01,5.0,3.6816140716721546,4.167085532598616,4.747718508556274
1973-04-01,6.5,6.87147687183622,7.359337178765939,7.908559723872607
1973-05-01,9.5,10.428973323571462,10.920678465771811,11.539974154714232
1973-06-01,14.9,13.55454463958112,14.053479694239776,14.570196196852807
1973-07-01,15.2,15.85540885022478,16.32854875843728,16.851563327455512
1973-08-01,19.1,16.124156676761707,16.63598109628462,17.101921528823667
1973-09-01,11.9,13.493164577538993,13.984650572364773,14.457524897033622
1973-10-01,9.1,8.722630063765298,9.209294088423318,9.731266496101995
1973-11-01,1.6,2.9267864157313674,3.4083932398280443,3.970652247421889
1973-12-01,-6.1,-0.3364654936703703,0.1673872782315451,0.6500475031450014
1974-01-01,0.5,-1.1784192547349328,-0.6522717664522428,-0.12737562523062415
1974-02-01,2.3,0.562653769570238,1.0123246412946925,1.5573538992428126
1974-03-01,3.3,3.721628107846996,4.24791315065583,4.777701197910067
1974-04-01,9.7,6.935203236997278,7.435003153964811,7.948000543957061
1974-05-01,8.6,10.478744322462548,11.004228076022123,11.560490892530174
1974-06-01,11.4,13.556592320232427,14.120465417810689,14.626398413225553
1974-07-01,13.4,15.871842709073318,16.400536719772624,16.91542849379962
1974-08-01,15.9,16.163580763829273,16.67566063032448,17.198511471530907
1974-09-01,10.8,13.505320682011197,14.027723008580814,14.579273773974897
1974-10-01,5.4,8.781972790185234,9.268580645854453,9.826520937262853
1974-11-01,6.2,2.987223653291974,3.4784221858097775,4.083583857048818
1974-12-01,5.3,-0.2806551900556188,0.21784505571064683,0.7847380433564872
1975-01-01,4.1,-1.1570177101072305,-0.5808870478938153,-0.020049610963547564
1975-02-01,4.5,0.5723496497244152,1.0681272093173835,1.6229472079278826
1975-03-01,1.9,3.774427356937397,4.287819712323335,4.8330118279358
1975-04-01,2.7,6.895920832015813,7.429974192085437,7.998668400404107
1975-05-01,11.9,10.51724479697763,11.019368590769442,11.59149969424502
1975-06-01,11.7,13.577104099660366,14.107242856409055,14.621746598329203
1975-07-01,17.9,15.866103737130036,16.36496059602689,16.923245856761017
1975-08-01,18.1,16.127131092266836,16.657827897589627,17.191641129148152
1975-09-01,15.3,13.49153013067589,14.016614258308499,14.53806937729455
1975-10-01,4.9,8.726870454099926,9.238464211802945,9.731875391442195
1975-11-01,1.1,2.941239688167306,3.394917350121168,3.969646712628719
1975-12-01,-4.2,-0.3694289109539143,0.13449526129713663,0.6650581295606586
1976-01-01,-3.6,-1.226884589755382,-0.6761151641446586,-0.1642675364905782
1976-02-01,-2.7,0.4925777520467251,0.9942049212016983,1.4270502982569735
1976-03-01,0.2,3.6755618743232144,4.203473376619035,4.719845452319122
1976-04-01,8.4,6.8250877017633815,7.369321274883509,7.902323514617162
1976-05-01,12.5,10.404847638826038,10.942490710186137,11.506925411413084
1976-06-01,12.4,13.545417166808447,14.063253741786605,14.537016449412237
1976-07-01,13.9,15.859870375542615,16.32377221631834,16.847356003054863
1976-08-01,18.0,16.06685392822158,16.61246903346182,17.093492862104853
1976-09-01,14.3,13.443658417701366,13.959102616929046,14.459798104382076
1976-10-01,9.7,8.690867516032565,9.187116464766367,9.649415166991869
1976-11-01,2.8,2.8603826150547658,3.3873634566714315,3.894433489783993
1976-12-01,-2.5,-0.45373434396086,0.08780631605011058,0.6101005500963266
1977-01-01,-0.6,-1.3264591852327041,-0.7154621907378376,-0.1734135079719614
1977-02-01,0.6,0.4342859004754874,0.9567352465304979,1.3955043939257357
1977-03-01,4.9,3.605571895055013,4.1728348910365884,4.665008144578351
1977-04-01,6.0,6.7498097814553715,7.333649875569506,7.893554144723701
1977-05-01,9.0,10.357233941436839,10.910061743435243,11.415985016029566
1977-06-01,13.1,13.461760451692726,14.001007847203834,14.498605286399016
1977-07-01,15.7,15.791667028740262,16.28315358182909,16.786951672272544
1977-08-01,13.6,16.057420209396277,16.54585817298662,17.038473628494543
1977-09-01,12.7,13.322389076509756,13.887235248160025,14.400714665390844
1977-10-01,11.4,8.627239747950863,9.13592720168253,9.635679479344859
1977-11-01,0.9,2.7996876375151247,3.3458794217075827,3.8128314652313855
1977-12-01,2.7,-0.48713598008346387,0.05310585500010312,0.5829087695829287
1978-01-01,1.9,-1.353421528600769,-0.7845241138979602,-0.2396054446846656
1978-02-01,-2.2,0.3346960248941993,0.8879469756226666,1.3423364774063768
1978-03-01,5.5,3.565683380527166,4.099091715803276,4.619117603292072
1978-04-01,4.4,6.670645086855726,7.272248368820252,7.8038234175347
1978-05-01,10.0,10.307117853687872,10.854771787570904,11.358289168282958
1978-06-01,12.7,13.38681940796328,13.95587540691921,14.473830541103194
1978-07-01,14.1,15.678121264636424,16.234507422637357,16.719523436516923
1978-08-01,14.1,15.940470063789379,16.508807309864935,17.028245132485743
1978-09-01,10.5,13.262810908364077,13.859219163310971,14.350499172966662
1978-10-01,8.9,8.539814109391246,9.073785029212436,9.609829095424306
1978-11-01,-0.7,2.6937059800297445,3.2788971491472454,3.78529902082683
1978-12-01,-8.1,-0.6087515128610882,0.01927828798777842,0.5652742698666308
1979-01-01,-7.7,-1.4382130532092086,-0.8252122826787822,-0.27173381490764464
1979-02-01,-3.4,0.22888735755476441,0.8498497722323339,1.3389119156670202
1979-03-01,3.3,3.4667647900960588,4.105283231617003,4.600255326253768
1979-04-01,5.6,6.623336793367187,7.275593089104008,7.783483980747804
1979-05-01,7.4,10.294694557303742,10.834570873659063,11.343143623058603
1979-06-01,13.8,13.32182546380432,13.95290691154917,14.475190860027753
1979-07-01,16.1,15.619828148288015,16.22998043241917,16.719739723496822
1979-08-01,16.9,15.920611522999954,16.52588692582818,17.018059405227227
1979-09-01,14.5,13.234543405905672,13.860848821613283,14.352558878568454
1979-10-01,8.2,8.52357437360474,9.072106604001487,9.588134048465584
1979-11-01,3.5,2.7390351063265284,3.307837099368549,3.784933811464253
1979-12-01,-0.1,-0.654077948939127,0.030806788871893254,0.5829077971985007
1980-01-01,-2.2,-1.3867087581130766,-0.7807303268844406,-0.2585771437640032
1980-02-01,2.2,0.3249551964721633,0.8837027971058751,1.343522510357353
1980-03-01,2.7,3.5229204462242376,4.114947662896104,4.588478065991874
1980-04-01,6.5,6.673854864661979,7.288192943341381,7.800309164126279
1980-05-01,8.0,10.249621945241636,10.846278161849337,11.358416072776333
1980-06-01,13.6,13.370526471482759,13.971328763682479,14.464220294875066
1980-07-01,12.5,15.672750958019398,16.24913646955239,16.74689547849828
1980-08-01,14.9,15.944150338564713,16.530921995420876,17.02499423606578
1980-09-01,15.8,13.270082656172212,13.876764611712122,14.362512704254636
1980-10-01,7.6,8.571932149516137,9.099353254532431,9.605240775259295
1980-11-01,-2.3,2.7430997290887764,3.3383488780936434,3.8059588907277506
1980-12-01,-0.9,-0.5446779383021999,0.07194319339936861,0.5945123785220261
1981-01-01,0.1,-1.356354470036005,-0.7512674213690125,-0.27256810450885266
1981-02-01,0.5,0.33687905502253795,0.9255917894229722,1.438098534764829
1981-03-01,1.6,3.5949347719094744,4.149905857652736,4.636863026725474
1981-04-01,7.9,6.785750019697354,7.317287390290662,7.833402201918783
1981-05-01,8.8,10.33053539837426,10.887375850546128,11.414217972403316
1981-06-01,11.1,13.430225551122595,14.01135028888641,14.501308351081114
1981-07-01,14.5,15.73109198925303,16.300338256879193,16.78359068989917
1981-08-01,16.2,16.038452954472476,16.58515819492392,17.051074345973696
1981-09-01,15.4,13.405603980729667,13.93996957292676,14.423398154542829
1981-10-01,7.7,8.641893504903,9.166284094530084,9.70547692465715
1981-11-01,3.5,2.8616742881768116,3.378737724631838,3.878294219878019
1981-12-01,-4.4,-0.4480008403974111,0.11934909816288419,0.6508615240194264
1982-01-01,-6.9,-1.2655759020763926,-0.6962086559355889,-0.1854736461872982
1982-02-01,0.1,0.4389257849920607,0.959572180054789,1.4868666053203818
1982-03-01,5.6,3.649651116255961,4.2196890924725015,4.740214518409624
1982-04-01,6.3,6.869723844803968,7.39769925090615,7.9128533666382275
1982-05-01,9.1,10.468263283993052,10.962535286623263,11.49081422768724
1982-06-01,15.1,13.519221315976704,14.080722747989174,14.59162480504713
1982-07-01,17.4,15.871560842626755,16.397533134276067,16.914562620621897
1982-08-01,17.5,16.156280011405585,16.678123291636837,17.17474793520714
1982-09-01,16.0,13.54650362507146,14.008964437621964,14.528169472681167
1982-10-01,9.2,8.757983261399932,9.2660330985081,9.79214714028467
1982-11-01,4.2,2.9372797137897813,3.483768714101428,3.9767693537011017
1982-12-01,1.4,-0.35215834962571857,0.18193228117694016,0.744150786913006
1983-01-01,1.0,-1.153085583614907,-0.6175338062888942,-0.07901016644384914
1983-02-01,-2.0,0.5408979596842364,1.0433914392541146,1.5787482703049915
1983-03-01,5.0,3.7541810927398602,4.28619242975606,4.822006676794056
1983-04-01,3.1,6.938803346225849,7.457308765201306,7.9471474349444255
1983-05-01,9.6,10.484853543372772,11.023041274153496,11.571390916248262
1983-06-01,15.9,13.614212795085226,14.13739719535415,14.675774116829901
1983-07-01,18.7,15.92363426823617,16.4143967303525,16.92751573293696
1983-08-01,17.3,16.167529807407675,16.707735925443163,17.187334308230984
1983-09-01,11.8,13.56901316134775,14.050291081011927,14.541867111722725
1983-10-01,9.0,8.755052875640413,9.263442931312257,9.805811262160187
1983-11-01,2.3,2.9818041442060674,3.508640404969287,3.929757274036558
1983-12-01,0.3,-0.30741020584182727,0.19838130401799958,0.7274847644571952
1984-01-01,1.6,-1.1526179316606255,-0.5848063424343168,-0.13702931837808305
1984-02-01,-0.8,0.5353927361204729,1.0609190669867994,1.5347039665285929
1984-03-01,2.3,3.765340272492418,4.303912532861156,4.81270189744153
1984-04-01,3.0,6.891524417011301,7.448138213525546,7.948468082421596
1984-05-01,8.5,10.472590436573599,11.046376812897662,11.601254672929487
1984-06-01,12.2,13.598480158409245,14.14989039633423,14.666554763556373
1984-07-01,13.7,15.917382093246363,16.442488958749564,16.934906804894656
1984-08-01,18.8,16.17121358710369,16.705489654960815,17.21087506340731
1984-09-01,10.4,13.555211485730812,14.051259472913838,14.548981300380783
1984-10-01,11.8,8.755272895355937,9.312004829305003,9.796286389767342
1984-11-01,6.8,2.978604423780772,3.5125295609154668,3.96235969188081
1984-12-01,1.9,-0.356883082282769,0.22785512114009254,0.7376936504808564
1985-01-01,-8.7,-1.167105952062868,-0.5745656691793224,-0.0723156919094212
1985-02-01,-5.6,0.5630976210572302,1.0966021293110195,1.5653471335131712
1985-03-01,0.6,3.7440945728915316,4.343373364590331,4.788582154497024
1985-04-01,7.4,6.9557047328602986,7.509242077238785,7.9785158667204605
1985-05-01,9.0,10.519220386831787,11.067514946878623,11.59995754757273
1985-06-01,11.2,13.636671670849424,14.190433859173057,14.652645197707107
1985-07-01,17.3,15.945950363762243,16.431017173391254,16.963812963826904
1985-08-01,16.6,16.222179227164553,16.743000943313533,17.213739067597704
1985-09-01,15.7,13.54619124859199,14.07679950984153,14.586725421655458
1985-10-01,2.7,8.754324593436282,9.34424024945164,9.809404625737951
1985-11-01,-2.3,2.970277551346276,3.533037495984602,3.9780866415352665
1985-12-01,-1.5,-0.3151556857827592,0.26643654048050536,0.7772197300667933
1986-01-01,-1.0,-1.1595230287250018,-0.551765833767571,-0.034801581941208845
1986-02-01,-5.7,0.5781353519684195,1.1211460444295525,1.608947629849652
1986-03-01,0.7,3.863393444359451,4.370159353509038,4.7931097990617975
1986-04-01,2.5,7.00306950763809,7.548268036536113,8.034562799694061
1986-05-01,13.9,10.577717490153697,11.11256545808517,11.666521165729195
1986-06-01,11.4,13.67898827015445,14.243077749678125,14.738679268625445
1986-07-01,16.7,16.013279053943222,16.526571461496655,16.99691811303005
1986-08-01,15.3,16.264448189230063,16.819056594766757,17.281215568655213
1986-09-01,10.9,13.680141957187182,14.174614958060927,14.63062087721878
1986-10-01,10.7,8.866387019712262,9.437458036493997,9.879276931060685
1986-11-01,6.0,3.1513981547419565,3.6053394528077427,4.076798392869276
1986-12-01,-0.5,-0.17544709361270194,0.3369130314218216,0.8728032947207434
1987-01-01,-9.7,-0.9901784662664057,-0.44919310114773126,0.046599724041149274
1987-02-01,-0.8,0.721511100728408,1.2102019803612554,1.6697412520098425
1987-03-01,-2.2,3.9946391531249064,4.456879627635406,4.918129659266947
1987-04-01,8.2,7.12130140887014,7.638733376520089,8.106226882913525
1987-05-01,8.6,10.749760698634896,11.222979897130603,11.715772794443222
1987-06-01,12.6,13.83071331850375,14.341443771270978,14.817786757229863
1987-07-01,15.6,16.139614568718812,16.636972611957432,17.092407386867364
1987-08-01,14.6,16.430339363847867,16.92069373335443,17.34324588754414
1987-09-01,12.5,13.815741020788863,14.274609718672455,14.739768206355304
1987-10-01,10.7,9.009103949693753,9.530158535576254,10.033216023377683
1987-11-01,2.9,3.2952968789847583,3.7551480818113356,4.205611736825431
1987-12-01,-2.0,0.0010274217875427712,0.4793033094915504,0.9734103895478061
1988-01-01,4.0,-0.8139021034832762,-0.2998538777598174,0.2029725825459264
1988-02-01,2.0,0.8670705170335777,1.3451634464833013,1.839914536325929
1988-03-01,2.8,4.151210296963112,4.5945044628648155,5.142745258523254
1988-04-01,6.7,7.249278523071664,7.764589625947429,8.301780053148363
1988-05-01,10.7,10.886230255046229,11.338318218992317,11.923723037038089
1988-06-01,14.6,13.956318510579726,14.477454208817214,14.983195384255865
1988-07-01,13.8,16.25487224250365,16.765812838564095,17.25987709125983
1988-08-01,16.5,16.579288047827443,17.06541427733233,17.537989821244157
1988-09-01,13.8,13.922127199373257,14.418289296800571,14.922547749943474
1988-10-01,8.8,9.175121605689082,9.657712380417731,10.237988371493275
1988-11-01,0.8,3.3912206330937593,3.867089645010978,4.422016601637098
1988-12-01,3.8,0.12547321038147963,0.6086433076137236,1.2073657421671051
1989-01-01,1.2,-0.6898996707590367,-0.19052354290884566,0.36198836093041253
1989-02-01,0.7,1.0209358521659389,1.4720845072884075,2.0500823626355125
1989-03-01,8.1,4.2490209454200745,4.70908564462285,5.302819130166645
1989-04-01,4.0,7.338316618096328,7.901315406912914,8.485483183563423
1989-05-01,14.2,10.969496442112591,11.455449248850728,12.075333427867577
1989-06-01,12.6,14.071017255752846,14.582861172704018,15.130078955106242
1989-07-01,16.7,16.36870821334082,16.868579166821004,17.44205033983947
1989-08-01,16.5,16.648191482353567,17.165040029520213,17.68280506238398
1989-09-01,14.8,14.025441945779917,14.50359908169981,15.088356258309126
1989-10-01,12.0,9.245871676719524,9.751342551097322,10.338397070082147
1989-11-01,0.3,3.454683969760992,3.9365891622671176,4.517046723317945
1989-12-01,0.7,0.21783909502333013,0.6895495544548886,1.3041779425180942
1990-01-01,0.5,-0.6004946609835716,-0.1357856308243628,0.483716381888203
1990-02-01,6.2,1.0562113127713102,1.5359072367962918,2.150819309275045
1990-03-01,5.1,4.268431546769897,4.77214322011509,5.349754653137443
1990-04-01,7.4,7.422049763197823,7.935163815069217,8.517234441490755
1990-05-01,13.6,11.051351469267102,11.490120604764517,12.114726315033453
1990-06-01,14.3,14.0730972582289,14.604163490029482,15.194203980263199
1990-07-01,15.8,16.391338737193447,16.90226227690073,17.476772459906623
1990-08-01,15.8,16.67087676474258,17.177203938362446,17.711123552264766
1990-09-01,13.9,14.036110471803326,14.517279035913308,15.104921694551575
1990-10-01,11.2,9.244194083412992,9.74913160723844,10.312796597343294
1990-11-01,1.9,3.452933273584159,3.9406340929387884,4.519182588538203
1990-12-01,-0.3,0.19883764788784597,0.6733320359912818,1.2309638172149817
1991-01-01,-0.9,-0.6601527697503279,-0.1371612244988487,0.43441594166605074
1991-02-01,-6.7,1.062034154102272,1.4885814830696251,2.054946999913047
1991-03-01,5.5,4.261296094880283,4.744980756772757,5.300685616032295
1991-04-01,7.1,7.375702929719604,7.89703518560339,8.435177217152122
1991-05-01,9.2,10.966913954390611,11.475156760867407,12.031837116370804
1991-06-01,9.7,14.0454515487649,14.587313443787206,15.143215667789333
1991-07-01,16.9,16.349572343886503,16.85795784799319,17.388647483082224
1991-08-01,19.8,16.628650497258505,17.163015066160355,17.647176732637725
1991-09-01,14.7,14.003392954563134,14.502005368227724,15.055604439515157
1991-10-01,9.6,9.200544669392523,9.741309918555764,10.279544507733032
1991-11-01,3.2,3.444016814036143,3.92521440713504,4.479668931807786
1991-12-01,-0.9,0.10672471775410095,0.6751176936467891,1.1718453975032541
1992-01-01,-1.0,-0.6513298842231673,-0.15198614699281165,0.38625248796910233
1992-02-01,0.6,1.048077376047598,1.500309106221318,2.0515436195341503
1992-03-01,6.2,4.269903878918972,4.752878076208425,5.260589190294602
1992-04-01,8.1,7.4248410228504955,7.904090924135616,8.43391715837072
1992-05-01,11.2,11.019537797968942,11.474520724250954,12.06040336161506
1992-06-01,14.9,14.08456860800346,14.581360797694348,15.077875029904472
1992-07-01,17.2,16.35780218559435,16.875154046803324,17.405387641184518
1992-08-01,16.5,16.67173230136157,17.147962961159717,17.65706718020403
1992-09-01,14.3,14.016440062767966,14.513037681827253,15.024760079188669
1992-10-01,5.7,9.238086408444632,9.737457845600353,10.2144690193746
1992-11-01,5.6,3.431817470254806,3.9331665513914613,4.455957468362117
1992-12-01,-0.3,0.1308869545404234,0.6725089862175917,1.1764771166816825
1993-01-01,-2.9,-0.687089174893039,-0.14788408537808806,0.36681759358148414
1993-02-01,-0.2,1.004994552606115,1.4886644711143688,2.0087897128852505
1993-03-01,1.0,4.2599735753911965,4.744348839765381,5.223562675524731
1993-04-01,8.8,7.386042907734471,7.913645532520105,8.457379244745013
1993-05-01,12.6,10.997106485204418,11.464562305123765,12.041342802334045
1993-06-01,13.9,14.073671396614069,14.604637310045689,15.077443751271028
1993-07-01,16.3,16.363239119207282,16.883455857256138,17.364678035008335
1993-08-01,16.6,16.658566540393846,17.15761402022346,17.65888830395353
1993-09-01,10.2,13.971495174743392,14.496683557221393,15.01036372769934
1993-10-01,4.4,9.222832135172476,9.753439852172468,10.204202475085795
1993-11-01,-2.8,3.4258061282219536,3.9321522113944356,4.44186435153751
1993-12-01,2.5,0.12964783655140957,0.6698386678214368,1.2156656731081963
1994-01-01,2.3,-0.6489456329023796,-0.13755633970953252,0.3670095215717455
1994-02-01,-1.8,1.0691122260329478,1.5160414772163247,2.042547453522517
1994-03-01,7.8,4.271277839118433,4.772963100726278,5.264287662667872
1994-04-01,6.6,7.3925089641960975,7.938192903010124,8.455422745756605
1994-05-01,11.8,11.04418068437125,11.497945460078085,12.06256609856208
1994-06-01,13.4,14.104283980499595,14.62475736787151,15.106383027794289
1994-07-01,18.4,16.404766763097488,16.901498833931093,17.39589903427873
1994-08-01,17.7,16.662027031709325,17.174214181065413,17.646765582228223
1994-09-01,11.2,13.99573174796627,14.51753925075068,15.02553012541706
1994-10-01,8.9,9.253657637224356,9.765092428500717,10.21405676702961
1994-11-01,6.2,3.441289280528128,3.955180701592675,4.45045569026751
1994-12-01,-1.9,0.13150370255484348,0.6920630440733078,1.211373200568982
1995-01-01,-1.2,-0.6792126802452552,-0.12935645657011285,0.38610623832603386
1995-02-01,5.2,1.0134546712368036,1.5233848525312137,2.0458993460894086
1995-03-01,4.0,4.210340721052475,4.761929861502859,5.235716015877292
1995-04-01,8.0,7.376226303845307,7.92675244106538,8.456648590541153
1995-05-01,9.7,10.95284758569211,11.484549268345873,12.020979815612737
1995-06-01,11.2,14.053337837098704,14.589769920644292,15.096547135365798
1995-07-01,18.6,16.334595218868436,16.880743246907034,17.370537893363423
1995-08-01,14.8,16.62422384185365,17.160482508614468,17.64471706956
1995-09-01,13.9,13.93344802238116,14.507069022582627,14.995712535818692
1995-10-01,9.0,9.150155220452218,9.73328716920531,10.19125102424555
1995-11-01,5.0,3.3284348037439098,3.918032175368759,4.465677378982767
1995-12-01,-2.5,0.013977356094982206,0.6693420320601327,1.1901805596018262
1996-01-01,-6.3,-0.7760300704322238,-0.16084418766356023,0.3488762180732179
1996-02-01,-1.2,0.9337865751202616,1.4864244360479169,2.0221574620140754
1996-03-01,1.8,4.159138504358922,4.74780889983876,5.233428173484273
1996-04-01,6.0,7.30050462905828,7.906594810073166,8.460866353317597
1996-05-01,8.0,10.921316321087177,11.471000828203982,12.026000302762096
1996-06-01,11.8,14.01573052599682,14.613384978912269,15.098204967874075
1996-07-01,15.7,16.329726990712995,16.889003244223687,17.38016792117245
1996-08-01,13.6,16.577459832980534,17.180460578700632,17.664117049259577
1996-09-01,10.1,13.925883319815204,14.508270956894831,15.074269085677562
1996-10-01,11.2,9.189659651742518,9.754118899057765,10.256691099903035
1996-11-01,2.2,3.360408187516357,3.956130667946926,4.510509198463416
1996-12-01,-5.7,0.07347046294826726,0.6924739235250446,1.26026803937263
1997-01-01,-10.1,-0.6902478896969899,-0.11283053589481451,0.41052913044708605
1997-02-01,0.2,1.02648149581024,1.5596579119239236,2.102052972537159
1997-03-01,8.2,4.286651359186644,4.82420624156187,5.294240376066762
1997-04-01,8.5,7.37642469954893,7.981665448140891,8.499937405038223
1997-05-01,10.5,11.066645219936653,11.561767899594651,12.103801852857604
1997-06-01,15.0,14.171390861985206,14.689051180076138,15.200432376686432
1997-07-01,17.6,16.453468239965908,16.967263088072997,17.449986490184287
1997-08-01,16.6,16.649113533729956,17.25878557606672,17.770845894553073
1997-09-01,14.2,14.031318745404091,14.594564412251708,15.127347527619248
1997-10-01,6.2,9.326875716315364,9.840428370559602,10.344344203574952
1997-11-01,3.0,3.4546559746175003,4.056956990801064,4.593596072242159
1997-12-01,-0.6,0.19659416034895477,0.7910898461733602,1.3366646118563958
1998-01-01,0.3,-0.6080491345073691,-0.011538288072719283,0.4890497010489278
1998-02-01,-1.2,1.11693626514439,1.6504151639196594,2.1730652954592604
1998-03-01,5.0,4.326083874542316,4.90672030670454,5.387365502060042
1998-04-01,7.9,7.4830023282649165,8.081252409162342,8.604048855944301
1998-05-01,11.3,11.122477742267021,11.65876942305145,12.223670224541685
1998-06-01,15.4,14.250648190943009,14.78978001341314,15.260305049673065
1998-07-01,16.2,16.553172444482247,17.084786431330222,17.572398991439076
1998-08-01,16.0,16.81031127406767,17.344703561691794,17.893276615494738
1998-09-01,12.7,14.168967994461045,14.701155556458444,15.255761348031287
1998-10-01,5.7,9.45853160400952,9.9536761587032,10.449120708249604
1998-11-01,-1.1,3.604442767137243,4.1581378959645585,4.69857023819218
1998-12-01,-1.9,0.3508458615530386,0.9012480144020794,1.4461927122234797
1999-01-01,0.5,-0.40574507108961644,0.09992500630524326,0.5702926929046123
1999-02-01,0.3,1.3073366075142032,1.763375849963961,2.2762297386901422
1999-03-01,4.7,4.473924328848526,5.039658626078331,5.561963350869624
1999-04-01,6.2,7.671047631737723,8.198197521144765,8.748639803986066
1999-05-01,13.8,11.323195463518251,11.783025060648722,12.33317406821277
1999-06-01,14.3,14.42944265986091,14.923810429506712,15.414757573115866
1999-07-01,18.3,16.727195567798464,17.215981872086488,17.7409477124228
1999-08-01,17.7,16.97347283674657,17.497743584240624,18.058123749997517
1999-09-01,16.0,14.354642509171107,14.840674199512293,15.40131066848358
1999-10-01,9.8,9.611478406345908,10.105238926725086,10.556289109971187
1999-11-01,1.8,3.773222250521629,4.2943522221260935,4.83224765957391
1999-12-01,0.4,0.5260735320130748,1.0594104684951748,1.5964472430794205
2000-01-01,1.4,-0.27271142123049413,0.24873664329349232,0.7353310630110123
2000-02-01,5.7,1.481875652619515,1.9126898653284892,2.4449277307087707
2000-03-01,5.3,4.654982773234946,5.147185597548751,5.688331749045268
2000-04-01,6.0,7.808591514711593,8.338820141413393,8.893996459325423
2000-05-01,12.2,11.448904557301118,11.903105390494728,12.443287892205554
2000-06-01,14.4,14.566773776955698,15.039040841386287,15.526505336753683
2000-07-01,13.4,16.82147852444918,17.305041118774206,17.87641070888744
2000-08-01,19.9,17.097853032717005,17.587998905186957,18.162842268278737
2000-09-01,14.4,14.483192167378409,14.935073183570957,15.53049984242809
2000-10-01,10.5,9.735305486511779,10.182194293272701,10.693603172091573
2000-11-01,6.5,3.8761797903981456,4.396102234090033,4.9654651314729685
2000-12-01,-1.0,0.5805607040530505,1.1391549553537033,1.6999800456720393
2001-01-01,0.7,-0.21112645169523897,0.32184781871970713,0.8405357191612385
2001-02-01,0.2,1.5075778361956054,1.9795126970542487,2.4816123785695114
2001-03-01,0.7,4.75533278777165,5.213480876640675,5.7850909063104075
2001-04-01,6.5,7.894309004601016,8.384618739732982,8.946182557618396
2001-05-01,9.4,11.499660160314535,11.975571187487152,12.515014686267124
2001-06-01,13.0,14.624731292700014,15.117022919485528,15.593757458001887
2001-07-01,14.9,16.911636706875736,17.388277857768003,17.923841978517775
2001-08-01,17.2,17.21842112600929,17.664780120684497,18.198809028598344
2001-09-01,11.6,14.53814554475838,15.009875587446174,15.619169154287542
2001-10-01,14.4,9.803557784855656,10.270707603562892,10.802784087115631
2001-11-01,4.8,3.9643138005531355,4.4866034424386685,5.037032366158657
2001-12-01,-1.2,0.6749895110104843,1.2203069219755243,1.8352116962654546
2002-01-01,-0.6,-0.10527559208523259,0.4078000083978175,0.9667974980720601
2002-02-01,6.0,1.6154529018070571,2.0745064488043603,2.620632550779604
2002-03-01,3.6,4.827949406627535,5.2790987140277,5.829531981779326
2002-04-01,7.8,7.9718470688844505,8.469006679362646,9.04360247908211
2002-05-01,8.8,11.58020345952232,12.076341805471785,12.590324544113088
2002-06-01,15.3,14.704177769360834,15.197022992135597,15.644316579029423
2002-07-01,14.1,17.01153506690896,17.4591806386237,18.004052935554114
2002-08-01,17.2,17.27277840200698,17.759952818978633,18.25541551748612
2002-09-01,14.2,14.616766207306098,15.079912165364949,15.683744290804484
2002-10-01,10.1,9.906179737589692,10.332463376135124,10.876322033903195
2002-11-01,7.7,4.08831604174033,4.539605034512373,5.072333363855316
2002-12-01,-0.8,0.7655494110032943,1.2751029424784548,1.8517791134491437
2003-01-01,-3.5,-0.062412466932693825,0.4688111842378584,0.9843000528563021
2003-02-01,-1.0,1.6832680352248452,2.1260136973669947,2.6481049590371364
2003-03-01,8.3,4.9019111895045775,5.356671652513047,5.933041557833613
2003-04-01,5.1,8.038340339016278,8.530799085747235,9.123543557490253
2003-05-01,13.3,11.637778994315267,12.131947964539412,12.658711639307707
2003-06-01,19.9,14.744639119277279,15.24906191201364,15.717832408379996
2003-07-01,17.6,17.065754213961974,17.52431047139028,18.045106724012093
2003-08-01,16.7,17.293065660716927,17.81119094604642,18.29410902804211
2003-09-01,15.4,14.645627752297392,15.127187601537559,15.6761981227528
2003-10-01,4.4,9.920240381591961,10.384786416272739,10.941170273499488
2003-11-01,4.4,4.075566244174089,4.563896320572479,5.128583266835501
2003-12-01,1.7,0.7742633030259511,1.312395859907305,1.836603702438418
2004-01-01,-2.5,-0.05261751593085374,0.5000090509988553,0.9968165538829945
2004-02-01,2.8,1.685905680694958,2.1420285897731937,2.6726261356834193
2004-03-01,1.9,4.90813123259918,5.37541565354833,5.955217533973751
2004-04-01,8.6,8.070992770289331,8.557136632744102,9.125615459510161
2004-05-01,10.8,11.616988992607387,12.14117330372957,12.713303418636567
2004-06-01,15.8,14.75834860215177,15.250986842569166,15.774102638835496
2004-07-01,15.4,17.067429064062917,17.53593920925291,18.03537167412333
2004-08-01,16.3,17.321035635643078,17.806540269452658,18.335294800731038
2004-09-01,12.1,14.686129675894794,15.145594582637457,15.702064265526687
2004-10-01,9.0,9.952566538444987,10.41769982256557,10.85747577260059
2004-11-01,4.8,4.119744854290341,4.598039103509006,5.115818415246231
2004-12-01,-1.2,0.7986399945438326,1.324109197206612,1.8805557735058671
2005-01-01,-0.3,0.013598632673844155,0.5185154000346275,1.0511675338880033
2005-02-01,-0.2,1.691260794975985,2.1699465974465912,2.69591815457325
2005-03-01,-0.9,4.9484278273815345,5.4101339882176465,5.943245186217065
2005-04-01,7.4,8.078478392276011,8.597559319915614,9.157170213291229
2005-05-01,11.3,11.688943766814122,12.169520996045172,12.721169726953875
2005-06-01,13.9,14.753677368851701,15.296562496690417,15.83415145445181
2005-07-01,17.2,17.12953378871397,17.583353311866134,18.11152761525825
2005-08-01,17.4,17.367752204690365,17.859710096536272,18.421255627311123
2005-09-01,13.6,14.731022766377288,15.219399172813834,15.759980820025085
2005-10-01,13.9,9.99693440423002,10.469372118117452,10.9944037504671
2005-11-01,1.6,4.158288641003522,4.678373105878793,5.214708946529655
2005-12-01,-0.8,0.874678430645961,1.4132028243810488,1.9892826007726734
2006-01-01,-2.7,0.10663445001745095,0.6171600033879576,1.1536346967891995
2006-02-01,-0.9,1.7885296602461354,2.2756982824056298,2.831418015328442
2006-03-01,0.9,5.018177521357586,5.515419814473022,6.102914716333949
2006-04-01,9.2,8.209890372702668,8.693206515243663,9.312591698341592
2006-05-01,11.1,11.78942005969663,12.279786319620516,12.841944493137454
2006-06-01,11.5,14.886893487869095,15.402838929454386,15.964808561189782
2006-07-01,23.0,17.230509164753958,17.6863069796538,18.267251773262203
2006-08-01,16.0,17.498372955868057,17.96786455721222,18.56758152301404
2006-09-01,18.9,14.84446947316639,15.312660642633585,15.948221376525504
2006-10-01,15.2,10.089755476787452,10.57709195132574,11.1799345105183
2006-11-01,7.6,4.311175242455936,4.747230772726681,5.32724048726146
2006-12-01,0.8,0.9625171315072669,1.502247557593928,2.0792523004737387
2007-01-01,0.1,0.16296965604217872,0.679926086542249,1.2711510168333593
2007-02-01,0.9,1.8830618044696232,2.3253305526316264,2.904703990972746
2007-03-01,5.4,5.092348185783033,5.56410129321932,6.137251754980213
2007-04-01,10.5,8.251718038496193,8.738768139227947,9.272280545487043
2007-05-01,13.5,11.842323486040378,12.299972248933866,12.837042509603693
2007-06-01,15.0,14.927779229169317,15.40965124480013,15.930327315287874
2007-07-01,17.0,17.224054720831255,17.687347956004583,18.21177103709565
2007-08-01,15.0,17.486941742793594,17.9408464168445,18.489956399476874
2007-09-01,13.4,14.808805940397159,15.287473898030699,15.908332795716705
2007-10-01,8.8,10.084425483105662,10.545976937019887,11.082426956481813
2007-11-01,5.5,4.277145732058071,4.718552332116867,5.301853998453198
2007-12-01,-0.2,0.9518227664211775,1.463414830198999,2.0420856850122897
2008-01-01,1.2,0.14478335223014413,0.6450588213436035,1.1936557605095564
2008-02-01,2.6,1.824283961058364,2.2922899492814484,2.8101636820114826
2008-03-01,3.9,5.032776065338684,5.529078295182627,6.056021541624512
2008-04-01,7.8,8.208215921045761,8.706153507113033,9.224760104652391
2008-05-01,13.5,11.772774645893294,12.26222130713305,12.784471511434479
2008-06-01,13.1,14.856782184644443,15.37889892729013,15.892081075874144
2008-07-01,15.8,17.138272765602412,17.64609984888913,18.177043762457124
2008-08-01,16.8,17.438826703703512,17.921939903380395,18.447543727887847
2008-09-01,13.2,14.78316481662711,15.280232220439478,15.83651335433663
2008-10-01,4.4,10.033311141562637,10.516452564330912,11.058683181274684
2008-11-01,2.3,4.2384983309977216,4.7027061012857265,5.219841086353402
2008-12-01,0.5,0.8924931371337971,1.4282309184985436,2.002392061716484
2009-01-01,-5.8,0.09680039913308358,0.6395828350711987,1.1186894722351406
2009-02-01,1.4,1.8104219748052277,2.296187068370973,2.787766604369117
2009-03-01,6.6,5.007691345762501,5.52922295221342,6.036744685068105
2009-04-01,10.8,8.232534506089014,8.70006748791049,9.18074504425465
2009-05-01,12.8,11.791519578097516,12.270012033947147,12.768823833496091
2009-06-01,14.6,14.871712646045188,15.368023865537088,15.89117844472483
2009-07-01,18.2,17.144132014503874,17.669837873966046,18.163891852233156
2009-08-01,19.6,17.488289874939717,17.934874097297044,18.47224650936577
2009-09-01,16.6,14.816361672101733,15.290941341190196,15.802261397597526
2009-10-01,10.7,10.042689736439002,10.537826852820498,11.04731851646201
2009-11-01,7.3,4.2765846723904914,4.709733510836453,5.218867781645019
2009-12-01,-2.7,0.9435661442845636,1.4407788188334045,1.9942132883539287
2010-01-01,-2.9,0.0925244378319851,0.6332727936952107,1.1333520302286504
2010-02-01,-2.0,1.7560705546136495,2.270904579836655,2.8311157446691597
2010-03-01,1.5,5.048051764883288,5.512222612406909,5.991752296327461
2010-04-01,10.3,8.186444532166718,8.700008200051801,9.197097498920838
2010-05-01,6.6,11.785525990935904,12.247670492907421,12.748058240819141
2010-06-01,13.5,14.854868094272923,15.34654698033851,15.94564526974449
2010-07-01,19.0,17.14864493976436,17.643727101447197,18.206613852281006
2010-08-01,17.1,17.41764626851976,17.912386117847323,18.439958520738372
2010-09-01,12.5,14.744518816603998,15.264181392347583,15.76912340288874
2010-10-01,7.7,9.987472523918434,10.535537334791243,11.011657977209659
2010-11-01,-2.0,4.204126619613026,4.701641953562455,5.244770668536237
2010-12-01,-4.5,0.9196398660363754,1.4381885814638435,1.9785986202230657
2011-01-01,-0.9,0.053885006679132055,0.6430305019754563,1.1396072025662227
2011-02-01,0.4,1.7899412892892461,2.3183113069091097,2.8255429030359576
2011-03-01,5.4,5.004126404336712,5.539641012956408,6.034816211413441
2011-04-01,12.1,8.211571398428038,8.724295307908712,9.21978241462163
2011-05-01,14.8,11.786890464119613,12.287685421718914,12.794534093939044
2011-06-01,16.9,14.888827470451801,15.396664146503861,15.932293855747865
2011-07-01,14.3,17.155809818726524,17.676356498369728,18.23863599873442
2011-08-01,16.5,17.439601293614896,17.949300168292453,18.482760752981815
2011-09-01,15.1,14.786680407724626,15.301894983197977,15.80278515673321
2011-10-01,10.2,9.965704523716322,10.55762553045672,11.084311452521128
2011-11-01,7.1,4.223330677375804,4.745163304169228,5.244316169425275
2011-12-01,3.4,0.9504000971935809,1.4624396129613126,2.0106526331782777
2012-01-01,-0.6,0.100667036544489,0.6791786535947875,1.1568628625093684
2012-02-01,-5.6,1.7704480350858187,2.3409090086741884,2.8490083852623096
2012-03-01,4.6,5.0318109563768925,5.567271584826754,6.070786864006282
2012-04-01,8.3,8.149994410802192,8.735559258349213,9.233009504083917
2012-05-01,9.7,11.793823289924928,12.29246865903972,12.81423046191225
2012-06-01,13.2,14.88534037983534,15.394946139682313,15.912149215312558
2012-07-01,17.0,17.126125443170096,17.710577101673927,18.221049722514444
2012-08-01,17.2,17.472232622806477,17.972966472889894,18.460775496098446
2012-09-01,15.1,14.77959425603425,15.335399448026003,15.85928569503103
2012-10-01,7.2,10.036498827475778,10.557819950495356,11.103174666313746
2012-11-01,2.4,4.23450948981913,4.749865121600348,5.25489385434819
2012-12-01,1.3,0.9177789534061747,1.495099769592093,2.0355322711344157
2013-01-01,-4.4,0.12609458159373946,0.6889023452414786,1.1449406498341668
2013-02-01,-0.6,1.8029431280942783,2.3549708654397135,2.8502655379541957
2013-03-01,-1.3,5.061460858309437,5.590228255781426,6.0678537526782454
2013-04-01,3.9,8.209526656674516,8.767472384838396,9.235044339522071
2013-05-01,8.4,11.80463881155236,12.33603181499925,12.870082606173217
2013-06-01,14.7,14.938821432190501,15.455313565015388,15.97043522937175
2013-07-01,18.5,17.236773590858743,17.762244052415355,18.2864192988395
2013-08-01,16.9,17.556594740337655,18.019210136201487,18.52426124211424
2013-09-01,13.9,14.885109773505137,15.384274935848769,15.930271626759481
2013-10-01,9.0,10.153176276645407,10.643373090810993,11.224046193313729
2013-11-01,4.1,4.363179383758924,4.833758605368648,5.371716987849304
2013-12-01,4.6,1.065500261877297,1.5807167592324944,2.1254065361817074
2014-01-01,5.1,0.2824555703251218,0.779429032942268,1.2392313655350464
2014-02-01,6.2,1.9021662964928148,2.429850817835489,2.9797185220904696
2014-03-01,6.6,5.118119840469001,5.663111697263645,6.160071027451457
2014-04-01,10.9,8.31430678898473,8.841040498879543,9.326227470980662
2014-05-01,12.5,11.909863875035654,12.412016024444553,12.894888555726942
2014-06-01,15.3,15.008901138406051,15.524584022953281,16.02112335986693
2014-07-01,15.8,17.261236545214214,17.802314212239818,18.337306486635267
2014-08-01,16.2,17.569876032878316,18.086168656456202,18.597998385909467
2014-09-01,14.2,14.914723474502345,15.414680206285318,15.983242184428002
2014-10-01,12.0,10.141281236594098,10.649285994557168,11.219890862618755
2014-11-01,2.9,4.374122918488126,4.858445249219473,5.390860288642744
2014-12-01,-2.3,0.9989041406728556,1.5761580714745627,2.1253052047287704
2015-01-01,-0.3,0.20168261886585293,0.789351246243176,1.2734702825540345
2015-02-01,1.1,1.8882897057434873,2.438211477316149,2.981470135119908
2015-03-01,6.2,5.129008879026587,5.677003198200708,6.194961477965417
2015-04-01,7.9,8.329278928925424,8.851275500447123,9.366450370448788
2015-05-01,13.4,11.885697550415152,12.430219823842595,12.915477810555227
2015-06-01,13.8,15.015171556984733,15.527778401545273,16.072691761703474
2015-07-01,17.2,17.21975593770448,17.801697439923366,18.34444742794203
2015-08-01,15.8,17.556081418399195,18.071869113630648,18.627926661603713
2015-09-01,14.7,14.897039096181896,15.423139724887196,15.960629340024388
2015-10-01,5.3,10.133821319415038,10.687384613935691,11.225774679644442
2015-11-01,4.7,4.369920000131012,4.875947756226206,5.360347348605514
2015-12-01,6.3,1.0654356275123518,1.589268688971245,2.146796852671457
2016-01-01,-0.9,0.22853096504038758,0.7819041387222105,1.3524745309765738
2016-02-01,2.6,1.8725731887757164,2.4402583218119904,2.985989096374483
2016-03-01,4.7,5.151583252380117,5.6802878675986435,6.1919941915131105
2016-04-01,6.5,8.325290443654412,8.847637469565282,9.378791056018501
2016-05-01,11.8,11.839164872346693,12.440124343689227,12.957490810429325
2016-06-01,14.5,14.958491880062937,15.53150168414743,16.09579759727494
2016-07-01,16.9,17.285655887624813,17.819805096645734,18.36435709428795
2016-08-01,14.6,17.559414612099317,18.077840034760634,18.674962267836943
2016-09-01,16.2,14.926659524216763,15.432079592743962,15.968340816842163
2016-10-01,7.2,10.160295439416682,10.693227584676421,11.257364092770247
2016-11-01,3.7,4.390602356476925,4.8753154128693685,5.372098069616804
2016-12-01,-1.9,1.0610371831933425,1.6011978420536437,2.1375144764627483
2017-01-01,-0.5,0.26136037721832567,0.8088147438458577,1.3487481410180429
2017-02-01,-0.1,1.8822534228782177,2.4662620345693043,2.9301569459706616
2017-03-01,7.5,5.144737231710561,5.701895840013002,6.241385729093347
2017-04-01,9.0,8.342840375246283,8.89156527748452,9.415678276936726
2017-05-01,12.3,11.90004916658535,12.459212647901339,12.972847411481894
2017-06-01,17.6,15.031341968063915,15.56608575833107,16.12884218783996
2017-07-01,17.1,17.31487779918289,17.84979267712204,18.37685600510995
2017-08-01,16.2,17.59866095059129,18.10941225700846,18.67578822058554
2017-09-01,14.4,14.92462315002681,15.488192706319438,15.944748766202059
2017-10-01,11.1,10.18558996189426,10.72192277428992,11.279482788023365
2017-11-01,3.1,4.3653102204691026,4.9142861656222765,5.419204161433378
2017-12-01,-0.7,1.0794503952500636,1.6492004990318967,2.1656246455769246
2018-01-01,3.2,0.2639595615797425,0.8390289720599,1.3813669475814565
2018-02-01,-2.2,1.9686521637721808,2.5032440838702392,3.007362121795835
2018-03-01,-1.8,5.185823272641401,5.751351678866324,6.277500238278572
2018-04-01,7.8,8.377253361264865,8.920207716327536,9.445637140248314
2018-05-01,13.6,11.948487781464037,12.489091130697084,13.013668958601677
2018-06-01,17.0,15.09166499869578,15.608240967726976,16.173570725439145
2018-07-01,17.1,17.37105464152306,17.910944233892284,18.425767466714
2018-08-01,18.0,17.646337254559608,18.15042954980833,18.75711561729594
2018-09-01,12.0,14.96301627692374,15.520745433262068,16.04335381767997
2018-10-01,5.5,10.222720920246628,10.767253996845767,11.29948785846892
2018-11-01,4.4,4.462283073231856,4.968160106886406,5.4946551812341395
2018-12-01,1.2,1.116269971198106,1.717963353616593,2.2410042999825692
2019-01-01,-0.3,0.3405577778226093,0.8944367135688935,1.4697732656761155
2019-02-01,3.2,2.004721889586011,2.560347640163147,3.092134946783598
2019-03-01,7.8,5.278663998230214,5.790617202064849,6.363511445140045
2019-04-01,7.5,8.458776075266442,8.977491365314368,9.492729160559078
2019-05-01,9.7,11.990168916742451,12.56149346582583,13.104839478191876
2019-06-01,17.0,15.082267630654322,15.6834498222545,16.231692175523474
2019-07-01,17.8,17.431687552294086,17.966278486465047,18.496862154637604
2019-08-01,18.2,17.711149086274403,18.22901826818311,18.831514971827144
2019-09-01,16.2,15.030810087837379,15.588031277667534,16.1274763505453
2019-10-01,9.8,10.29942337175996,10.835176623940415,11.384864299514732
2019-11-01,5.3,4.501330350996425,5.020074312573016,5.607168808165721
2019-12-01,2.6,1.209634280829778,1.7509245993022695,2.350007523143964
2020-01-01,1.6,0.39845160460176593,0.9432010735503908,1.5070441107459065
2020-02-01,2.8,2.0851257036530493,2.606427915050303,3.1811657390333097
2020-03-01,6.8,5.292947817334752,5.834327246979054,6.4200172810471585
2020-04-01,9.5,8.50811230082154,9.013768607366472,9.567358662850955
2020-05-01,11.9,12.017265908434835,12.573273194531378,13.17497758883597
2020-06-01,14.5,15.14143783756032,15.71677372543011,16.315547479362525
2020-07-01,17.1,17.425355433411767,18.00505018606738,18.589000660688946
2020-08-01,17.5,17.722996946054366,18.25526898808338,18.923850453250317
2020-09-01,12.6,15.009880668425474,15.630136534501075,16.207156356430986
2020-10-01,10.7,10.30101508639421,10.85451120784148,11.451517328815294
2020-11-01,3.3,4.515375018044743,5.049898795809881,5.6938988863050595
2020-12-01,2.8,1.2233600067429362,1.8030558026588928,2.406469684656719
2021-01-01,-0.1,0.34232892486817784,0.9963602638972011,1.6139858811005476
2021-02-01,-4.1,2.107979349585014,2.659449974356006,3.2953712049834385
2021-03-01,6.1,5.360839239491423,5.881032222272992,6.505865598627442
2021-04-01,5.6,8.529072142798901,9.061289305892902,9.637053476144898
2021-05-01,11.0,12.066041739832945,12.674169911961142,13.237509301375857
2021-06-01,14.9,15.210845459085105,15.779451454713591,16.39026857167465
2021-07-01,16.2,17.51452205834434,18.064537611488312,18.67001990289262
2021-08-01,15.4,17.77489263978767,18.32039932557399,18.983441739742666
2021-09-01,14.5,15.09039653355343,15.70337829801995,16.332932141702766
2021-10-01,11.8,10.387895645567566,10.95372546167544,11.520826932189925
2021-11-01,4.2,4.596202392049618,5.133928978450338,5.81203100370202
2021-12-01,2.8,1.2933706760433386,1.8714364194936612,2.588038306629066
2022-01-01,1.0,0.4551771646469651,1.0697834563393958,1.743064269668655
2022-02-01,7.5,2.199987837667637,2.7577813537576756,3.3772167822777677
2022-03-01,6.2,5.3790898064991834,5.979389441948909,6.659282329696049
2022-04-01,2.7,8.604982191895955,9.14069258394216,9.815723927569607
2022-05-01,13.2,12.1070106204319,12.743739345122542,13.396272948460913
2022-06-01,17.0,15.270144475010008,15.850157564561044,16.511235080142956
2022-07-01,18.8,17.55316796575706,18.142186609457454,18.8742043558082
2022-08-01,21.2,17.825055401817714,18.40574140705546,19.15373833238824
2022-09-01,11.8,15.106390923723023,15.781452712565741,16.47641942966066
2022-10-01,14.3,10.409189984479708,10.9919339539342,11.693065846168576
2022-11-01,6.0,4.600679230307471,5.161663178705961,5.89799172715086
2022-12-01,0.1,1.2711124380391932,1.919853011799416,2.613478251025063
