date,observed,lower,median,upper
1892-01-01,-10.5,-6.380381551446736,-5.684546762571969,-5.128306523246999
1892-02-01,-10.4,-5.652082095070671,-4.9462941041426145,-4.355611901908713
1892-03-01,-8.9,-3.7849858040219457,-3.2138812541794968,-2.6282593628108635
1892-04-01,-2.5,-1.6666318919612817,-1.1132452736633318,-0.5759511601410146
1892-05-01,-1.2,1.0403239674655236,1.6253570237359416,2.1478743184064695
1892-06-01,3.2,4.729282001699246,5.286848727430149,5.8343561952475875
1892-07-01,7.2,6.87354722817375,7.418016197362792,7.975136026487489
1892-08-01,7.6,6.948181672751648,7.484112656108265,8.068809479081045
1892-09-01,5.3,4.158664129493598,4.694199826889496,5.250956252919506
1892-10-01,-0.7,0.4254952299052661,1.0157437870773416,1.534592469029293
1892-11-01,-2.3,-3.291340940027779,-2.650310263229388,-2.1361072608705673
1892-12-01,-9.5,-5.243955546751955,-4.559380571674019,-3.996865834037202
1893-01-01,-15.4,-6.266948836318694,-5.574698325224551,-5.032562823048533
1893-02-01,-5.5,-5.51342486010458,-4.855171658741585,-4.277618083046995
1893-03-01,-1.3,-3.672491531697964,-3.1184797109428404,-2.5989551848843293
1893-04-01,-0.8,-1.4985637974305663,-1.0148675958033675,-0.49654832755878336
1893-05-01,1.2,1.1915300830517563,1.7338367115872435,2.218322357470357
1893-06-01,3.5,4.869212974019166,5.399176187184148,5.915201461894948
1893-07-01,9.4,6.996777141907581,7.508824695469194,8.058152651525843
1893-08-01,6.7,7.0685565993477795,7.578885211505275,8.112826066988978
1893-09-01,4.0,4.313758626245706,4.787386575773105,5.295917384205368
1893-10-01,0.2,0.5513075110971061,1.1125367259400747,1.5849887370008924
1893-11-01,-3.5,-3.174192345001116,-2.5570950837874955,-2.0791522148045702
1893-12-01,-6.8,-5.101341076961496,-4.46994704360403,-3.8957266570507345
1894-01-01,-13.8,-6.1611200553620415,-5.478173891502982,-4.919227054097415
1894-02-01,-8.0,-5.336279024298823,-4.7454299795056745,-4.200538913350531
1894-03-01,-1.3,-3.526361257361717,-3.018272830820509,-2.5270859352304664
1894-04-01,2.3,-1.3905119300561442,-0.9142219087979204,-0.432750472954383
1894-05-01,1.5,1.332136960093442,1.844417588457234,2.3112045272423747
1894-06-01,6.6,5.015049167601943,5.507567836113051,5.9547257657338495
1894-07-01,8.9,7.113676903355423,7.6008975354439805,8.122783074891268
1894-08-01,8.7,7.19024880422609,7.657753064969153,8.174323291529634
1894-09-01,4.5,4.429107745429191,4.907009391683829,5.367080327613761
1894-10-01,-0.2,0.6982148661271618,1.1896748391041454,1.6858643816379193
1894-11-01,-1.9,-3.038315311505494,-2.483536257282502,-2.0171395740312836
1894-12-01,-1.9,-4.9845136939302375,-4.401917375164759,-3.827405603074566
1895-01-01,-15.3,-6.0618420939716495,-5.430189106549836,-4.82434479673895
1895-02-01,-18.1,-5.264875277620611,-4.709284374693922,-4.167198327023943
1895-03-01,-8.3,-3.481827173912322,-2.959191747177706,-2.4652361375138088
1895-04-01,-1.4,-1.3461669114284864,-0.851886517544975,-0.39422119869994104
1895-05-01,1.6,1.3822362224480038,1.8829099552890773,2.3355652552673365
1895-06-01,3.7,5.054853791512874,5.535826324526379,6.017846400506655
1895-07-01,5.8,7.156982479842717,7.649466573426725,8.082281712791655
1895-08-01,8.2,7.257261972286603,7.7040154775523035,8.189361711006264
1895-09-01,5.7,4.443244364797691,4.9302631383555315,5.372262100109801
1895-10-01,-2.3,0.7481207500355568,1.2243776852047663,1.6931299230813721
1895-11-01,-3.8,-2.966196046200481,-2.4478637862910566,-1.9897176687554876
1895-12-01,-11.4,-4.9610989462956026,-4.357279756895566,-3.784216185810059
1896-01-01,-6.0,-6.015061370669452,-5.375634736941653,-4.8032808099754005
1896-02-01,-7.7,-5.2259942008953955,-4.64538543850853,-4.127566061208062
1896-03-01,-1.2,-3.3892408763744144,-2.9250890011218402,-2.4505827911888054
1896-04-01,-0.9,-1.2432867743856468,-0.8073810851102929,-0.3455112299187847
1896-05-01,0.8,1.4536694276685385,1.9200824869864932,2.345493104060188
1896-06-01,7.4,5.131407049727769,5.5860936560759225,6.06045470310446
1896-07-01,7.1,7.258170070976492,7.6946467222659685,8.139503239211704
1896-08-01,6.1,7.299995796757273,7.7546555256198175,8.231380264968312
1896-09-01,5.0,4.487261517448072,4.979582861940198,5.414110358993128
1896-10-01,1.2,0.7849945973376392,1.2808359384569612,1.7230520529426727
1896-11-01,-7.1,-2.9069976955105035,-2.387273296318458,-1.9579878460181808
1896-12-01,-5.7,-4.887041959873053,-4.318598755638024,-3.7664987962042855
1897-01-01,-6.5,-5.876983550768024,-5.351942427524593,-4.740098882330187
1897-02-01,-3.0,-5.135346034753034,-4.601700357182919,-4.046474682120462
1897-03-01,0.3,-3.3178773612669574,-2.8687380849269664,-2.3980919559910467
1897-04-01,-1.0,-1.2020453463599097,-0.7620539202362727,-0.32335927257865954
1897-05-01,-0.1,1.514661726432081,1.9712249137097406,2.4108512711580508
1897-06-01,6.2,5.185392878201599,5.648284758882272,6.096949174186167
1897-07-01,8.4,7.286754129437441,7.759556742381563,8.212733919995571
1897-08-01,9.9,7.365954518931964,7.8102539332981,8.284300350318283
1897-09-01,5.1,4.607462344240966,5.0376858170874055,5.471383571379674
1897-10-01,0.0,0.8673816071515448,1.3285199662422578,1.7768380228605112
1897-11-01,-6.9,-2.880525462398184,-2.353041983211825,-1.898207042722438
1897-12-01,-6.0,-4.863877061016223,-4.252378052597231,-3.685737305206303
1898-01-01,-4.7,-5.829263904262901,-5.300366973553704,-4.6793470756602815
1898-02-01,-1.5,-5.0830867057062585,-4.550571110757492,-4.033549760380773
1898-03-01,-3.7,-3.2970975613495948,-2.829690306092502,-2.325237130557454
1898-04-01,-0.1,-1.136939888031515,-0.7380906420051381,-0.21783718582682438
1898-05-01,2.8,1.5221012093679138,2.0129782258184097,2.4200456114275384
1898-06-01,5.0,5.205818876820254,5.67922341756382,6.125753920473767
1898-07-01,6.0,7.336901683959889,7.777352343670245,8.247500509960725
1898-08-01,8.5,7.392085175286143,7.834201367574831,8.320239420792326
1898-09-01,4.6,4.602879009760862,5.044935566575018,5.500493338142399
1898-10-01,3.3,0.9041301436460819,1.331037878448801,1.8029853655952948
1898-11-01,-2.2,-2.7768206733367538,-2.3666015319200255,-1.8646051088994073
1898-12-01,-4.8,-4.879978375244269,-4.2672015173974644,-3.695887420813451
1899-01-01,-7.2,-5.85003683247347,-5.3055341179828055,-4.623647748913124
1899-02-01,-6.9,-5.088257344096287,-4.564716917518693,-4.0013282951531295
1899-03-01,-7.3,-3.2839102674740626,-2.847494952898135,-2.3162742301886134
1899-04-01,-1.1,-1.1623540064319178,-0.7447777946826124,-0.1988826671174001
1899-05-01,1.1,1.5704008196550663,2.0072432547290173,2.437561079255736
1899-06-01,5.8,5.224545045503826,5.681987178426141,6.156796538135709
1899-07-01,8.3,7.323676800208159,7.776889350602242,8.214164779073654
1899-08-01,7.8,7.347657299202507,7.8378865912258,8.331880660142279
1899-09-01,5.2,4.608798144271978,5.0465144461302796,5.537719660704105
1899-10-01,0.6,0.8904447158757134,1.3413329519652368,1.801152788296594
1899-11-01,-1.2,-2.774944549274068,-2.344642550061368,-1.8596476661417287
1899-12-01,-15.5,-4.854222159111095,-4.253403885819983,-3.649018195193458
1900-01-01,-5.8,-5.805847408171236,-5.290865799210302,-4.672299741623628
1900-02-01,-12.2,-5.063217291357657,-4.5513734225885845,-3.975104411062034
1900-03-01,-4.5,-3.257499492147589,-2.808443932343198,-2.298858210882949
1900-04-01,-2.8,-1.1223045893398087,-0.7152930258523187,-0.18741199726341987
1900-05-01,0.0,1.5573829666743437,2.054698231320711,2.4711905525373
1900-06-01,8.2,5.251747528718762,5.699515114163124,6.176192579679338
1900-07-01,7.1,7.343840943671624,7.800425372352109,8.24794022486065
1900-08-01,8.1,7.416760652264016,7.8642592051868,8.360493452207011
1900-09-01,5.2,4.646850648257447,5.06020315655045,5.5592889613621255
1900-10-01,-1.6,0.902214833096008,1.3811407793730515,1.8584796247080673
1900-11-01,0.1,-2.7791938698170027,-2.3052537683382766,-1.8288762973453803
1900-12-01,-4.1,-4.843278629800502,-4.220703737260321,-3.6022080333657986
1901-01-01,-11.4,-5.8568688426990505,-5.273251503068897,-4.648031628367694
1901-02-01,-14.8,-5.083331355037469,-4.530613580048653,-3.9445734870911795
1901-03-01,-6.0,-3.244551539724465,-2.7908875761361327,-2.2520403738515364
1901-04-01,1.0,-1.1028370801664649,-0.6954668151807452,-0.2001222771826378
1901-05-01,1.7,1.5899066327203222,2.055437953838002,2.510056298837109
1901-06-01,5.5,5.279411622006002,5.722749191383233,6.193235963843363
1901-07-01,10.4,7.353380849027011,7.823918938406572,8.304822168436537
1901-08-01,8.9,7.443340055339016,7.8830583818340605,8.373271180149057
1901-09-01,5.7,4.629851873847374,5.090428750034319,5.582042198535851
1901-10-01,1.6,0.9434532402148001,1.385047425616142,1.859035014750304
1901-11-01,-4.5,-2.7780209478200537,-2.309126903024519,-1.8250018018293284
1901-12-01,-7.5,-4.821846305492588,-4.213954216765185,-3.5910210764587074
1902-01-01,-2.6,-5.864461387933139,-5.255066442559835,-4.564778058009787
1902-02-01,-11.4,-5.088262469721128,-4.522163083257357,-3.907800065234948
1902-03-01,-1.0,-3.238722984924456,-2.804389437340426,-2.292812071430108
1902-04-01,0.0,-1.0828296947115161,-0.6984409514922512,-0.18791073456696375
1902-05-01,-0.1,1.5743523515982127,2.0424521782240492,2.4675552659778894
1902-06-01,2.9,5.2660696909459075,5.715645920017479,6.182539146450907
1902-07-01,5.2,7.332140101922477,7.828787335165186,8.249056828480061
1902-08-01,7.4,7.428460264917495,7.862723798664367,8.30632867243133
1902-09-01,3.7,4.61923995402144,5.071668770653627,5.533539682718858
1902-10-01,0.3,0.9135340388193364,1.3798083530739351,1.8253562521935203
1902-11-01,-8.6,-2.8241141080190237,-2.3160880889058135,-1.8638650923746352
1902-12-01,-11.8,-4.82801724167295,-4.247602180149235,-3.605140650577589
1903-01-01,-9.0,-5.858234142468029,-5.277899537700529,-4.62627261354794
1903-02-01,-3.2,-5.100555477356636,-4.526864068135167,-3.952735511389989
1903-03-01,-2.5,-3.277717003359082,-2.7931947466595535,-2.327008433028907
1903-04-01,-2.6,-1.1389892454967665,-0.6950102403147451,-0.23335001824467289
1903-05-01,3.4,1.5528571089343421,2.0632702328331485,2.468151247071097
1903-06-01,4.1,5.241414994626864,5.71756736782961,6.173443410994717
1903-07-01,6.6,7.34104061494486,7.810159888098726,8.274223881620458
1903-08-01,8.7,7.386219259325272,7.855596413380214,8.311675881496614
1903-09-01,5.3,4.603094207578057,5.084854997682122,5.560060131016376
1903-10-01,3.4,0.9174385240637147,1.382422974269042,1.8315465260085237
1903-11-01,-3.9,-2.794286208606231,-2.2958402018547486,-1.843389034585399
1903-12-01,-8.5,-4.811112563891896,-4.222877249838225,-3.60078180513985
1904-01-01,-9.5,-5.846996968994733,-5.253400805015774,-4.630367605162228
1904-02-01,-7.2,-5.121375543941097,-4.528839126148306,-3.9223699228012423
1904-03-01,-6.8,-3.3159992823263766,-2.771842508354192,-2.324989387801973
1904-04-01,0.1,-1.1126111275598893,-0.6731291858969866,-0.2551102741947577
1904-05-01,1.7,1.570710883645516,2.072258568465502,2.4931778552037653
1904-06-01,6.1,5.262247596776586,5.7330276126229185,6.208798316300507
1904-07-01,8.8,7.334851262062789,7.839992149471166,8.25823903944513
1904-08-01,8.0,7.435812640530101,7.882392750536893,8.382519621525189
1904-09-01,2.0,4.630276993853321,5.107247685711117,5.537730876442494
1904-10-01,0.3,0.9355268606693782,1.4196992459633329,1.840158119554876
1904-11-01,-3.3,-2.7643878524615193,-2.289092204929443,-1.8133808850825561
1904-12-01,-4.2,-4.806951814760357,-4.193693040423777,-3.5987998571737467
1905-01-01,-11.0,-5.814770013451307,-5.209228777587184,-4.604392173306592
1905-02-01,-2.9,-5.11456109134466,-4.492666192773533,-3.9194763889678526
1905-03-01,-1.1,-3.2176593765545145,-2.747127468739326,-2.268853528243823
1905-04-01,-1.8,-1.1158025684889097,-0.6570891598861287,-0.19790002045298694
1905-05-01,0.6,1.6604680915485626,2.0852810939434683,2.522349301139123
1905-06-01,9.2,5.275348166341719,5.753014105117975,6.203675986628212
1905-07-01,8.1,7.362820467731712,7.854839888715949,8.302791569695259
1905-08-01,9.3,7.466299952472664,7.900009834411778,8.37286749168278
1905-09-01,3.7,4.641208114450714,5.129832881364283,5.574091012026358
1905-10-01,-2.0,0.8941503257223705,1.4305904071245126,1.8519432648923628
1905-11-01,-3.0,-2.7209368932583766,-2.2897258336843387,-1.7841554315759376
1905-12-01,-5.9,-4.748499677522032,-4.200920384972928,-3.5738451884168128
1906-01-01,-6.6,-5.789627775487242,-5.219347500794318,-4.59297492822283
1906-02-01,-4.0,-5.085056987097894,-4.490522956611907,-3.9268269251831307
1906-03-01,-3.5,-3.229058790208089,-2.7562414598937153,-2.2923411631645796
1906-04-01,-0.6,-1.111015164072665,-0.6458925852009647,-0.2143769795447087
1906-05-01,0.5,1.5880047157216126,2.0861327682695823,2.5097227670075255
1906-06-01,5.0,5.3047146648757195,5.750997978676316,6.214880771321632
1906-07-01,4.9,7.381989041606577,7.855265589508782,8.298947078757365
1906-08-01,7.6,7.442332195178857,7.899392747388452,8.377537400617554
1906-09-01,2.4,4.680695596634602,5.122299457809563,5.553111158709139
1906-10-01,2.4,0.9112423033178231,1.4343592616513439,1.8461565701097393
1906-11-01,-2.1,-2.6912265477125357,-2.2763842533200958,-1.8199225827558467
1906-12-01,-8.5,-4.772752577265727,-4.180007083548837,-3.5966070908263523
1907-01-01,-13.3,-5.81537070494313,-5.202304344716353,-4.603066058249237
1907-02-01,-9.3,-5.060289862030862,-4.483381495414454,-3.92083522207293
1907-03-01,-2.5,-3.2211513692435316,-2.7340251889100333,-2.29354947631511
1907-04-01,-1.4,-1.1012721819415152,-0.6261874241051792,-0.18355637117590096
1907-05-01,0.3,1.6600326024536607,2.0915692169893916,2.5301596035253877
1907-06-01,6.2,5.334884492127076,5.786149043688653,6.193029724767534
1907-07-01,5.3,7.413568642084662,7.883164500246041,8.300371377121548
1907-08-01,7.4,7.504029042007853,7.945258243542341,8.412639992832963
1907-09-01,2.1,4.724303469691201,5.152768965836149,5.589606418939557
1907-10-01,3.5,0.9700658699496437,1.4743868281643369,1.9109719945152066
1907-11-01,-2.5,-2.6672301515794348,-2.216688250037983,-1.7898057460803027
1907-12-01,-4.8,-4.7050980665789055,-4.130762749411313,-3.574137184482665
1908-01-01,-13.0,-5.732338900553875,-5.141458258235447,-4.5512896481534
1908-02-01,-4.0,-4.979136822987314,-4.421766040220211,-3.879359233360591
1908-03-01,-2.9,-3.159143683512883,-2.682107712252255,-2.241801453927971
1908-04-01,-2.3,-1.054599495005927,-0.5985250760733656,-0.1092631113400344
1908-05-01,5.6,1.734309230280491,2.147579810827001,2.5851201491133455
1908-06-01,4.4,5.412494366126984,5.826688424932003,6.266277152545544
1908-07-01,8.6,7.500005688808752,7.934923877173305,8.369935009511446
1908-08-01,6.3,7.56924028404341,7.975495494937105,8.451095243363786
1908-09-01,5.2,4.780356149648981,5.210907415236008,5.635110691655393
1908-10-01,-3.8,1.0338232833559575,1.5097629390572302,1.9832546849075783
1908-11-01,-6.0,-2.65456386058091,-2.186987952489438,-1.7429117997865824
1908-12-01,-14.8,-4.671834363333667,-4.083899596170031,-3.5485518279350092
1909-01-01,-7.6,-5.680114343272378,-5.113233141821582,-4.491669685759908
1909-02-01,-8.7,-4.958272955999,-4.391735944198901,-3.8135604648700565
1909-03-01,-8.3,-3.106056946124037,-2.6506625652388855,-2.1892106673389193
1909-04-01,-2.4,-0.9839117428934527,-0.5553545099034526,-0.031084507481617722
1909-05-01,-1.0,1.7370700486917072,2.1863522285238144,2.62276706838063
1909-06-01,5.3,5.427190506204897,5.855475094644927,6.333083599363062
1909-07-01,8.3,7.530455159966275,7.969618884983035,8.40625525098551
1909-08-01,8.0,7.608343670170635,8.020967413207334,8.499631253920695
1909-09-01,5.2,4.806662098903215,5.2715421056818785,5.713417854886392
1909-10-01,0.6,1.0765987695656536,1.5528758330537322,2.047735427037369
1909-11-01,-6.4,-2.5742791132210896,-2.117628111661892,-1.6639423135914737
1909-12-01,-3.9,-4.599893380747689,-4.021296946694244,-3.412375314829711
1910-01-01,-5.0,-5.6013159379303765,-5.040827622168273,-4.423925708066744
1910-02-01,-6.0,-4.890102050999017,-4.321576688773245,-3.7575280750720923
1910-03-01,-2.5,-3.055622286510102,-2.573050292106219,-2.0935684230692737
1910-04-01,-1.9,-0.9191659385376573,-0.4817092836275617,0.01797664912628002
1910-05-01,1.4,1.81796898517075,2.2600947864723118,2.7266568107900033
1910-06-01,8.3,5.518888881659154,5.937658015527429,6.419872373325381
1910-07-01,9.0,7.589567525659119,8.052645438559459,8.493012636294884
1910-08-01,9.3,7.683853396054507,8.10117867304665,8.600063674837802
1910-09-01,2.0,4.898429748913777,5.331938237325773,5.809138829942093
1910-10-01,2.3,1.1391148529546904,1.627242683364508,2.163884549606522
1910-11-01,-4.2,-2.48880848460218,-2.036989172974326,-1.5843559992947671
1910-12-01,-3.8,-4.510970674373746,-3.9574785321375434,-3.3179198058973243
1911-01-01,-9.6,-5.503976716323119,-4.9771551268454965,-4.3273344938099925
1911-02-01,-7.7,-4.821466289076913,-4.254070334021128,-3.6683487875632386
1911-03-01,-1.6,-2.9283052251606043,-2.513647916644322,-1.976686313933183
1911-04-01,-4.6,-0.8390660049803558,-0.384626426761442,0.09305352892552766
1911-05-01,3.4,1.9155460960405075,2.348355116761041,2.838494710190933
1911-06-01,3.8,5.606226205806022,6.0367518836731,6.5252781264573585
1911-07-01,5.7,7.726237919080753,8.14590369983878,8.600217447057329
1911-08-01,9.1,7.77836049973352,8.207715196135787,8.715363083060359
1911-09-01,4.5,4.972499275161645,5.421749894788303,5.902178968367688
1911-10-01,0.1,1.22932939091661,1.7092285824284543,2.2763475988661055
1911-11-01,-1.7,-2.4037450780762746,-1.9516228977997818,-1.452338623092363
1911-12-01,0.1,-4.453668309244289,-3.8552289184096606,-3.216809440164797
1912-01-01,-7.6,-5.482621559162431,-4.905422409085116,-4.195853764213701
1912-02-01,-14.4,-4.736684780428229,-4.14497466413815,-3.5133328552864365
1912-03-01,0.6,-2.878467357563599,-2.4212080822990423,-1.895886724710214
1912-04-01,-1.1,-0.7715946148372377,-0.30282416009486035,0.23182065366377594
1912-05-01,2.3,1.9770637128521256,2.4321055392818014,2.924427207569763
1912-06-01,8.2,5.630340463200938,6.102817624114442,6.608967809422417
1912-07-01,9.2,7.766390658731757,8.194695257442508,8.675125948300991
1912-08-01,8.3,7.813115964035069,8.249012657802938,8.815404819049613
1912-09-01,1.7,5.022451782966389,5.463171468636352,5.972665886647012
1912-10-01,-1.3,1.269540699067354,1.7501560562212881,2.3288032266080814
1912-11-01,-1.5,-2.363726019013908,-1.9375274208005666,-1.373788459089027
1912-12-01,-0.9,-4.430921152577055,-3.839355091860119,-3.1591527377995603
1913-01-01,-4.1,-5.469065750927946,-4.8725182103949525,-4.1853543501619
1913-02-01,-6.8,-4.671329075343056,-4.127267403967232,-3.525276737103831
1913-03-01,-1.8,-2.858155416109208,-2.4043785692634043,-1.905475646578626
1913-04-01,-2.2,-0.7563128543653361,-0.29194340003475544,0.21923851354692253
1913-05-01,4.2,2.0145049847908245,2.4453086983346757,2.968838326505293
1913-06-01,7.3,5.640917058775159,6.129630469449492,6.665538411605772
1913-07-01,5.4,7.756315034601358,8.203815114809679,8.735647971006411
1913-08-01,6.4,7.830094740917872,8.256211661186928,8.814600750173604
1913-09-01,6.7,5.035009783260066,5.471477585172856,6.042093771119625
1913-10-01,0.4,1.3006886673323799,1.7592090944248118,2.3533159611577403
1913-11-01,2.7,-2.3423662804750656,-1.9037279010005466,-1.4136136557655723
1913-12-01,-5.4,-4.402541010949984,-3.828611737248895,-3.1882494008301494
1914-01-01,-11.6,-5.469362986917278,-4.864361045649288,-4.195342085352138
1914-02-01,-1.3,-4.681526462373718,-4.130882037573937,-3.5353200810253913
1914-03-01,-0.5,-2.878979979532506,-2.4151882261416455,-1.8754906310455501
1914-04-01,1.3,-0.7711972254180501,-0.3271148520831614,0.2150567464195766
1914-05-01,0.1,1.9876744782898021,2.4062696859273114,2.9345485778267726
1914-06-01,4.0,5.646822742578144,6.082121696517544,6.57872370090779
1914-07-01,8.4,7.751601607023973,8.172858686428588,8.694983355362618
1914-08-01,9.3,7.744870931148755,8.222716691965157,8.727195987688026
1914-09-01,6.3,4.988908764521888,5.4277557303910156,5.916349937286927
1914-10-01,1.9,1.2495141201351267,1.6821180596342358,2.245302732686945
1914-11-01,-7.6,-2.4099633331793933,-1.9957418686872361,-1.5059906068900772
1914-12-01,-6.2,-4.486028271350729,-3.9007225449369107,-3.2836138109800665
1915-01-01,-7.9,-5.508306752938489,-4.956556073573035,-4.307786404453339
1915-02-01,-5.0,-4.765441130600221,-4.2241862893773385,-3.6432769804711094
1915-03-01,-4.7,-2.967183602315292,-2.498396602715753,-1.998793200063981
1915-04-01,-0.9,-0.8508257324205075,-0.4008766991861541,0.09731545881015559
1915-05-01,0.2,1.9040159238035377,2.338572037762291,2.7891352208628852
1915-06-01,6.5,5.580757935489177,5.988509875750369,6.475706693443401
1915-07-01,7.9,7.665985834242885,8.103586081552473,8.536219250481723
1915-08-01,7.2,7.70497154743863,8.133082131998144,8.618604510509382
1915-09-01,5.0,4.905674619281986,5.36518723206351,5.847989841660679
1915-10-01,-0.6,1.1786905999421566,1.6245427403904698,2.171955305741191
1915-11-01,-10.4,-2.494755210425171,-2.0492149370195865,-1.5707786161752215
1915-12-01,-2.2,-4.5317605649437205,-3.9771285128654403,-3.365168644867083
1916-01-01,-1.5,-5.550274421212882,-5.0214140105316485,-4.413792031798335
1916-02-01,-5.2,-4.818997522899894,-4.303357333099795,-3.7388945153731914
1916-03-01,-3.1,-2.9844592912407593,-2.5755022376659626,-2.0576787210980676
1916-04-01,-1.0,-0.8931851393827313,-0.4656978875112071,-0.00042980337251295286
1916-05-01,1.7,1.8503186997814096,2.2505084059040397,2.7173319641403118
1916-06-01,2.8,5.490208735759763,5.906120895166586,6.380923476728018
1916-07-01,7.3,7.609637888702527,8.01489444128304,8.404558248573167
1916-08-01,7.1,7.6245196389819005,8.074822668844279,8.508609406273616
1916-09-01,5.9,4.837916798476268,5.268707087625734,5.725103947650504
1916-10-01,-2.2,1.1010477023550471,1.5437255354134813,2.048146349546513
1916-11-01,-3.7,-2.5502726634902753,-2.125202464675361,-1.6789067489427851
1916-12-01,-3.1,-4.5943012230314215,-4.046613113657971,-3.458369346321002
1917-01-01,-13.0,-5.6657263386287875,-5.1022181664840955,-4.497899483068532
1917-02-01,-16.2,-4.876635745171456,-4.368535412987427,-3.7967799772893636
1917-03-01,-6.7,-3.0668367706951116,-2.6355748465911333,-2.126667273464833
1917-04-01,-2.0,-0.9753582164783408,-0.5380524314327875,-0.06204543955590907
1917-05-01,3.2,1.7431892584819964,2.190227899321001,2.6241709418578187
1917-06-01,7.3,5.408567861897436,5.84673190340885,6.307592191596478
1917-07-01,8.0,7.496805779970162,7.965037304919307,8.365683443659302
1917-08-01,9.3,7.531988093301448,8.011190936033678,8.475459968678416
1917-09-01,4.4,4.771935510750262,5.209496571744171,5.6557816185605585
1917-10-01,0.1,1.0169213304790754,1.5013455928024124,1.9814567685175413
1917-11-01,-0.8,-2.6027054008025736,-2.205063708458729,-1.722152240485326
1917-12-01,-9.2,-4.671113810266419,-4.0957770450418245,-3.5313526945401317
1918-01-01,-8.9,-5.675068757341225,-5.15047364888226,-4.5959416841519065
1918-02-01,-6.9,-4.958046499571905,-4.433323044749022,-3.8547024449046807
1918-03-01,-4.7,-3.173979752705215,-2.694803035952368,-2.2094407875958204
1918-04-01,-2.3,-0.9961134687662961,-0.5930977285468262,-0.16265447708290048
1918-05-01,4.3,1.7203979213370615,2.1372736939720927,2.5533251094047578
1918-06-01,4.7,5.3764132382688405,5.792415501668369,6.240790616999009
1918-07-01,7.6,7.465674547169071,7.914269893714213,8.319772976680904
1918-08-01,6.4,7.489935223861115,7.963993843960983,8.418134751382865
1918-09-01,2.4,4.73336171303868,5.1744036682063665,5.624306446361937
1918-10-01,1.4,1.008478905054248,1.4442194142124962,1.9397063280843814
1918-11-01,-5.6,-2.6837090254930835,-2.242141452975307,-1.771227144326272
1918-12-01,-1.8,-4.6877341998404045,-4.168088289667947,-3.5994577300916113
1919-01-01,-6.0,-5.734727257468085,-5.191405421177788,-4.666488086571266
1919-02-01,-13.8,-5.021424796970245,-4.460089722648872,-3.9181061629922644
1919-03-01,-2.8,-3.1856309359281365,-2.727570694480945,-2.27764681493424
1919-04-01,-2.7,-1.0256859175394568,-0.6283833495897451,-0.21702589879462733
1919-05-01,3.6,1.6903846883380533,2.075316826949334,2.53291956792355
1919-06-01,5.2,5.33387463914537,5.746602689814537,6.202745805655635
1919-07-01,6.0,7.401618011647139,7.862490936593453,8.280141016164507
1919-08-01,5.7,7.47521872026033,7.908243024606383,8.36139666601906
1919-09-01,1.8,4.708031176203114,5.132463098929854,5.5407752462826
1919-10-01,-0.9,0.9327953128578014,1.4105281452076197,1.9007343294842822
1919-11-01,-4.8,-2.74181110104924,-2.2866264333985074,-1.8361246638817608
1919-12-01,-4.5,-4.73040101391813,-4.195090422731726,-3.61765110736577
1920-01-01,-4.9,-5.782947600949316,-5.2343666409209675,-4.679115670004267
1920-02-01,-1.8,-5.07232327083171,-4.491535977929505,-3.941363374370409
1920-03-01,-0.8,-3.2438520247303444,-2.763577827814544,-2.303712199687478
1920-04-01,1.9,-1.0877434965796313,-0.6731680177536534,-0.24231252600946643
1920-05-01,1.5,1.6085847402134943,2.045267625509529,2.515902048639116
1920-06-01,5.2,5.270774759313492,5.71617413371553,6.197412462518723
1920-07-01,7.2,7.388374107601037,7.814772087957552,8.272411482547811
1920-08-01,6.9,7.407526393285276,7.850274970531821,8.350011291101977
1920-09-01,5.6,4.611207960179466,5.086022605879563,5.50721675017906
1920-10-01,-1.2,0.8888788505782298,1.3657506511091295,1.8531646505465582
1920-11-01,-5.8,-2.8312318543065524,-2.324737181239132,-1.878025176480844
1920-12-01,-10.8,-4.804037696660533,-4.259565634002145,-3.720656857947498
1921-01-01,-4.3,-5.856018535352214,-5.278348601010277,-4.7632578045420315
1921-02-01,-5.0,-5.135393345129495,-4.553201115059233,-4.037889014642444
1921-03-01,-2.2,-3.3696423439158965,-2.841575730470577,-2.3708397656380793
1921-04-01,-2.8,-1.1745661641229261,-0.7307175488399443,-0.27955158862485996
1921-05-01,0.0,1.5527238813935844,1.9654796684926703,2.435200937422387
1921-06-01,6.0,5.167642709200271,5.649404750957121,6.079593523933955
1921-07-01,4.9,7.281257800482834,7.747013857294061,8.224340003876993
1921-08-01,6.3,7.343637572929827,7.82092934320495,8.245586208082647
1921-09-01,2.4,4.537647360622188,5.01668639540964,5.4391059407582585
1921-10-01,-1.1,0.7929605133013677,1.3151842745139706,1.7731994576322518
1921-11-01,-10.7,-2.923122669948597,-2.3823576939347064,-1.91257473304415
1921-12-01,-12.1,-4.904015126313319,-4.296793727833927,-3.768092282761253
1922-01-01,-10.4,-5.951466375233242,-5.327415489649901,-4.799186815566334
1922-02-01,-11.5,-5.146765797704088,-4.609667006284935,-4.073217002398173
1922-03-01,-3.8,-3.419205542162237,-2.865554695220529,-2.4271177568969518
1922-04-01,-3.4,-1.2377724414932574,-0.7582202310443052,-0.34135762811889864
1922-05-01,0.0,1.4801851789751201,1.9579610149757287,2.4065135984512542
1922-06-01,4.7,5.1456269506781895,5.632097876319469,6.055117993727126
1922-07-01,8.1,7.269595273238748,7.733625203024943,8.186762283642196
1922-08-01,7.2,7.320214115536517,7.788341640403489,8.244914215383687
1922-09-01,3.8,4.5549124948959125,5.015773627376144,5.454583983119117
1922-10-01,-5.2,0.8023964468082584,1.3176598343510175,1.7712180274915401
1922-11-01,-2.9,-2.9010145830566847,-2.375992671709449,-1.9322761546959002
1922-12-01,-2.9,-4.878787990186776,-4.276453485927359,-3.7767848863107987
1923-01-01,-4.7,-5.881927032629819,-5.319198625137886,-4.768014777245905
1923-02-01,-4.5,-5.12822836548854,-4.591792103787005,-4.097954848823053
1923-03-01,-0.7,-3.3525408959626852,-2.856602430660516,-2.378040023927746
1923-04-01,-1.4,-1.253978305070107,-0.7530614722529734,-0.2937599746495587
1923-05-01,1.3,1.5364167650938982,1.9738492807514239,2.434869837963282
1923-06-01,3.3,5.183169301680034,5.646177476561403,6.1040784037359685
1923-07-01,6.4,7.262887502547055,7.745369034017542,8.21231703428783
1923-08-01,6.8,7.316175855823072,7.8159053117461985,8.238365474050271
1923-09-01,5.2,4.543119177745228,5.024531841767636,5.4951954629949675
1923-10-01,2.1,0.7949792322676388,1.3355502920513849,1.774461616581554
1923-11-01,-4.9,-2.8715875932503465,-2.358088100605953,-1.9124756480948928
1923-12-01,-10.6,-4.8491672187303125,-4.265436905969852,-3.7551241059305567
1924-01-01,-7.3,-5.8498917575372475,-5.2932292745791365,-4.75688835067789
1924-02-01,-8.6,-5.131780724103059,-4.561181497996493,-4.064195230695877
1924-03-01,-2.9,-3.325677655906823,-2.839951665557562,-2.3550023887130243
1924-04-01,-1.7,-1.1907286558791437,-0.7204421237959902,-0.24494415343165257
1924-05-01,3.3,1.5114311741082636,2.0007760965474173,2.433060483583865
1924-06-01,5.2,5.203876403933164,5.687949102015426,6.106269094554652
1924-07-01,8.5,7.308937437046859,7.785272608546854,8.240470215860215
1924-08-01,6.3,7.356348976158493,7.838378813765521,8.294271374586065
1924-09-01,4.5,4.589793515892069,5.0584304284618025,5.460865641437388
1924-10-01,0.1,0.855135750756383,1.353657891003154,1.7904377437071384
1924-11-01,-5.4,-2.83363254791999,-2.3304685465696795,-1.8993013086587134
1924-12-01,-5.7,-4.808383170822658,-4.247760311043825,-3.739708376089601
1925-01-01,-4.1,-5.816076554035537,-5.262979902793445,-4.737610381763334
1925-02-01,-2.2,-5.06306173703829,-4.529683278851757,-4.023828530332504
1925-03-01,-7.5,-3.318154843379196,-2.8135242794920634,-2.3449832339791383
1925-04-01,0.8,-1.1946376105124885,-0.6979976645786649,-0.22655081532477553
1925-05-01,3.2,1.6034889218961514,2.025406286089461,2.4764995269756107
1925-06-01,4.5,5.2630116413801895,5.711955997161155,6.131148941790335
1925-07-01,7.4,7.376964492847495,7.8088613493175165,8.24720555108781
1925-08-01,8.1,7.380952141374539,7.848151410093199,8.319663912151727
1925-09-01,3.3,4.619227507447651,5.098434540853084,5.524361397752081
1925-10-01,1.2,0.9288769602369795,1.3613845883707612,1.8263255075791531
1925-11-01,-6.4,-2.787216280511816,-2.3073374138435687,-1.8924585692744738
1925-12-01,-9.3,-4.747535294853343,-4.214066110018378,-3.7066082842438974
1926-01-01,-9.5,-5.812696035586649,-5.24834093871843,-4.720891873592949
1926-02-01,-0.8,-5.043817404037884,-4.509005646026976,-4.021406237677178
1926-03-01,-3.8,-3.26688727778094,-2.7922428922131495,-2.3124544477849556
1926-04-01,1.2,-1.1520794079966088,-0.674805082757842,-0.20663486335217135
1926-05-01,-1.5,1.656730402240647,2.0403166911656054,2.527794547565613
1926-06-01,4.1,5.238154044977358,5.718273128013678,6.191878898307798
1926-07-01,7.9,7.392824331444556,7.815937826608817,8.294323012364853
1926-08-01,7.2,7.434020844170943,7.891479910582097,8.36291341255495
1926-09-01,4.0,4.642587138199942,5.105329904732503,5.501549561608806
1926-10-01,-0.9,0.9156295610449434,1.3928442788154412,1.8519542412445291
1926-11-01,-0.7,-2.7594499506196573,-2.2831254600791606,-1.8473870145526143
1926-12-01,-5.6,-4.742588895680779,-4.194652201758955,-3.6705393469907968
1927-01-01,-2.6,-5.766649097729496,-5.23516088356625,-4.711631358165409
1927-02-01,-4.5,-5.002010273309697,-4.481451700010812,-3.986080310027407
1927-03-01,-1.8,-3.2452771102445777,-2.777437003512456,-2.3403219161074156
1927-04-01,-0.2,-1.1370000250460597,-0.6650405063894167,-0.20971051032368754
1927-05-01,-1.1,1.6351738433338583,2.0547154391794575,2.4856942900600485
1927-06-01,6.1,5.261218743175642,5.737380963393491,6.1935206347318275
1927-07-01,8.7,7.380480350265895,7.834804313216349,8.25974157099704
1927-08-01,7.5,7.437525695243879,7.865577465397598,8.317165427480406
1927-09-01,4.3,4.600564180264654,5.104379557657368,5.519600095513781
1927-10-01,2.1,0.882835345128685,1.3797110638618673,1.8295154150702175
1927-11-01,-4.2,-2.851867484933889,-2.314779474094305,-1.8744348932841308
1927-12-01,-14.5,-4.820263267624053,-4.203680807163401,-3.6973564625530884
1928-01-01,-4.9,-5.8184492970774295,-5.250512917192024,-4.719507608023176
1928-02-01,-3.1,-5.098284806347798,-4.521560725465402,-4.040948867215892
1928-03-01,-5.2,-3.251418430481289,-2.8032493797796847,-2.3249145073196864
1928-04-01,-1.0,-1.1404846395869737,-0.7015700318503374,-0.20907830517591708
1928-05-01,-0.7,1.5978755720678315,2.0310671263645883,2.48516642013213
1928-06-01,3.4,5.196913145176305,5.716452973799015,6.1545414324826995
1928-07-01,7.5,7.3165923592458695,7.807335139500301,8.292856878888944
1928-08-01,7.7,7.38371710228436,7.869221459844148,8.329765874818188
1928-09-01,1.4,4.626214959693693,5.083923942756764,5.545674007928067
1928-10-01,-1.8,0.927622795636276,1.3653929469488162,1.8750321658758966
1928-11-01,-4.7,-2.8373003644401615,-2.3127460633693455,-1.8653917964221256
1928-12-01,-6.6,-4.808237391863755,-4.209227329023136,-3.6928717350993825
1929-01-01,-11.2,-5.784231090482145,-5.24701872321293,-4.702070688930641
1929-02-01,-17.5,-5.054586326655179,-4.515947357470664,-3.9742776771778585
1929-03-01,-8.9,-3.2507299281387767,-2.8025292139975004,-2.307710565928742
1929-04-01,-4.2,-1.1333555661747237,-0.6628463005616092,-0.21957743658030252
1929-05-01,-1.1,1.596626549243238,2.042953109024046,2.5145384076201465
1929-06-01,4.9,5.2939121047882285,5.7458997524427495,6.188812223315447
1929-07-01,5.2,7.39483343681727,7.841671451911653,8.274832849811933
1929-08-01,7.3,7.441393651979383,7.912274777303132,8.331945944231043
1929-09-01,6.6,4.6685947277105075,5.137113221185474,5.568540509024571
1929-10-01,1.3,0.9713526838118111,1.4237881194089106,1.9172435613209984
1929-11-01,-0.7,-2.740096013585973,-2.27024466581857,-1.8186492284191778
1929-12-01,-6.5,-4.680006612916014,-4.16071001609707,-3.642176510440073
1930-01-01,-2.5,-5.744161055504912,-5.180327839781945,-4.625208252951793
1930-02-01,-4.7,-5.001115482592018,-4.47412871003986,-3.9398849260052677
1930-03-01,-1.2,-3.157186577819694,-2.7444495186805433,-2.2606208391979608
1930-04-01,0.2,-1.0450414359923572,-0.6208396192971742,-0.17689359074083003
1930-05-01,0.3,1.6474117515007964,2.1052352731284207,2.54949685789554
1930-06-01,7.0,5.335970261622235,5.783325714916523,6.18109695689442
1930-07-01,8.1,7.407000261894454,7.87391340026479,8.303768731813982
1930-08-01,7.9,7.482649546586497,7.936356248832325,8.372562733132142
1930-09-01,4.6,4.682706347920667,5.162540485243322,5.597456349054396
1930-10-01,1.7,0.9917475195124313,1.448448348990276,1.910284424477866
1930-11-01,-2.0,-2.708432977126687,-2.2547158028412095,-1.8163514846690927
1930-12-01,-4.5,-4.719995722270551,-4.170224080417444,-3.6252627537296576
1931-01-01,-5.5,-5.756454651194059,-5.194350203124523,-4.663167929271046
1931-02-01,-8.9,-5.029863075425629,-4.465910744536929,-3.9098202462733984
1931-03-01,-9.1,-3.1678314134374137,-2.725498459837141,-2.278237072729641
1931-04-01,-2.6,-1.0403169737306106,-0.6131404834302698,-0.16193585918423717
1931-05-01,3.9,1.6532224342383481,2.1148776943250143,2.5750928137148317
1931-06-01,5.9,5.340441416583635,5.8132978175165695,6.202198688316283
1931-07-01,7.4,7.445636820979224,7.897963004749188,8.314602644558372
1931-08-01,5.2,7.509783338517108,7.956449068266783,8.417895836081419
1931-09-01,0.4,4.726262377470332,5.190726066598822,5.624232904886867
1931-10-01,-6.4,1.0259865026247703,1.463772300941601,1.9320567366784873
1931-11-01,-1.5,-2.6995868526421276,-2.218593876135907,-1.793029969912873
1931-12-01,-5.3,-4.722936879092544,-4.121310754098097,-3.609700197288139
1932-01-01,-4.9,-5.7245590214242625,-5.149455809736736,-4.630278420297568
1932-02-01,-9.6,-4.987277288402904,-4.430584939654075,-3.909870399381652
1932-03-01,-6.8,-3.1269417497984437,-2.6976204193758324,-2.241919365163068
1932-04-01,-0.4,-0.9934862128557211,-0.5716454256845621,-0.12156895461666482
1932-05-01,0.4,1.7437291464627358,2.1563813085871573,2.596648412583593
1932-06-01,6.1,5.388717108004658,5.835354913465933,6.274257296389585
1932-07-01,8.9,7.504543744537331,7.949555381691209,8.367786114316758
1932-08-01,10.7,7.558960230155074,7.99775987918474,8.47094281253556
1932-09-01,5.5,4.776878620309976,5.220440162850686,5.685212764249559
1932-10-01,2.3,1.0511160548778753,1.507238508121536,1.997427180907653
1932-11-01,-1.9,-2.6384775605121744,-2.1841362518289076,-1.7420847241168254
1932-12-01,-5.0,-4.658187000512073,-4.0858691058234395,-3.547752708537859
1933-01-01,-11.1,-5.672089649609252,-5.113186573231625,-4.552325256636487
1933-02-01,-6.2,-4.905539108482451,-4.399900820434825,-3.8741602391709056
1933-03-01,-2.2,-3.1031637783596366,-2.6671967270478483,-2.188664080841633
1933-04-01,-1.2,-0.9817139825376299,-0.5464906779613998,-0.11236728368565406
1933-05-01,2.3,1.7973292326585661,2.1742232402618296,2.663380223849435
1933-06-01,5.7,5.417384851844671,5.85036751756315,6.278861476102853
1933-07-01,7.1,7.549230377387253,7.9662907543946355,8.410156722037025
1933-08-01,9.3,7.596283742778984,8.015362254460072,8.446808929423778
1933-09-01,6.3,4.809004776179557,5.2482969905870025,5.693851948943402
1933-10-01,0.1,1.129329750586413,1.538716324472193,2.0320785716567826
1933-11-01,-2.8,-2.584015358470529,-2.1532038044536455,-1.7224754354001828
1933-12-01,-12.2,-4.583815994359065,-4.0634734078760495,-3.546624431366099
1934-01-01,-4.8,-5.633375663451019,-5.083263314182076,-4.49137560601823
1934-02-01,-8.0,-4.862746198310889,-4.365174009350363,-3.7802783308635806
1934-03-01,-3.8,-3.034217531296403,-2.6219090661117077,-2.1821940597235843
1934-04-01,1.3,-0.9219782586598394,-0.49658639164118046,-0.03372382829147654
1934-05-01,0.9,1.8192119375233327,2.2247253908638873,2.66409181382282
1934-06-01,6.7,5.475258623178691,5.891548123777206,6.355566708849906
1934-07-01,8.3,7.606803614062007,8.00325019566531,8.436984173395826
1934-08-01,7.5,7.626988802962735,8.043860190590486,8.488571996662207
1934-09-01,5.8,4.841025688755984,5.29190642815133,5.71139815360628
1934-10-01,2.1,1.1575566301963736,1.5721335131194558,2.0619760006233223
1934-11-01,-3.4,-2.5337614830231607,-2.1182024234151635,-1.6918860413958914
1934-12-01,-0.9,-4.524710730319718,-4.00783896126619,-3.4519320004219765
1935-01-01,-7.2,-5.5671191621111396,-5.035935922985431,-4.425662887659395
1935-02-01,-8.0,-4.833938663578424,-4.316734617254571,-3.7580780284638227
1935-03-01,-5.6,-3.0025575118729484,-2.5916658011132,-2.1577759061487134
1935-04-01,-2.1,-0.9297748823551779,-0.46232245429488594,-0.013413681664663512
1935-05-01,-1.1,1.8655090547160953,2.2571934139384995,2.6989936741331606
1935-06-01,7.2,5.482494600709179,5.915210867819092,6.3769530748052645
1935-07-01,6.9,7.634271824946096,8.023706280467255,8.464415109831814
1935-08-01,8.5,7.680968204293216,8.086376352258245,8.561088806895189
1935-09-01,4.9,4.861374843436963,5.341223022534704,5.765193557486276
1935-10-01,-2.0,1.1836729145293858,1.6079947553791727,2.1123900488836167
1935-11-01,-2.8,-2.519184626873987,-2.081901884167615,-1.6318459704973556
1935-12-01,-4.7,-4.51688936243383,-3.9854195627091906,-3.465971588764653
1936-01-01,-4.0,-5.583024725763606,-5.00687587919948,-4.399103572257853
1936-02-01,-8.7,-4.803734978655094,-4.296188164131173,-3.6955432602028315
1936-03-01,-1.6,-2.9629461083861766,-2.5525702164289337,-2.108891402116077
1936-04-01,-1.9,-0.9082301314766762,-0.4156844698957698,0.026393611437155313
1936-05-01,1.4,1.8806722111756646,2.2948292589778765,2.7414271659880725
1936-06-01,0.9,5.545406975042987,5.96116719486262,6.405925270728423
1936-07-01,9.5,7.65520781185571,8.064851381400302,8.54120541249014
1936-08-01,7.9,7.731936539997618,8.121406133146897,8.570419172985613
1936-09-01,1.3,4.937113895826913,5.358012824199401,5.795234390351512
1936-10-01,-1.4,1.1934285139479763,1.6468145704089092,2.1851054174174545
1936-11-01,-3.7,-2.444567814189262,-2.0326185917385153,-1.57885652959041
1936-12-01,-4.0,-4.504001109311434,-3.925855946622818,-3.3710426022689157
1937-01-01,-5.3,-5.565549987588093,-4.946287640825723,-4.352244066775528
1937-02-01,-1.0,-4.7604087409839035,-4.2351279313711565,-3.663745735321898
1937-03-01,-1.9,-2.9013887370762026,-2.4916715704441623,-2.039934072457408
1937-04-01,1.9,-0.8162537208696052,-0.3760903581202363,0.08248337210273786
1937-05-01,4.1,1.9748035042717487,2.361552769664521,2.7849785489526537
1937-06-01,5.4,5.609029610420834,6.025971509942655,6.460071419351977
1937-07-01,6.5,7.714857438958763,8.11796642180385,8.559758730499818
1937-08-01,9.9,7.796596131435468,8.174476547655743,8.61325011151681
1937-09-01,5.5,4.963543378632544,5.40816193817897,5.8670195002253305
1937-10-01,4.1,1.257437533793985,1.6920928445108623,2.2391548401932395
1937-11-01,-2.4,-2.394273642729038,-2.0067267497100483,-1.5128322544474506
1937-12-01,-5.1,-4.486380293799174,-3.9067511037192415,-3.320860233375894
1938-01-01,-8.5,-5.499341444628483,-4.9293042372723335,-4.312163433336395
1938-02-01,-5.6,-4.768809031233503,-4.20971965017746,-3.576737735967095
1938-03-01,-0.4,-2.910554924216476,-2.4874900838972867,-2.0024440067423255
1938-04-01,-3.4,-0.8436680344130665,-0.3625057369483803,0.12575686229609748
1938-05-01,0.7,1.9539823223508428,2.3691393444308932,2.823539716768337
1938-06-01,5.4,5.5898996255611975,6.019450278076409,6.500617470152165
1938-07-01,8.6,7.734689347063977,8.12797777262482,8.618718448709311
1938-08-01,8.2,7.784859469429682,8.183859363563922,8.63030092265321
1938-09-01,2.7,4.969447887111531,5.406964204369404,5.9049355314695555
1938-10-01,-1.6,1.2416148918219934,1.6849245673064202,2.2382639413543433
1938-11-01,1.3,-2.4262102963772456,-2.000735305696355,-1.4923724074902376
1938-12-01,-14.8,-4.499137225824218,-3.8697045971902195,-3.2847253133331673
1939-01-01,-3.7,-5.507633664861053,-4.9269607022336395,-4.230375909180407
1939-02-01,-9.1,-4.785793665622077,-4.18118302944167,-3.5604702421462564
1939-03-01,-4.6,-2.9264622492925634,-2.4635994091662936,-1.9568598408118398
1939-04-01,2.1,-0.830268297762105,-0.3426563510398105,0.1386858060932096
1939-05-01,3.0,1.9310949474483519,2.368104722261765,2.841241966348004
1939-06-01,2.7,5.577804101054012,6.027925943131068,6.498602486953523
1939-07-01,8.0,7.728842571330785,8.137899367940665,8.644974518955282
1939-08-01,8.7,7.772318273117892,8.177407140690606,8.63838215931281
1939-09-01,1.5,4.967749006006715,5.393899785534192,5.905075808975102
1939-10-01,-0.1,1.1773952463630954,1.6863401344777058,2.203650615944312
1939-11-01,-2.9,-2.4430036248952574,-2.00402635514782,-1.5113279058464217
1939-12-01,-7.6,-4.518594801406221,-3.9203792764250243,-3.301459867434662
1940-01-01,-18.4,-5.5385549133695,-4.935452366196875,-4.259063963367128
1940-02-01,-15.3,-4.799339103585493,-4.203781780257636,-3.5986770034379076
1940-03-01,-3.8,-2.955439606272083,-2.4978886715659305,-2.0187580477974834
1940-04-01,0.3,-0.8577215679092721,-0.3928123703432712,0.07780984227679272
1940-05-01,2.3,1.9333908539968594,2.344207122365467,2.8025835863589155
1940-06-01,6.5,5.558247285915538,6.018229545888357,6.471371527524913
1940-07-01,8.2,7.67174991712403,8.131310388384623,8.567562534279077
1940-08-01,5.7,7.732884366639026,8.17846918122054,8.61194207132616
1940-09-01,2.6,4.9587608809780255,5.382328050192045,5.86823092083695
1940-10-01,-5.3,1.183610780801702,1.6688074262914936,2.207592328171976
1940-11-01,-2.8,-2.490919531002172,-2.007341137476856,-1.518926697232501
1940-12-01,-8.7,-4.539864418756425,-3.9364694039033266,-3.339916654706454
1941-01-01,-10.2,-5.555302496259633,-4.953968919051551,-4.279619889489458
1941-02-01,-8.2,-4.773356145115163,-4.216629084433814,-3.57986574209252
1941-03-01,-2.8,-2.940501031979411,-2.486751549301069,-2.0407232934198585
1941-04-01,-1.5,-0.8079945958776326,-0.36682079977776605,0.078500475627635
1941-05-01,-1.1,1.9272798775006925,2.359799457245022,2.785262601857296
1941-06-01,3.9,5.596337027208766,6.024958679969684,6.458431940870743
1941-07-01,7.5,7.705108720243714,8.148002369431225,8.570874601468265
1941-08-01,8.8,7.765008335383645,8.213529838163181,8.613142330162837
1941-09-01,4.4,5.029091722889942,5.411020939600092,5.910969083031014
1941-10-01,0.0,1.2377587399595735,1.7282047688841318,2.2397226054891437
1941-11-01,-4.7,-2.4157924155066586,-1.9794088048432101,-1.4991217007503213
1941-12-01,-8.7,-4.4544373065009895,-3.858466835914942,-3.3022685758725916
1942-01-01,-17.6,-5.46579389039152,-4.901308042909779,-4.222801504422572
1942-02-01,-14.1,-4.734961470563989,-4.153268140838666,-3.5440029274620986
1942-03-01,-3.5,-2.8589720445404367,-2.424177368756792,-1.9610366763821394
1942-04-01,2.2,-0.7756295547778816,-0.2949693084365599,0.14556418926627274
1942-05-01,-0.6,2.0208449029458606,2.424442306950947,2.8838040687598365
1942-06-01,5.8,5.681363117919784,6.092821861775498,6.52612973087154
1942-07-01,8.7,7.778617758994633,8.223409628368714,8.671635195627223
1942-08-01,9.1,7.856385966752344,8.278726688239885,8.712519802379983
1942-09-01,6.8,5.106236224185484,5.501156470033577,6.006843258970434
1942-10-01,5.0,1.3322010859518116,1.8114897347939827,2.282144194013824
1942-11-01,-2.6,-2.3379688473679248,-1.8898827108122962,-1.4318338689809962
1942-12-01,-5.6,-4.36665645412159,-3.7760310524102363,-3.2175736630511205
1943-01-01,-6.9,-5.403718745796317,-4.826068394979954,-4.182387729063201
1943-02-01,-3.3,-4.708544692119468,-4.0861127094927925,-3.502538808348671
1943-03-01,-1.3,-2.820083905075076,-2.3639417968576204,-1.8662372715316013
1943-04-01,1.6,-0.7430765436122241,-0.24799566880120905,0.22351445177237778
1943-05-01,4.9,2.0473001150042838,2.482281629743505,2.947814507860364
1943-06-01,7.1,5.710497201367031,6.164599596611831,6.611801541498061
1943-07-01,6.7,7.7992222374346065,8.262116555667976,8.740218731275128
1943-08-01,9.0,7.8756569317700675,8.304053880465634,8.759291758027585
1943-09-01,3.6,5.118045839681122,5.523329243823142,6.014096840278138
1943-10-01,2.8,1.32738210282864,1.8235179620373652,2.3179185952983725
1943-11-01,-2.4,-2.3434320098726946,-1.8625334873981019,-1.364879100205465
1943-12-01,-7.0,-4.341639404887937,-3.7667764647412865,-3.1883444787872928
1944-01-01,-2.8,-5.41948965244435,-4.804343511755183,-4.1585375974139085
1944-02-01,-6.6,-4.669955208240361,-4.070247456750327,-3.5359375529943846
1944-03-01,-6.2,-2.7857927833341916,-2.3754878889581983,-1.8596459492510538
1944-04-01,-2.3,-0.7400040463742171,-0.23757264338834927,0.2362878412414917
1944-05-01,-1.8,2.0513568616971627,2.507140796190728,2.947465888239889
1944-06-01,5.7,5.683534578834083,6.167806055348974,6.623474897592892
1944-07-01,9.8,7.849373680622257,8.27418557706191,8.730015919313754
1944-08-01,10.4,7.913952797162463,8.305284110877377,8.786367378237465
1944-09-01,3.8,5.097649679468719,5.548822626138556,6.039039270571274
1944-10-01,0.5,1.400112351216929,1.8307322161603636,2.3202209122422737
1944-11-01,-1.4,-2.336195425016362,-1.8524564674722466,-1.3577818359011495
1944-12-01,-7.2,-4.343707171412174,-3.771003177138564,-3.1425212911387677
1945-01-01,-13.6,-5.376425568616359,-4.7827760934283905,-4.140415558691485
1945-02-01,-1.1,-4.644954097769451,-4.066287293892882,-3.4866591583470927
1945-03-01,-0.8,-2.7940205873391397,-2.3487632832981795,-1.8483158735083272
1945-04-01,0.4,-0.7148161582595502,-0.21954470086024025,0.2523436584625329
1945-05-01,0.4,2.0924274973868715,2.495245844666953,2.957421541173522
1945-06-01,4.8,5.705309612748185,6.155116311290992,6.623545191447394
1945-07-01,8.7,7.851801533105506,8.276504034221041,8.72709681482735
1945-08-01,8.1,7.896943695598258,8.30623810904161,8.779607791217883
1945-09-01,6.8,5.118813686017925,5.545977051024064,6.022593162315875
1945-10-01,1.8,1.3689193953322654,1.8249752443428473,2.3012439487473118
1945-11-01,-2.5,-2.2979185787221157,-1.865696758121846,-1.3892408206597715
1945-12-01,-10.4,-4.3525940321091285,-3.782779509973426,-3.159539174749671
1946-01-01,-8.7,-5.426439833369917,-4.814184271882447,-4.161538398724567
1946-02-01,-4.1,-4.655487649325063,-4.076325602667002,-3.5014975840643543
1946-03-01,-4.1,-2.804878843475325,-2.3531859229386765,-1.8591480297210863
1946-04-01,-1.5,-0.7285361196678721,-0.22606866609155962,0.1948373840305662
1946-05-01,0.5,2.0590708484457414,2.496892750249134,2.9554004241713163
1946-06-01,6.9,5.709621780204182,6.157180891099147,6.637133740192401
1946-07-01,8.7,7.833889280856087,8.268872257148058,8.717044589588316
1946-08-01,7.8,7.907932595747807,8.304471135082975,8.753393669561014
1946-09-01,7.1,5.10413958535995,5.549656867863923,5.981461109542217
1946-10-01,-2.6,1.3665686889479272,1.8180071840733327,2.325541063881929
1946-11-01,-2.3,-2.305604504297234,-1.8534872069296622,-1.3998781298165524
1946-12-01,-13.2,-4.350690500463208,-3.776337100412717,-3.1256995694992513
1947-01-01,-14.2,-5.374194211431779,-4.815172969602207,-4.16227774161789
1947-02-01,-11.5,-4.657296777874519,-4.075575132369083,-3.478129787009439
1947-03-01,-7.2,-2.7650070880142095,-2.3455226534398315,-1.9034787621676508
1947-04-01,0.0,-0.7196354209333813,-0.22596023584246216,0.20486382798934852
1947-05-01,4.3,2.0720071277540724,2.5121363887525394,2.9528246654688175
1947-06-01,6.9,5.7085620876362855,6.165064044845725,6.588843580059666
1947-07-01,8.6,7.870706549092413,8.25967680090222,8.727411024139565
1947-08-01,10.2,7.876196684895947,8.329221388148365,8.751999935806792
1947-09-01,4.2,5.097562383887753,5.5617005722037405,6.015240169784115
1947-10-01,-2.4,1.3928818459872618,1.8531053353343832,2.3080234596742537
1947-11-01,-2.1,-2.280673461434018,-1.860753057999597,-1.369894633924139
1947-12-01,-4.8,-4.316194167622125,-3.7545972761606548,-3.16697912059635
1948-01-01,-1.9,-5.3375926971169605,-4.804715126202123,-4.1848670193118265
1948-02-01,-10.6,-4.663272786355235,-4.06937330234933,-3.4810396694903405
1948-03-01,-1.5,-2.7784318007685926,-2.3343975235981222,-1.8800220655448727
1948-04-01,0.8,-0.6958953851146679,-0.22112830068719513,0.19626760089880066
1948-05-01,2.2,2.0754703729756065,2.5092390325867173,2.9577914801049547
1948-06-01,5.2,5.709508206146186,6.161898512182281,6.607164076285727
1948-07-01,6.5,7.854999139001975,8.272293971575426,8.698850746549214
1948-08-01,6.7,7.884752682557407,8.315064379248453,8.756506800562645
1948-09-01,4.3,5.118283040115606,5.554888239477787,6.002417412515366
1948-10-01,-1.3,1.3776523568804961,1.8379118322455485,2.314572861764563
1948-11-01,-3.6,-2.322253037992989,-1.8805217081892287,-1.389299550873197
1948-12-01,-8.6,-4.363692492511412,-3.771422670848331,-3.1859832956481524
1949-01-01,-2.6,-5.375761904803445,-4.8000169071242755,-4.192157908855457
1949-02-01,-7.0,-4.648728480839426,-4.0731788723611,-3.4875251287085
1949-03-01,-7.0,-2.790280790563339,-2.346126703068438,-1.848134824753684
1949-04-01,-1.1,-0.6983453522075238,-0.23326794092677394,0.1976294131739356
1949-05-01,-0.2,2.0595516467559136,2.4981998733496353,2.953284024667591
1949-06-01,2.9,5.703802995981051,6.163277829626894,6.615203721982255
1949-07-01,7.0,7.887750667173657,8.26958559293812,8.723902888450196
1949-08-01,5.4,7.899150767358809,8.326962175807179,8.779975178346694
1949-09-01,9.3,5.141430390219632,5.551960547406583,6.018531283178857
1949-10-01,-3.7,1.4034353569141185,1.8428044497709748,2.332275236257871
1949-11-01,-3.1,-2.3116419459692614,-1.8532859043117282,-1.3698077945501144
1949-12-01,-3.5,-4.294568372073599,-3.7657174042222588,-3.136161564699262
1950-01-01,-9.9,-5.324146662907975,-4.798027428617472,-4.182907674029265
1950-02-01,-4.4,-4.6116521379731505,-4.054123715246884,-3.4576985687106254
1950-03-01,-4.2,-2.7745730809272566,-2.329632881546259,-1.8882196212216638
1950-04-01,-0.3,-0.6561078140543499,-0.21218539562901695,0.2431190142919622
1950-05-01,3.8,2.0860404583907233,2.5212309686386583,2.952198953945151
1950-06-01,6.6,5.729393975945264,6.179704406722612,6.610236813282295
1950-07-01,9.1,7.860097261400909,8.292172574019318,8.744533601846022
1950-08-01,8.1,7.897284271294834,8.344800270466216,8.80293888983351
1950-09-01,6.1,5.173921349210507,5.563082954448186,6.04175406344234
1950-10-01,-4.8,1.4035885742972385,1.8441813826887739,2.348829829913006
1950-11-01,-1.1,-2.289235762892149,-1.8282984059520053,-1.3689971455811816
1950-12-01,-16.4,-4.303600496065249,-3.757030594922024,-3.121042023703562
1951-01-01,-0.8,-5.306727138861077,-4.784487180071954,-4.133214511092103
1951-02-01,-1.6,-4.597702017045205,-4.03563897164343,-3.4959979968020463
1951-03-01,-4.5,-2.7851917976973426,-2.3186160753594356,-1.8837418448960241
1951-04-01,-0.8,-0.6555499062576379,-0.22262153205281499,0.2299366113925
1951-05-01,2.8,2.0709472707010046,2.5173076968300894,2.9660588470044758
1951-06-01,7.0,5.722566645157737,6.154779801349466,6.60134182096337
1951-07-01,7.1,7.855689033212163,8.282776508561806,8.725001155406556
1951-08-01,8.4,7.857752482435573,8.310755621282565,8.75240543810616
1951-09-01,4.7,5.149583778886573,5.525077032176211,5.976951612626573
1951-10-01,-0.3,1.3243415605900866,1.8292269683334992,2.2885756911635577
1951-11-01,-0.1,-2.2915383025658027,-1.8675020569391583,-1.4401466163859364
1951-12-01,-3.1,-4.347901369280831,-3.799692862185865,-3.2136496869033775
1952-01-01,-8.2,-5.3732354066203545,-4.81073234201606,-4.232958778842201
1952-02-01,-6.4,-4.657451569140047,-4.091196236043964,-3.552795230339673
1952-03-01,-2.0,-2.8108419111079304,-2.3769417505562616,-1.911214132928388
1952-04-01,-1.8,-0.7173738041883562,-0.25116075546650785,0.2066560944170644
1952-05-01,4.4,2.0084562966184145,2.4798892066525764,2.923387961296387
1952-06-01,4.6,5.673778627509723,6.119436295630135,6.575932417364839
1952-07-01,8.6,7.817056420779341,8.234966373592714,8.670063256050618
1952-08-01,8.9,7.840935561322929,8.2695366468391,8.737219034886397
1952-09-01,2.8,5.047549999161694,5.5044858114523745,5.923623714159309
1952-10-01,0.1,1.3074258195608315,1.7938694224542284,2.290052949804244
1952-11-01,-4.3,-2.372352707534339,-1.89845799597179,-1.4391503729427442
1952-12-01,-6.4,-4.384065562210514,-3.8243328757954833,-3.2444386799806804
1953-01-01,-6.8,-5.39317306843625,-4.849216995445262,-4.267087589446139
1953-02-01,-8.4,-4.698588212062255,-4.126396551636262,-3.6125059868039093
1953-03-01,-3.2,-2.854582930162182,-2.426090171744756,-1.9326284017862363
1953-04-01,0.8,-0.7631943703328664,-0.29749703885517575,0.16931683912890935
1953-05-01,2.1,2.0059848253694805,2.4408890157684757,2.891685816230239
1953-06-01,5.3,5.636434557577497,6.099544835335845,6.539944930019633
1953-07-01,9.0,7.785182380332114,8.202724475901153,8.616036471372789
1953-08-01,7.9,7.78199798658432,8.245253607668717,8.69128345030425
1953-09-01,5.1,5.042885197157001,5.490333057617367,5.931616262458299
1953-10-01,3.2,1.2988877261168412,1.759449389934165,2.214610910432757
1953-11-01,-2.4,-2.3944154416110344,-1.9299877490613868,-1.4817040746577386
1953-12-01,-3.3,-4.3592371624858375,-3.8551092643309657,-3.278787455859139
1954-01-01,-12.8,-5.4322693820236525,-4.868041647104035,-4.302818644621026
1954-02-01,-14.6,-4.726907887927736,-4.135860234238908,-3.5907920878426607
1954-03-01,-2.6,-2.861719372088775,-2.4327643890636046,-1.963850847170607
1954-04-01,0.0,-0.7806363359721427,-0.3004375003768883,0.12653687082416248
1954-05-01,2.7,1.9749484120934846,2.4272337332823994,2.844867082555753
1954-06-01,4.8,5.633811042130501,6.084527118421947,6.5188398174089945
1954-07-01,5.9,7.754457521289664,8.201082060245511,8.610704346089461
1954-08-01,9.2,7.781009015339695,8.244689618766472,8.704798411356
1954-09-01,4.1,5.028585927409534,5.489009326577838,5.933196872772869
1954-10-01,2.2,1.2813848863348707,1.7754136232566298,2.231701330799079
1954-11-01,-2.9,-2.4047310873789356,-1.9285043870037462,-1.508771466272576
1954-12-01,-1.5,-4.34900793325378,-3.8865502280744493,-3.321127025136774
1955-01-01,-4.6,-5.437431870341486,-4.862180748765777,-4.309828038435828
1955-02-01,-10.9,-4.704009975586487,-4.158887526944122,-3.623698136942933
1955-03-01,-8.3,-2.8417326327471946,-2.434009964226014,-1.9749441774431522
1955-04-01,-1.8,-0.801237421715599,-0.3171701103296359,0.11850109758688572
1955-05-01,0.0,1.9876587936424421,2.4216509027926865,2.843111557648079
1955-06-01,2.5,5.6064908373202975,6.076637643054303,6.505588385593039
1955-07-01,8.1,7.7274665037521055,8.178408494083923,8.61914433441096
1955-08-01,9.1,7.759668683272114,8.222058800201623,8.652761688710676
1955-09-01,7.0,5.021655207719897,5.4657299433756705,5.899145842784393
1955-10-01,-1.5,1.2512838505825155,1.7577179725946686,2.2274599430200306
1955-11-01,-3.7,-2.4478628906489694,-1.9425832094385314,-1.4969004467392848
1955-12-01,-3.7,-4.400271588523973,-3.8706108924666074,-3.343365737336666
1956-01-01,-12.9,-5.433228762120439,-4.872242767612162,-4.312179341896971
1956-02-01,-16.4,-4.751412733639182,-4.150632910617119,-3.61311003561581
1956-03-01,-4.6,-2.8842718190796472,-2.4196534276328774,-1.951774819348901
1956-04-01,-2.9,-0.8163871320297901,-0.3190491777421205,0.13050017106402492
1956-05-01,0.6,1.9546362771479795,2.42320678942737,2.8724674240446655
1956-06-01,4.6,5.618066602312318,6.07796335854866,6.5271618963875975
1956-07-01,10.4,7.754265005415622,8.197489231367527,8.653971979934585
1956-08-01,6.9,7.744696533904482,8.248570410395732,8.707639234281334
1956-09-01,7.0,5.04869892632002,5.470131529904274,5.940924323217909
1956-10-01,-1.1,1.2927966735832945,1.7598635841470331,2.2428933147991534
1956-11-01,-6.2,-2.402606859407802,-1.9393527124585355,-1.4840051339459892
1956-12-01,-4.8,-4.357747866975577,-3.8539610501323125,-3.29215015108325
1957-01-01,-5.7,-5.420969196634647,-4.85781041205674,-4.306670871644064
1957-02-01,-4.1,-4.714053384437603,-4.138549932701055,-3.602486302410806
1957-03-01,-0.4,-2.8633117451788532,-2.4143279269649685,-1.9759073878673308
1957-04-01,-1.0,-0.7502862988280848,-0.30191397740805637,0.17174267556689748
1957-05-01,-1.2,1.9683680238175907,2.4375365716497033,2.880997900737001
1957-06-01,5.6,5.6133702739318165,6.094233331143434,6.560761948592249
1957-07-01,9.8,7.719362929452754,8.21512808741772,8.678416337926226
1957-08-01,7.8,7.795170790727489,8.256464751911537,8.717605884139976
1957-09-01,3.5,5.035378695278199,5.488747966031008,5.944473157176424
1957-10-01,2.4,1.2756223020696793,1.7818743086048414,2.248725796374672
1957-11-01,-1.9,-2.3810212883653037,-1.9371559134261545,-1.4445329230727204
1957-12-01,-5.8,-4.376867634104506,-3.844803723621861,-3.3223291976005713
1958-01-01,-5.6,-5.40019192355965,-4.8409074783361055,-4.281882788261558
1958-02-01,-6.9,-4.690791383769827,-4.1363443118268535,-3.564674012869067
1958-03-01,-6.3,-2.838665322925752,-2.383652745603081,-1.9349544609621814
1958-04-01,-1.6,-0.7472988902319401,-0.27877286091951503,0.18318821314162997
1958-05-01,2.5,2.038099041966132,2.467003081640292,2.928019751112614
1958-06-01,6.3,5.635299021048323,6.133482401793033,6.598279095460518
1958-07-01,8.4,7.788729803698471,8.242370179520499,8.710623243961367
1958-08-01,8.7,7.829448154353355,8.288653064157558,8.73145215257154
1958-09-01,5.3,5.109777884097729,5.530155552506526,5.952548553548838
1958-10-01,3.1,1.3156625021539483,1.8240893379096552,2.307045966216172
1958-11-01,-2.4,-2.3425103229260094,-1.8897517655314227,-1.375241605244841
1958-12-01,-4.6,-4.320696315176546,-3.794183075506364,-3.2420094539521243
1959-01-01,-5.6,-5.379713186592732,-4.80182942255652,-4.239135904093281
1959-02-01,-6.0,-4.664231971539479,-4.075369148123707,-3.529202817168843
1959-03-01,-1.5,-2.7887884814801027,-2.3403904343070723,-1.9020839496066986
1959-04-01,-1.0,-0.6742216651910977,-0.2274407467536127,0.2308434964050849
1959-05-01,1.9,2.077828747984001,2.5103955704297953,2.9707533233909325
1959-06-01,6.3,5.70408536235292,6.180537827429864,6.6383334315159965
1959-07-01,8.8,7.828444415486888,8.29407924017525,8.748831805331541
1959-08-01,7.8,7.859939633934817,8.338309132047783,8.842606364188224
1959-09-01,6.7,5.15966474583942,5.57805048954333,5.992624954995836
1959-10-01,0.2,1.3614657210317207,1.8693518455245184,2.3786807437727138
1959-11-01,-1.5,-2.3056418578725673,-1.8369181027575117,-1.3423883366655023
1959-12-01,-2.4,-4.274487743293605,-3.760395130313669,-3.1467699000054337
1960-01-01,-11.6,-5.318123577116468,-4.756791642413283,-4.174436326248788
1960-02-01,-6.3,-4.60072260395104,-4.0232379066779576,-3.4510986321858215
1960-03-01,-2.4,-2.729186465997276,-2.3044705345217746,-1.8353147632616205
1960-04-01,-0.5,-0.6444286292400407,-0.17575533965319956,0.2483650093920303
1960-05-01,0.6,2.1343061858036894,2.5586352602595204,3.0148028639938387
1960-06-01,7.8,5.788576676329734,6.220439237570619,6.638810434369209
1960-07-01,5.6,7.889561090132326,8.33930958850343,8.766725942489822
1960-08-01,6.6,7.942548227140436,8.388005909402775,8.819741375552354
1960-09-01,3.6,5.2106525559163135,5.631517838924173,5.991066196882887
1960-10-01,1.5,1.4177632915039016,1.9015177458740309,2.4344963293781534
1960-11-01,-0.2,-2.275800944003683,-1.7834824823058812,-1.3263937376819632
1960-12-01,-3.1,-4.323328629156097,-3.681988319072965,-3.0797111321938244
1961-01-01,-6.9,-5.302104007929526,-4.7015688149672865,-4.094415971079554
1961-02-01,-0.3,-4.539099233758976,-3.977162429831757,-3.4161449002551505
1961-03-01,-1.5,-2.6838855610197214,-2.260767197748521,-1.7893350645285866
1961-04-01,4.5,-0.6290251904201406,-0.13667331842844332,0.30317994795720116
1961-05-01,0.9,2.163934964575968,2.590919486880034,3.002950487607168
1961-06-01,6.3,5.827388524906018,6.247073227309355,6.646749523794845
1961-07-01,6.9,7.890069687358091,8.363721113550483,8.795614016333069
1961-08-01,7.0,7.9556453311673145,8.400185063390724,8.794047884751809
1961-09-01,9.4,5.212554882821195,5.618945617523273,6.044313172094434
1961-10-01,4.1,1.4178122715688184,1.8924915383836667,2.386278290624534
1961-11-01,-2.9,-2.270954508327361,-1.8157191316470875,-1.338072937508221
1961-12-01,-10.5,-4.334827976761408,-3.7290586095244986,-3.1245672315977733
1962-01-01,-7.3,-5.363622994654565,-4.775065575501139,-4.106942031716015
1962-02-01,-6.4,-4.608401812263367,-4.055036251252049,-3.464278043412485
1962-03-01,-4.5,-2.80242325484596,-2.3284365202610005,-1.8806941739756666
1962-04-01,1.3,-0.7054203425815673,-0.21628119568620852,0.21537219954408962
1962-05-01,-0.3,2.071807874538712,2.520141740204769,2.934789870351683
1962-06-01,1.6,5.73635247343449,6.179734195328345,6.568726143833455
1962-07-01,6.1,7.797451461976193,8.270306123415867,8.686440716862018
1962-08-01,7.7,7.8716257483434635,8.287948442375548,8.727505996832353
1962-09-01,4.2,5.077676593002624,5.5364587912405625,5.956815442962546
1962-10-01,1.2,1.3011028721444027,1.8076055970888694,2.2966637072252567
1962-11-01,-5.0,-2.379315255228248,-1.8837205439727338,-1.4197425427693422
1962-12-01,-11.1,-4.41999613761152,-3.80563519113145,-3.2159264394285825
1963-01-01,-16.6,-5.467144120386068,-4.825041171681874,-4.186080859615124
1963-02-01,-10.7,-4.747212832355694,-4.0995725440071755,-3.558162280327764
1963-03-01,-4.6,-2.911656224380696,-2.387603909455079,-1.9408739775247754
1963-04-01,-1.3,-0.800320367926162,-0.2723536302592041,0.1677062866096507
1963-05-01,1.5,1.9913545652814844,2.4590406650915386,2.9275468949688532
1963-06-01,5.9,5.620762894863965,6.127859951137878,6.5448634321450045
1963-07-01,8.3,7.757575408076966,8.223312693660146,8.672550457011374
1963-08-01,7.1,7.769386522306681,8.254687827680618,8.72087114546727
1963-09-01,4.8,5.032070227412657,5.502023205781065,5.9669789630662535
1963-10-01,0.7,1.2649885132273477,1.7860218267503043,2.2665581314637127
1963-11-01,-1.5,-2.451607735189595,-1.9190186012678025,-1.4587526735751297
1963-12-01,-12.1,-4.472290321305823,-3.8164835848362113,-3.248759095926004
1964-01-01,-6.7,-5.483694559482758,-4.871172966873621,-4.242106699590913
1964-02-01,-5.6,-4.737849951515835,-4.140918639804347,-3.547865710761446
1964-03-01,-6.2,-2.881032722217945,-2.405569715107118,-1.9647492381784637
1964-04-01,-1.4,-0.7946557214268595,-0.2722057491877993,0.1364144959609146
1964-05-01,3.7,1.9797979493426743,2.4449225436421225,2.902627598554086
1964-06-01,5.1,5.606071263187499,6.119797205640826,6.550877315353792
1964-07-01,5.5,7.721615668109572,8.22130710368842,8.63100055481049
1964-08-01,6.0,7.759848531726175,8.265718090025679,8.71586291426394
1964-09-01,5.5,5.027012090576397,5.497522613214954,5.912606058720563
1964-10-01,-0.8,1.2652082795388577,1.7776578938311358,2.2543926589733516
1964-11-01,-0.9,-2.4647834848959937,-1.9090755867522513,-1.426641325490402
1964-12-01,-10.8,-4.472001557479801,-3.8157242400375195,-3.2803459133645707
1965-01-01,-3.5,-5.448160117966488,-4.8334106271827615,-4.207973575231252
1965-02-01,-6.3,-4.746487717763793,-4.119168652520004,-3.553826160842065
1965-03-01,-6.5,-2.8575797962886673,-2.3754892180813574,-1.9716454877680847
1965-04-01,-1.2,-0.7982637153230188,-0.2541524108470614,0.2016916995203255
1965-05-01,1.9,1.9741070784382395,2.465304602250092,2.9082584577727153
1965-06-01,7.5,5.611317761153624,6.124400859595957,6.5673309378991815
1965-07-01,5.2,7.724795568700889,8.250126106718357,8.667045545190689
1965-08-01,7.2,7.747376269688326,8.28961276543976,8.714652940667925
1965-09-01,6.3,5.037470761536168,5.519133719561209,5.949191565295886
1965-10-01,1.3,1.3045724509935896,1.7916511696705375,2.298498568897164
1965-11-01,-6.5,-2.4182218132693776,-1.892227820914858,-1.4417675401435068
1965-12-01,-3.5,-4.432253055887575,-3.7852379446605195,-3.2691398437965193
1966-01-01,-13.9,-5.41060680854724,-4.825946496446065,-4.205223742985232
1966-02-01,-3.4,-4.721341544209223,-4.096423819954861,-3.5478481976011627
1966-03-01,-2.1,-2.8555998047848683,-2.354451567467767,-1.9152643425287468
1966-04-01,-1.6,-0.7635689377983321,-0.25023037039629237,0.21334823956597201
1966-05-01,2.5,2.021544504165735,2.4836112485591157,2.907239644618441
1966-06-01,7.7,5.636719442464386,6.149036013459015,6.604525413539065
1966-07-01,7.6,7.761078018053055,8.262946680856377,8.668260068277744
1966-08-01,6.7,7.807048814966799,8.295135874339923,8.747309685549926
1966-09-01,5.8,5.046959315289613,5.547252260551016,5.962865183572326
1966-10-01,-1.7,1.3060598302479516,1.8130356107810943,2.3215142798340764
1966-11-01,-3.6,-2.406850368208833,-1.861990416208344,-1.4314033431119426
1966-12-01,-3.3,-4.393978902762097,-3.762123933301945,-3.242714332825488
1967-01-01,-8.8,-5.387201599655122,-4.806675170261872,-4.181213999969074
1967-02-01,-4.2,-4.683854742054689,-4.085547789375398,-3.5019775216009252
1967-03-01,-0.3,-2.8426069766635464,-2.3326963154997866,-1.8916826967588236
1967-04-01,-1.0,-0.7023882405607794,-0.2216935604637713,0.20764813216339115
1967-05-01,-0.5,2.042645649496199,2.505812286084116,2.9586675572349423
1967-06-01,5.6,5.70097780051162,6.170377002510496,6.600249361899484
1967-07-01,7.4,7.78745298701348,8.283198656615083,8.718804267774015
1967-08-01,9.2,7.851858899566102,8.337068872150317,8.776085412262386
1967-09-01,6.4,5.10107273066322,5.573733579449135,5.999975912745371
1967-10-01,1.4,1.3507849303021016,1.8571089553862186,2.3659300269357897
1967-11-01,-2.6,-2.318505125989324,-1.8532180829138567,-1.3980477376231473
1967-12-01,-8.4,-4.338283629890805,-3.745949652661646,-3.225188661142723
1968-01-01,-10.8,-5.32709578146863,-4.77998813260443,-4.168855313478102
1968-02-01,-5.3,-4.625428971858404,-4.0539021833755085,-3.4736726681248498
1968-03-01,-2.2,-2.813908974382248,-2.3091807815099017,-1.8744251604193685
1968-04-01,-2.2,-0.6823813429817238,-0.18183745081106006,0.2275241419186094
1968-05-01,0.7,2.079372097864012,2.5284262172813508,2.968388078591366
1968-06-01,5.9,5.734050771347863,6.194291132309338,6.607363771709825
1968-07-01,6.8,7.838205966927521,8.329861801211273,8.765359324393435
1968-08-01,8.0,7.911823437679855,8.35533445153268,8.809194821434541
1968-09-01,8.6,5.1619998503383435,5.600872530888557,6.009717525993711
1968-10-01,5.2,1.3952887782707244,1.904870979666215,2.3765015110857046
1968-11-01,-4.5,-2.2942740128356696,-1.8023361384964218,-1.3763071692671203
1968-12-01,-11.8,-4.288362014924269,-3.6943275680648924,-3.1951592080034836
1969-01-01,-2.7,-5.317356151427024,-4.743070491530157,-4.132416525809828
1969-02-01,-10.2,-4.590251919822831,-4.000949956244904,-3.4757692500018487
1969-03-01,-2.9,-2.7720052904926824,-2.293487285657326,-1.8520359318702224
1969-04-01,-1.2,-0.7053407398825703,-0.170069223706251,0.2821468791295426
1969-05-01,2.8,2.072777157794691,2.5457479034192048,3.0353804320543794
1969-06-01,5.8,5.722146329603637,6.21351576961351,6.62337158825897
1969-07-01,7.4,7.801425727997073,8.32530484048814,8.771067765648693
1969-08-01,8.5,7.891003545852078,8.376661928674622,8.798969844983223
1969-09-01,4.1,5.119780919605538,5.6050365134911635,6.04129854038485
1969-10-01,2.5,1.3940833998939237,1.8943219809912122,2.4139062405296374
1969-11-01,-3.4,-2.328314300421557,-1.8027942301355917,-1.3544342750777691
1969-12-01,-7.7,-4.30325902124133,-3.6901076777042956,-3.1554717276654314
1970-01-01,-9.6,-5.290882266800586,-4.755173863861413,-4.098636349955052
1970-02-01,-6.8,-4.558657538314212,-4.000387455062804,-3.4183087906547587
1970-03-01,-5.7,-2.7720619361079826,-2.256237822466255,-1.8218064520900448
1970-04-01,-2.5,-0.6496007239724997,-0.14732244492997582,0.2525218918187986
1970-05-01,0.7,2.13207525591845,2.587153306466816,3.0269217856451287
1970-06-01,8.9,5.776826686144269,6.263370716940032,6.691412964655014
1970-07-01,7.9,7.848129813328632,8.37661750250382,8.806116449725682
1970-08-01,7.9,7.8796559527055035,8.415243560992643,8.831208217385427
1970-09-01,5.9,5.20778368241312,5.6583871541068165,6.051500886673308
1970-10-01,2.3,1.4559233786325008,1.923714318370361,2.4543191731536997
1970-11-01,-0.1,-2.21637095898446,-1.7371711112193293,-1.330091706195087
1970-12-01,-9.9,-4.250702717798285,-3.648769713875569,-3.1305563122585918
1971-01-01,-10.2,-5.21621419513227,-4.695186513301559,-4.087217846480055
1971-02-01,-4.3,-4.474755998272178,-3.9739921399705276,-3.3639270803397996
1971-03-01,-10.1,-2.6943946362756988,-2.2367385871336563,-1.8109250191096118
1971-04-01,-0.1,-0.5797482041552731,-0.10883671665481431,0.2785469308979205
1971-05-01,3.1,2.199890349809392,2.628061902910293,3.0531444661282814
1971-06-01,5.6,5.831784912362085,6.285685223879615,6.686368455503623
1971-07-01,6.1,7.864010187659749,8.421550238074037,8.829626673591617
1971-08-01,10.3,7.968188855998096,8.448533753349562,8.86749885921659
1971-09-01,4.0,5.254234038120351,5.6946432177791095,6.10259482359111
1971-10-01,0.3,1.479588375395223,1.9764064413276525,2.451559875332877
1971-11-01,-3.6,-2.1507869696044075,-1.7057445838517769,-1.3244673364016966
1971-12-01,-1.9,-4.1742898690418775,-3.622040197987863,-3.091624088869888
1972-01-01,-10.2,-5.199383339535333,-4.661339602254759,-4.070103952991801
1972-02-01,-4.9,-4.44843385003772,-3.933585923083437,-3.3431036615928766
1972-03-01,-4.3,-2.6596104659260313,-2.167646824688786,-1.7641263779547807
1972-04-01,-0.1,-0.5313615142549739,-0.06577903381823624,0.3404036914466824
1972-05-01,3.6,2.209707425787345,2.6890580301678666,3.1124295074296
1972-06-01,5.7,5.840541711436157,6.329275784572804,6.741364889235518
1972-07-01,8.5,7.928839980526608,8.472793918645102,8.878053258989551
1972-08-01,7.1,7.986724208068957,8.503258313924194,8.937609464092072
1972-09-01,4.2,5.267824575973755,5.742317041303039,6.1803060084175465
1972-10-01,-0.1,1.5211482012082698,2.026909157030497,2.5117404024091634
1972-11-01,-0.5,-2.1175881800807193,-1.6519854462333985,-1.2472514380761703
1972-12-01,-4.8,-4.120686830425269,-3.5485687593208963,-3.069159850001586
1973-01-01,-3.8,-5.140827195020905,-4.605945624415787,-4.004934841660281
1973-02-01,-3.1,-4.378555397068737,-3.8672706045051686,-3.3388397248131207
1973-03-01,-2.0,-2.5585741175262755,-2.108362898506585,-1.709170220475982
1973-04-01,-1.4,-0.467857510695771,-0.018140138313328058,0.39842936963022985
1973-05-01,3.0,2.307517318077569,2.7344350090499034,3.1727687406299747
1973-06-01,6.5,5.950700726976462,6.394673547076901,6.811183259267718
1973-07-01,9.1,8.030203973950307,8.506096131255433,8.941489335748768
1973-08-01,9.4,8.111519037187048,8.5604856676753,8.96665153709813
1973-09-01,6.5,5.372687743512312,5.802140174229454,6.224213710322422
1973-10-01,0.9,1.5875347312386785,2.0966365422702697,2.5817359859694484
1973-11-01,-4.4,-2.01834682318254,-1.60592477059924,-1.2018349632905159
1973-12-01,-10.4,-4.0402793119676605,-3.5044030684516305,-2.9902507230255395
1974-01-01,-4.4,-5.078761537409527,-4.543986590109684,-3.953656207931655
1974-02-01,-2.7,-4.343937910326288,-3.8098011796735394,-3.2469304753097696
1974-03-01,-1.5,-2.494767437245645,-2.06690984968233,-1.6689914913180512
1974-04-01,1.8,-0.40017827458737004,0.03759962816562523,0.4711754434060739
1974-05-01,0.1,2.361312297318106,2.794310897738429,3.2042220109121193
1974-06-01,5.6,5.997809568601719,6.448336410635086,6.856779465620997
1974-07-01,7.6,8.092052154099207,8.571242710373454,8.984219588017833
1974-08-01,7.2,8.18813988498797,8.613883159110241,9.027616433526513
1974-09-01,3.1,5.429113853230348,5.854742179076947,6.2652441200009354
1974-10-01,1.0,1.683745622752194,2.1396171495541845,2.5954410302286504
1974-11-01,-0.1,-1.9685697425421018,-1.5456100997443198,-1.1546907240825603
1974-12-01,0.7,-4.002716911563184,-3.4381216978974423,-2.9752598010743982
1975-01-01,-1.8,-4.9957324150630305,-4.502182725659191,-3.908140812600366
1975-02-01,-3.3,-4.265869195908872,-3.766768331936431,-3.222628452011592
1975-03-01,-1.5,-2.45377414005233,-2.0323850660893985,-1.6143929161334298
1975-04-01,-1.4,-0.3850651765683416,0.06762611716349298,0.4842296900342308
1975-05-01,2.6,2.398106487946077,2.8193728998267957,3.2451893364071163
1975-06-01,1.8,6.039054062034556,6.463788232401191,6.877667572597586
1975-07-01,6.4,8.116838524497085,8.581748511408785,8.990150510352425
1975-08-01,9.1,8.16088643570993,8.63402049948953,9.077137739913718
1975-09-01,8.0,5.440762724646197,5.854984925557952,6.281356732521847
1975-10-01,0.5,1.6765589184310665,2.1396503856338542,2.6363608718417346
1975-11-01,-4.5,-1.9788048897155803,-1.5469917696059419,-1.1531636768449274
1975-12-01,-7.3,-3.9992248856309285,-3.4518520619099418,-2.9787894178680365
1976-01-01,-9.7,-5.03499890354503,-4.490188403484726,-3.8589294434620305
1976-02-01,-8.1,-4.293381606078749,-3.764200371638739,-3.2288692999737467
1976-03-01,-5.9,-2.49226987857958,-2.035596363561238,-1.6087289478160705
1976-04-01,-1.4,-0.41043975733499144,0.0768139451070674,0.5217519020669137
1976-05-01,2.8,2.345801581800165,2.8222323644844636,3.2198988328822895
1976-06-01,4.1,5.98031555917131,6.470371856813178,6.880443297717895
1976-07-01,9.1,8.1175318422901,8.599587882436419,8.993128132767843
1976-08-01,7.2,8.147649348696717,8.613045452951669,9.083394204022259
1976-09-01,7.1,5.431570283599711,5.856123266387405,6.286964730890375
1976-10-01,3.0,1.6580484911108426,2.1572709772495333,2.6311737644479765
1976-11-01,-1.4,-2.0038243312670714,-1.5458965668364337,-1.1187032153891605
1976-12-01,-10.6,-4.039813960458242,-3.4376371963698427,-2.924662194298239
1977-01-01,-3.9,-5.013510536945396,-4.483919579138298,-3.893107188687805
1977-02-01,-3.6,-4.301780554145669,-3.7582846834589567,-3.199206775228552
1977-03-01,-2.7,-2.490377781227421,-2.0264035165517216,-1.5941016009909428
1977-04-01,-2.5,-0.3862581378169348,0.09840955197386769,0.5044087075399515
1977-05-01,3.4,2.350587368579429,2.850095392075069,3.26798030925825
1977-06-01,6.4,6.012566858216665,6.501337345155846,6.900535555240199
1977-07-01,6.6,8.114229729503808,8.610354135521312,9.03744099554275
1977-08-01,9.2,8.167140660261706,8.655167236708639,9.078858132888778
1977-09-01,3.7,5.443240090154617,5.893876907520211,6.346773827422954
1977-10-01,3.9,1.6963827692748332,2.1912101803073885,2.662902956744238
1977-11-01,-3.1,-1.9859132554115053,-1.5023486357469993,-1.1064112688879646
1977-12-01,-3.1,-4.01477752775292,-3.410512586381583,-2.8975577491007845
1978-01-01,-2.6,-4.984501787385251,-4.455599830799471,-3.8564420854040495
1978-02-01,-8.3,-4.272444345086553,-3.723629438996935,-3.170381081222123
1978-03-01,-2.0,-2.446823922947942,-1.9905606676846226,-1.5724852520730737
1978-04-01,-1.6,-0.36728463950823104,0.12355478401001452,0.5457457027846911
1978-05-01,5.4,2.420468961650449,2.866453940547629,3.285619840149197
1978-06-01,5.6,6.0610982634167945,6.522521436943565,6.962393865519673
1978-07-01,7.4,8.126049036757165,8.645751465138993,9.060692545329912
1978-08-01,6.0,8.210655075008374,8.670726965678405,9.098844366129573
1978-09-01,4.3,5.439825765779232,5.9165798270005325,6.374368512981604
1978-10-01,1.5,1.7003362718985369,2.200527130231932,2.6885928875473373
1978-11-01,-4.9,-1.9887600566822519,-1.4915414812899246,-1.0510398855263792
1978-12-01,-13.5,-3.9752697182890655,-3.4008585614668814,-2.8706912991429827
1979-01-01,-14.3,-4.984384718580236,-4.433906171732401,-3.8611522988038525
1979-02-01,-7.5,-4.259407373469606,-3.7116228130922306,-3.1521951059521407
1979-03-01,-2.0,-2.4391528071322406,-1.9598247185272446,-1.5185419513302574
1979-04-01,-1.2,-0.34287889980479935,0.13265475279805705,0.594782471533818
1979-05-01,-0.4,2.391920474710376,2.88909628254756,3.331416869927783
1979-06-01,6.9,6.0824188392074365,6.533816878754978,6.973267621107351
1979-07-01,8.2,8.186939871486512,8.676901009378753,9.076053245109676
1979-08-01,7.4,8.220183477568865,8.713741485476358,9.118180678592378
1979-09-01,2.7,5.530721658107734,5.946386914712792,6.42408975293765
1979-10-01,0.6,1.7704878877766883,2.240616855448314,2.7090471589266647
1979-11-01,-1.0,-1.9469295500207984,-1.4422828210269114,-1.0288586752681939
1979-12-01,-2.0,-3.9490349128814626,-3.363471024670388,-2.848727138763388
1980-01-01,-8.2,-4.969999250711863,-4.3763292841256,-3.820447889418326
1980-02-01,-0.9,-4.17997556870313,-3.6511151932472794,-3.1141464184139767
1980-03-01,-2.2,-2.3421156096414504,-1.9292383522079377,-1.4843064878357537
1980-04-01,0.6,-0.2748994906852459,0.19012695860281048,0.5847538892958112
1980-05-01,3.1,2.50852166959855,2.941023968191661,3.367111191917498
1980-06-01,6.7,6.150615452295489,6.595900405844669,7.034537729809883
1980-07-01,7.3,8.260462751095139,8.70132860716394,9.128074251174363
1980-08-01,7.2,8.300166287117728,8.768072456677267,9.156867407837563
1980-09-01,7.7,5.590650962695154,5.995193477500157,6.410439244433403
1980-10-01,0.3,1.851198915315486,2.285296772090912,2.7320997640013025
1980-11-01,-5.8,-1.888291737052412,-1.4020240848267416,-0.9774556152292764
1980-12-01,-6.2,-3.879914818307572,-3.3144289531201263,-2.8084896059922273
1981-01-01,-4.7,-4.898247046091828,-4.33779134120212,-3.820678321161041
1981-02-01,-6.1,-4.128503924481637,-3.611366950777966,-3.0670702077959264
1981-03-01,-0.3,-2.3135607277917947,-1.8831649417638292,-1.424488967353954
1981-04-01,-0.2,-0.2649448008278583,0.24302458674211114,0.632486853073239
1981-05-01,-1.4,2.5371823590181983,3.0003501713058407,3.4089836913848983
1981-06-01,6.9,6.185237398851767,6.640462696858361,7.051473772139486
1981-07-01,8.8,8.299902252016034,8.765460582940133,9.218070356128576
1981-08-01,8.2,8.320025687461165,8.813698018098318,9.236237313849486
1981-09-01,6.8,5.613142201520355,6.057222660037553,6.460616410181542
1981-10-01,1.6,1.8955727565931615,2.3552106352081914,2.824564237292046
1981-11-01,-3.6,-1.8054079942069186,-1.3470312378702762,-0.9107551594284223
1981-12-01,-8.3,-3.8067925617792744,-3.2473955626016475,-2.7145240674719946
1982-01-01,-12.0,-4.81935990278587,-4.275720404055665,-3.6894557966078776
1982-02-01,-4.1,-4.087496219586964,-3.5456841085972437,-3.0016401338699907
1982-03-01,-2.0,-2.2420691405951825,-1.7975336834018967,-1.3607074648161697
1982-04-01,-0.5,-0.15560484712727646,0.3244179439077174,0.77772458342203
1982-05-01,0.7,2.6227080027641705,3.08562515124919,3.5143765298893683
1982-06-01,5.3,6.250136461339813,6.727537088363404,7.171527054902349
1982-07-01,9.3,8.398521614158504,8.86631035681169,9.292719823475869
1982-08-01,9.3,8.440178740126594,8.894486889433686,9.340322131713485
1982-09-01,6.1,5.702612266893286,6.160464327555586,6.591590080461958
1982-10-01,4.7,1.9943244608288937,2.448109471077932,2.8773776615602062
1982-11-01,0.2,-1.7171866015381894,-1.2505278549369871,-0.8395192572116552
1982-12-01,-3.3,-3.6976487121389603,-3.1510935587528444,-2.632609943148878
1983-01-01,-4.1,-4.696514431926142,-4.2009849788815075,-3.620000031014852
1983-02-01,-6.1,-4.000463528473519,-3.4470652715117005,-2.941729219688309
1983-03-01,0.2,-2.138846403316602,-1.7221834743518907,-1.2926980462879647
1983-04-01,-0.6,-0.052203639860996985,0.395822582790345,0.825986278847307
1983-05-01,5.5,2.743262812061467,3.139804610321196,3.563127753305326
1983-06-01,6.2,6.3842975726948925,6.794999013572212,7.216618594963482
1983-07-01,10.1,8.481206796206667,8.906248895772011,9.321822035231971
1983-08-01,8.8,8.513413990115554,8.960142741152579,9.369443583864548
1983-09-01,6.5,5.745079144355695,6.19232669967797,6.611436965424427
1983-10-01,-1.3,2.056466284097799,2.4897364338261827,2.9477003989664263
1983-11-01,-6.6,-1.6383956201527674,-1.21660882640719,-0.7705075231780731
1983-12-01,-4.0,-3.654934986769719,-3.108870954992094,-2.594616529011569
1984-01-01,-3.2,-4.6744191588872885,-4.142897181471824,-3.5488070632207385
1984-02-01,-5.1,-3.95907200225917,-3.423649180007896,-2.858963368786332
1984-03-01,-2.4,-2.1323278230435623,-1.6758941596485584,-1.2827530593017673
1984-04-01,0.3,-0.03564594974957002,0.4334081418528094,0.8493261023903661
1984-05-01,3.3,2.7829188296400225,3.1941702297495387,3.592594764496596
1984-06-01,5.8,6.4100710982159415,6.837460920500627,7.250603146144417
1984-07-01,4.4,8.554844427833679,8.952623593947532,9.378667640350056
1984-08-01,10.2,8.545790809412136,9.003810329076302,9.416184435745961
1984-09-01,6.8,5.800366818690908,6.247324790128534,6.670020302353862
1984-10-01,4.0,2.085173474694207,2.5526232547616616,3.0182034124647017
1984-11-01,1.6,-1.6005675231452985,-1.1664458182534254,-0.7166291578491504
1984-12-01,-2.6,-3.6073992300726845,-3.0567144861665847,-2.5364143464006608
1985-01-01,-16.8,-4.645710261026258,-4.109075751214887,-3.477044273532151
1985-02-01,-12.0,-3.9071710299142057,-3.3779291784812866,-2.7823904569943436
1985-03-01,-3.4,-2.053920196765454,-1.6300947077275043,-1.2325543176129221
1985-04-01,-1.3,0.03799961018050273,0.4755538839401451,0.923178426630604
1985-05-01,4.2,2.8100371822304018,3.2142224554978105,3.6654153925691997
1985-06-01,4.9,6.454191460622631,6.8805577118576355,7.317750590760792
1985-07-01,8.7,8.572998963917279,9.009923459673248,9.43800534600713
1985-08-01,8.5,8.592671168447382,9.037837579658568,9.455381575124695
1985-09-01,5.0,5.855997250842046,6.270921015339928,6.704428925069776
1985-10-01,0.3,2.0862049462256946,2.5779659815275657,3.057286919858874
1985-11-01,-4.4,-1.5846331641790947,-1.130355431281649,-0.7285570203930346
1985-12-01,-5.8,-3.5801127214028785,-3.007830211929903,-2.4893886803338012
1986-01-01,-5.0,-4.584200855374872,-4.060123450655949,-3.4669483951882354
1986-02-01,-10.7,-3.8450081822635185,-3.341449963557424,-2.7497955890350103
1986-03-01,-5.4,-2.0241305157749365,-1.591815686189531,-1.1070097495259275
1986-04-01,-4.7,0.04930150979886237,0.5389329847476467,0.955073284532225
1986-05-01,3.6,2.8553877060137385,3.294422555156461,3.7341632892981753
1986-06-01,7.0,6.50241244726232,6.928312597245412,7.370789689314361
1986-07-01,8.7,8.600153396550198,9.064688464221437,9.490445942625207
1986-08-01,7.1,8.697391059614983,9.113110647198745,9.536180184807336
1986-09-01,4.5,5.944053519539851,6.344422547965798,6.792861846362224
1986-10-01,3.3,2.179673183548118,2.64975804927479,3.1522394085584016
1986-11-01,-1.2,-1.5000004923262786,-1.0355149380244733,-0.6023171822506335
1986-12-01,-3.8,-3.546033103664598,-2.9368783791128,-2.3928507442148472
1987-01-01,-13.5,-4.539727460215912,-3.98255776076914,-3.3781854291376185
1987-02-01,-7.0,-3.7804158859875283,-3.248287568943709,-2.6767819333514256
1987-03-01,-7.0,-1.9483139589264062,-1.4960062625643156,-1.0064881503624756
1987-04-01,3.0,0.1808993242436368,0.6436016656662058,1.035313015247833
1987-05-01,2.3,2.9594574587035054,3.3822901782918344,3.836571510974913
1987-06-01,6.8,6.619751881101576,7.030853293972736,7.527686492543529
1987-07-01,6.9,8.72783346530009,9.156645491491403,9.636923404411236
1987-08-01,5.9,8.776548101032832,9.218987148137359,9.626550088688592
1987-09-01,5.0,6.031982254288767,6.457116644902124,6.913722838362796
1987-10-01,3.2,2.3000722705949683,2.7600826436331776,3.2391284221689762
1987-11-01,-1.4,-1.3710973327291842,-0.9296195080854213,-0.46460483357612964
1987-12-01,-8.5,-3.377691265544983,-2.8082983979764657,-2.254433896108668
1988-01-01,-0.2,-4.3859893184187175,-3.8548703330827294,-3.275356235200958
1988-02-01,-0.4,-3.6159420914957634,-3.119831438519957,-2.5150516071276314
1988-03-01,-1.6,-1.7919042833202454,-1.3911171737491763,-0.8598582902639542
1988-04-01,-1.8,0.2625061841874511,0.7548748269488808,1.201432077834227
1988-05-01,3.9,3.047196127091093,3.509349391981573,3.958250084280735
1988-06-01,6.8,6.6954557943209885,7.145037334047705,7.592151064031225
1988-07-01,10.0,8.819238917944284,9.257133099718224,9.751865167102858
1988-08-01,8.3,8.863428926739957,9.31649905405734,9.782148100021828
1988-09-01,4.5,6.122538139008785,6.545395783873801,7.037023624555206
1988-10-01,-0.1,2.393761295337459,2.863957179574653,3.3506040404866053
1988-11-01,-5.9,-1.2753894671412642,-0.8532478122709424,-0.41436801626459635
1988-12-01,1.4,-3.272269105790167,-2.7287784261393804,-2.1719207188042846
1989-01-01,-1.6,-4.29594739116494,-3.7766953943707424,-3.1583695625703534
1989-02-01,-1.0,-3.5198306844030256,-3.0478348456642856,-2.465920226962747
1989-03-01,-1.3,-1.7076951964972373,-1.3416580312285216,-0.8107443314194654
1989-04-01,-0.7,0.3274715701660636,0.7876282143193398,1.266225204045203
1989-05-01,4.9,3.120760507238846,3.55356668571444,3.9972750544098132
1989-06-01,4.3,6.75371537970741,7.191586103062473,7.6775298074058
1989-07-01,7.8,8.882151194323757,9.308729712345414,9.79613605324225
1989-08-01,8.3,8.88078580243424,9.360865195358432,9.799387842870674
1989-09-01,6.6,6.154930041144404,6.591365601317079,7.033987449166014
1989-10-01,4.6,2.4391485058373816,2.8858904190024934,3.3923438798124104
1989-11-01,-4.8,-1.2569932011792724,-0.8326862140999067,-0.38236206970071707
1989-12-01,-3.4,-3.259696537744823,-2.74182770638508,-2.1615081531871
1990-01-01,-1.8,-4.273120472150851,-3.7633173058806024,-3.2181464589845348
1990-02-01,-0.2,-3.5171266309775664,-3.042719578377053,-2.5001635017396096
1990-03-01,-0.1,-1.7204129484441046,-1.3075607077214093,-0.8237789003080949
1990-04-01,-2.0,0.31020471598308524,0.7975933666506363,1.274130474291377
1990-05-01,6.3,3.117521466596952,3.5504473622229815,3.9932537960331436
1990-06-01,7.8,6.746788166661685,7.192812782874381,7.66080612158731
1990-07-01,7.7,8.90874629373429,9.298104858494543,9.771076872252749
1990-08-01,8.4,8.908283313414897,9.359803457125524,9.771509464809391
1990-09-01,4.0,6.162183359018451,6.573865109041714,7.026331888796302
1990-10-01,4.4,2.434369575218369,2.867536267681324,3.326536099134111
1990-11-01,-0.9,-1.2936548455600676,-0.8548816929461251,-0.40042491998798757
1990-12-01,-2.5,-3.268128591928006,-2.7741373249442387,-2.208774773646489
1991-01-01,-5.3,-4.27609342475577,-3.7889610357454178,-3.2534979697574107
1991-02-01,-13.1,-3.6020745148015565,-3.0629687672533237,-2.508355350129719
1991-03-01,-0.8,-1.7273551423106392,-1.3329371028521408,-0.9091763307006683
1991-04-01,-2.4,0.2896693756204039,0.7759953030777306,1.218474730453058
1991-05-01,1.6,3.0817845214387556,3.513370038613245,3.963907906345179
1991-06-01,3.6,6.696621348548665,7.157325287612113,7.612757661648493
1991-07-01,12.0,8.852407375315238,9.271439031353827,9.721109978865615
1991-08-01,9.0,8.852266723810994,9.336033540878425,9.762766574604028
1991-09-01,5.8,6.120892222465061,6.560749551012972,6.987723169732237
1991-10-01,2.5,2.3564117787837837,2.86342718706077,3.3288128647757103
1991-11-01,-1.0,-1.361868922315433,-0.8737179395883814,-0.409999595151463
1991-12-01,-5.0,-3.2961635421443134,-2.7817095144226855,-2.213091015147835
1992-01-01,-6.2,-4.29523026169449,-3.813659688942047,-3.2813401295751783
1992-02-01,-5.1,-3.6167300787251255,-3.091442005536773,-2.5448333262011418
1992-03-01,-0.4,-1.7728316350374427,-1.3545517683998902,-0.9030421040383243
1992-04-01,-0.2,0.27879442599089094,0.7552999820599976,1.2129201716055167
1992-05-01,3.5,3.065366485663784,3.498172710274173,3.9367474652049443
1992-06-01,8.0,6.653553691437634,7.172865872009011,7.611919626334341
1992-07-01,9.7,8.854397522255303,9.263252187008652,9.725661862737699
1992-08-01,9.4,8.795266000687572,9.317416439857588,9.718623703674947
1992-09-01,5.8,6.089881547321268,6.540278342113641,6.977143116728507
1992-10-01,-0.6,2.355949344552013,2.848944504785223,3.29810929305481
1992-11-01,-0.1,-1.3867627799051405,-0.8982504838350878,-0.4416253801972061
1992-12-01,-5.1,-3.311449554409809,-2.7908665172880633,-2.2182979480388565
1993-01-01,-8.4,-4.390280817171492,-3.826004312690322,-3.3147583957136373
1993-02-01,-3.5,-3.6182361010241295,-3.0943688947469696,-2.539373205065477
1993-03-01,-3.5,-1.7799607100644852,-1.3700446828939372,-0.9572836753079803
1993-04-01,1.9,0.20863767503327899,0.7385368196412012,1.184283469687254
1993-05-01,4.4,2.988565661878388,3.4983105949180637,3.932595171950421
1993-06-01,7.4,6.634323124302689,7.146613821674071,7.578638467409225
1993-07-01,8.3,8.810093343709964,9.251303379332683,9.707717364225061
1993-08-01,6.8,8.754313134581906,9.314125476582788,9.734375976935533
1993-09-01,6.8,6.018011449716359,6.532840912554785,6.9812516000982345
1993-10-01,0.4,2.350970021989875,2.831412360734514,3.2880864544194828
1993-11-01,-5.1,-1.3952074391253224,-0.888986599908661,-0.41759230777368317
1993-12-01,-1.7,-3.347091391015832,-2.7757905469376842,-2.2199630981351355
1994-01-01,-2.6,-4.35627049918999,-3.794856886661023,-3.2778645353659788
1994-02-01,-8.0,-3.6620820605389834,-3.090070882517301,-2.5012776255225377
1994-03-01,-0.5,-1.79873620013434,-1.351589939185577,-0.9148374510678177
1994-04-01,0.6,0.23447323487930316,0.7648842724879441,1.2097179357888814
1994-05-01,3.5,3.002770988980325,3.5006873162225243,3.9669970805387007
1994-06-01,6.8,6.643241175279333,7.148420686425965,7.604464708572904
1994-07-01,9.6,8.768079295669313,9.267847737322095,9.73464960168996
1994-08-01,7.9,8.773868731109543,9.338194218613534,9.784434865726649
1994-09-01,6.2,6.082192570032446,6.552726737229598,7.001908681046202
1994-10-01,0.1,2.3383028854368058,2.8414131355179615,3.29326042178654
1994-11-01,0.8,-1.364366564879761,-0.8734244106239017,-0.4010320498572053
1994-12-01,-5.2,-3.358395601599928,-2.7580983089201974,-2.185111809165529
1995-01-01,-5.2,-4.3913955522015655,-3.793796560419359,-3.2276789724481567
1995-02-01,-1.2,-3.6285664401129307,-3.06380055304378,-2.501892219459318
1995-03-01,-2.0,-1.8285075020530084,-1.3345968648056665,-0.9000326258888481
1995-04-01,0.2,0.23190889484205668,0.7821716694336751,1.21880243310959
1995-05-01,2.0,3.027125231202045,3.515056560510251,3.9607438364978584
1995-06-01,4.4,6.654504558399544,7.1623021356845715,7.608356101871481
1995-07-01,9.0,8.792306205384707,9.26955912945569,9.746117855084721
1995-08-01,9.9,8.83940645385721,9.344620597305495,9.780882323452257
1995-09-01,5.0,6.09495614732196,6.563796583138734,7.036032170098408
1995-10-01,3.0,2.3669128664949635,2.861290808735732,3.3460787805869887
1995-11-01,-3.0,-1.3394277222303135,-0.8405854585029209,-0.38511223552379137
1995-12-01,-7.3,-3.368191330983759,-2.746654857544393,-2.1612275812825765
1996-01-01,-8.3,-4.334774097597133,-3.774326774406691,-3.2258283330691375
1996-02-01,-7.0,-3.5837100522770697,-3.0308918889169183,-2.4779223840727407
1996-03-01,-5.0,-1.7692547935797214,-1.303686287655147,-0.8628684452692822
1996-04-01,-1.2,0.24589462639098078,0.8094823906596684,1.2619424166008741
1996-05-01,0.0,3.0547856133838724,3.54841182332584,4.022699185324316
1996-06-01,6.8,6.686956153321691,7.21602862996017,7.650104069921694
1996-07-01,7.5,8.866190291330742,9.339989881088712,9.772348766741839
1996-08-01,8.4,8.858555727453206,9.39083212399933,9.794891303543169
1996-09-01,6.8,6.160016642842052,6.600254392581014,7.055674157032974
1996-10-01,3.2,2.4509756957439293,2.9100726979460427,3.409534440303809
1996-11-01,-2.7,-1.2595267856541028,-0.7945222335773807,-0.3510442293122625
1996-12-01,-13.1,-3.3138800511447473,-2.703226556167193,-2.1331764783029836
1997-01-01,-14.1,-4.292758354524685,-3.719548569958917,-3.1207636323789205
1997-02-01,-2.6,-3.5303029652744353,-2.988660609817094,-2.4045295884603632
1997-03-01,-0.5,-1.693275060434384,-1.2483001629476274,-0.8176569623248476
1997-04-01,-0.2,0.36101864704002085,0.876874161911894,1.301236071903394
1997-05-01,0.1,3.170776266385336,3.6198717408964995,4.06628451688083
1997-06-01,8.1,6.8251832383193,7.291932332413601,7.721739207439921
1997-07-01,10.4,8.992017499268696,9.408117783311962,9.82607120450566
1997-08-01,12.5,8.963751600630024,9.446411868589815,9.8677318911409
1997-09-01,6.0,6.250733518816539,6.678604529890032,7.135978148602454
1997-10-01,-2.5,2.54063955426831,2.9859470571311304,3.4643515980953667
1997-11-01,-1.6,-1.1892328188819221,-0.7246437902803868,-0.27993207767676703
1997-12-01,-3.8,-3.204244499046466,-2.6208557986088232,-2.0319488150806775
1998-01-01,-5.8,-4.1939887941312595,-3.6569280512946594,-3.0388545510511604
1998-02-01,-9.4,-3.4348968275580525,-2.9249585885067106,-2.330329529189269
1998-03-01,-2.7,-1.6040048925643198,-1.1776316210171276,-0.7139034747496328
1998-04-01,-0.2,0.4956606629337623,0.9507618979460906,1.4342103648471933
1998-05-01,3.4,3.2558189009149783,3.694211987295346,4.133397344004572
1998-06-01,6.0,6.9078741638253796,7.355706196827188,7.776850343418857
1998-07-01,9.3,9.058646022386766,9.483303633788683,9.905686348744931
1998-08-01,7.5,9.064750660423666,9.535073725893076,9.96432092163862
1998-09-01,7.1,6.34204680626421,6.770986397920394,7.197742474265713
1998-10-01,1.7,2.643309509856525,3.0786440688357777,3.5033549225053484
1998-11-01,-7.4,-1.1144265035769823,-0.6266274345367455,-0.21101991699157063
1998-12-01,-3.1,-3.1007332706493282,-2.5371795805863586,-1.9516809480594066
1999-01-01,-5.2,-4.096639638211263,-3.559218191341249,-2.976381917294062
1999-02-01,-7.3,-3.366619350877962,-2.8064370682758533,-2.267942289032456
1999-03-01,-0.6,-1.5211359025046274,-1.0766939608531292,-0.6005326995725255
1999-04-01,0.7,0.6047641911822156,1.0390359764201853,1.4905874567941764
1999-05-01,6.1,3.3666666326250785,3.827930407163192,4.225671297234222
1999-06-01,6.3,7.046301487126415,7.459022245599845,7.872373492201037
1999-07-01,11.3,9.177882526579463,9.587500224869915,10.023604857776725
1999-08-01,9.4,9.180024841442787,9.638692441659593,10.070903680827355
1999-09-01,9.2,6.4686371371607,6.869741228552394,7.304325162743152
1999-10-01,1.7,2.7686683172403472,3.195413092799808,3.6591708960907123
1999-11-01,-3.1,-1.0001102529710308,-0.5195246640494329,-0.08867620814951509
1999-12-01,-2.8,-2.967106792114639,-2.4416937838538524,-1.8096459458613967
2000-01-01,-4.4,-3.997330696005997,-3.454258452478313,-2.8601371747278104
2000-02-01,-0.8,-3.184956726536654,-2.727292657923844,-2.1692732621581494
2000-03-01,-1.7,-1.4144583440876979,-0.9879478353190758,-0.5092163284758074
2000-04-01,0.2,0.695453652871288,1.1320089881698177,1.610712927457245
2000-05-01,6.6,3.4388652538564397,3.9035477990079857,4.326424232457089
2000-06-01,6.2,7.145466010786548,7.551287969821315,7.976163014355
2000-07-01,6.4,9.235368697115971,9.67676544196545,10.11063122888546
2000-08-01,10.0,9.255770173010045,9.730764360402718,10.171596479742295
2000-09-01,8.3,6.5566448441594485,6.965103101640688,7.398664137385239
2000-10-01,4.2,2.8413033960853404,3.2651539808366463,3.7401213835285803
2000-11-01,2.0,-0.8728893477717378,-0.44189993350067724,-0.0004512710457010163
2000-12-01,-2.7,-2.8989013251604914,-2.352818229812909,-1.7259617998162526
2001-01-01,-5.5,-3.9272141924348762,-3.382478027107447,-2.776935266636881
2001-02-01,-5.8,-3.1967709208502875,-2.6356619197420326,-2.103196621778425
2001-03-01,-1.2,-1.3395506270277178,-0.9027411655651911,-0.4340789672941962
2001-04-01,-1.9,0.7572872647059916,1.2067707232088432,1.6697812358898725
2001-05-01,5.2,3.5091580668421374,3.970996700238124,4.417505736069793
2001-06-01,4.9,7.18596110593808,7.619934733423888,8.043623325320551
2001-07-01,9.7,9.310190636395141,9.751826258749123,10.188243535700702
2001-08-01,10.4,9.330502193652817,9.795013539453198,10.253098896705632
2001-09-01,7.0,6.587205246330563,7.00354098580088,7.470237322990779
2001-10-01,7.0,2.894601629100884,3.331525651918708,3.815357788044774
2001-11-01,-1.8,-0.806623628962158,-0.39896885877569854,0.05189043666025075
2001-12-01,-6.5,-2.841259611323168,-2.2968500475883378,-1.6813420199088578
2002-01-01,-7.0,-3.891054832783689,-3.3140392139101604,-2.7184623756738397
2002-02-01,-2.1,-3.1482884380994642,-2.598672451875972,-2.0059008555414626
2002-03-01,-1.2,-1.3289608152985537,-0.8650032611580196,-0.37974800724878316
2002-04-01,1.4,0.8151882493900003,1.2259318703080297,1.7407659817946182
2002-05-01,4.0,3.56640955522086,4.010812132118856,4.4820384707310925
2002-06-01,9.0,7.271265081809547,7.650016922331064,8.084168143568705
2002-07-01,10.2,9.330730613278837,9.778595429363936,10.241163392813629
2002-08-01,11.8,9.36626649140578,9.815124997770315,10.268540211907126
2002-09-01,6.4,6.612719575674841,7.033596393463583,7.483205719382248
2002-10-01,2.4,2.9236806177754255,3.340926251629078,3.8399612367617246
2002-11-01,2.3,-0.7797205009092538,-0.3619452123371687,0.0884369618978226
2002-12-01,-6.2,-2.8424225432705343,-2.2467086935024545,-1.632968489986007
2003-01-01,-8.6,-3.8515108724797384,-3.309975520406716,-2.7086444651784576
2003-02-01,-7.0,-3.1246986020911542,-2.556772311320799,-1.996174709366241
2003-03-01,0.4,-1.2849969698736465,-0.8291801390516877,-0.35516677750338405
2003-04-01,-1.9,0.7988038614808688,1.2653945473355939,1.750123893594257
2003-05-01,4.2,3.5603324960834595,4.037971927788002,4.482306545371907
2003-06-01,9.7,7.2727172026534115,7.669220874501322,8.113750136031703
2003-07-01,11.2,9.387984448159548,9.79616085107638,10.227508497945
2003-08-01,9.3,9.37768447183194,9.81203375917889,10.269927728286948
2003-09-01,5.0,6.664700529197115,7.0529032568032,7.485841135781872
2003-10-01,-3.5,2.90992990192165,3.3549859535233892,3.8722343677528936
2003-11-01,1.9,-0.7758164083983884,-0.36360229448843384,0.05267908216250648
2003-12-01,-3.4,-2.840855637396843,-2.261636200202397,-1.6836177786283704
2004-01-01,-6.8,-3.8505594732549073,-3.3047875837456697,-2.6568833521170276
2004-02-01,-3.6,-3.125084024234798,-2.55164485017569,-2.029032541470502
2004-03-01,-2.7,-1.296183187410276,-0.8461855494199855,-0.3332864352619767
2004-04-01,1.0,0.8103569028398726,1.2813589937072833,1.7259124726451696
2004-05-01,3.8,3.5854346186748245,4.016026158083261,4.441189516561576
2004-06-01,8.0,7.263090089374219,7.669361580185946,8.103077949410954
2004-07-01,9.4,9.352893733415554,9.795102707564403,10.217197712777546
2004-08-01,10.2,9.374016646624307,9.813387215470005,10.271805613971182
2004-09-01,7.7,6.596622280542347,7.057521982353558,7.506824674234996
2004-10-01,5.2,2.885256887250375,3.359647162932537,3.8592904007379527
2004-11-01,-2.1,-0.7760151177372854,-0.3392998197336614,0.042497897201362295
2004-12-01,-5.3,-2.8483882619101792,-2.2516047125021137,-1.6828095991954073
2005-01-01,-3.1,-3.8492877890650474,-3.2997402521809756,-2.709894989474157
2005-02-01,-6.6,-3.0825518318248086,-2.567501087634783,-2.005760413473237
2005-03-01,-6.6,-1.3250798282537444,-0.8248238045756173,-0.36799533889765756
2005-04-01,1.3,0.8190773628109461,1.289441051598716,1.7469366925150254
2005-05-01,1.6,3.5845407237505595,4.009194723336489,4.472331476615684
2005-06-01,5.2,7.228783580996054,7.654108124856398,8.102424942311817
2005-07-01,10.6,9.37304703700342,9.797947910872931,10.22462356727783
2005-08-01,9.8,9.355188772411456,9.847286056248427,10.259821378766052
2005-09-01,5.4,6.571303433083701,7.070507816220209,7.511616327782995
2005-10-01,5.5,2.8928585344569413,3.377631159353168,3.86966325543231
2005-11-01,-1.5,-0.8035900979590552,-0.34289143442006087,0.06203677330815373
2005-12-01,-7.0,-2.7957241338532888,-2.2428441611757055,-1.6723233389949534
2006-01-01,-7.2,-3.83242392231273,-3.28209607531241,-2.676094993066401
2006-02-01,-4.7,-3.092312963190726,-2.5550968742946063,-1.9708533535355874
2006-03-01,-5.7,-1.291835144780592,-0.823778451875254,-0.3532963422773538
2006-04-01,-0.8,0.8640685206037638,1.297747248753651,1.7466508570454704
2006-05-01,3.5,3.5962978832930186,4.044118317015884,4.501906442125199
2006-06-01,3.7,7.270327825666863,7.69407158749582,8.14077169618609
2006-07-01,13.0,9.39449816884636,9.823561206580347,10.246681485106794
2006-08-01,9.5,9.374659754345382,9.870624059076688,10.277244404285153
2006-09-01,8.5,6.64276601531957,7.099920076228903,7.5220457735579185
2006-10-01,7.4,2.9187453917458934,3.410846825704036,3.8556636305349707
2006-11-01,1.4,-0.7617848239045859,-0.3115241214071167,0.0759913157192692
2006-12-01,-1.3,-2.782855108486013,-2.2341316095907198,-1.6629034248479326
2007-01-01,-4.4,-3.8218238811222824,-3.2622040705397817,-2.677558955358739
2007-02-01,-3.7,-3.0986154100533465,-2.52992150943456,-2.0091186139861184
2007-03-01,-1.1,-1.2557553035238407,-0.8154528873796039,-0.32596900316297484
2007-04-01,2.7,0.8566650906964933,1.2972988975910096,1.7386594384271148
2007-05-01,4.9,3.609660456899579,4.044581785385546,4.493948193523816
2007-06-01,9.2,7.220195823628559,7.678021770314376,8.119895524036874
2007-07-01,8.3,9.346042616871552,9.798457731816342,10.225449206701574
2007-08-01,7.5,9.344055652209288,9.83321663223241,10.271031682321825
2007-09-01,6.8,6.594357695175736,7.052906109484951,7.494791497802933
2007-10-01,-0.1,2.9221822265162083,3.369261812812419,3.8362146049803956
2007-11-01,-2.6,-0.8233831506857205,-0.3517656476890556,0.08095067886271366
2007-12-01,-6.8,-2.8263927418839607,-2.2624491858439035,-1.7028910913653617
2008-01-01,-3.1,-3.9179119998854763,-3.303432789383878,-2.6768388663509777
2008-02-01,-4.2,-3.2056663757519726,-2.5752670360029524,-2.037360476103615
2008-03-01,-2.4,-1.3044331416847492,-0.8489694330315551,-0.38285171083198516
2008-04-01,-1.2,0.7871640216538988,1.2709050774619501,1.6955211142988973
2008-05-01,6.2,3.554556354179004,4.022369993968024,4.4467721130406295
2008-06-01,6.4,7.1969716309409995,7.666943970839657,8.087300476172947
2008-07-01,9.0,9.339240723129631,9.783448525419963,10.179313249250061
2008-08-01,10.0,9.32558465079094,9.808619064579826,10.269463642189256
2008-09-01,4.2,6.581378832771938,7.059634657390885,7.5032310973156875
2008-10-01,0.1,2.905933872617322,3.3384123043456726,3.804813838741271
2008-11-01,-2.0,-0.859009886399212,-0.37856040516188827,0.06352980940507917
2008-12-01,-6.1,-2.863922248772846,-2.281168189758503,-1.6200282109927844
2009-01-01,-12.8,-3.9052097748227346,-3.3022244241297636,-2.6685655608250434
2009-02-01,-3.8,-3.1733938117489817,-2.558866619106948,-2.038510460030455
2009-03-01,-1.4,-1.3326899864861073,-0.8476784464774969,-0.42307881892606175
2009-04-01,3.0,0.7764540233537821,1.2632053550427629,1.741102288044627
2009-05-01,3.6,3.560655162653609,4.019874410766544,4.465026609827625
2009-06-01,6.8,7.1693909997251914,7.6616106301091955,8.130242258635091
2009-07-01,10.8,9.331920282332401,9.77408406329392,10.215155375076893
2009-08-01,9.9,9.29739858285752,9.830487595889096,10.263302752731724
2009-09-01,7.6,6.596601189135816,7.051847292026569,7.521593477529377
2009-10-01,-0.2,2.9059453617040973,3.343834289109262,3.8238247675835906
2009-11-01,2.8,-0.8657068128178667,-0.35056757914312664,0.09114488569233546
2009-12-01,-10.9,-2.867420749159129,-2.256032199628088,-1.663566854168147
2010-01-01,-8.2,-3.9078943918904026,-3.2912251437893367,-2.662318679250898
2010-02-01,-6.5,-3.1677715579591665,-2.547062305040185,-2.012673278974301
2010-03-01,-4.5,-1.344020308017302,-0.8309220717620796,-0.3847656194153727
2010-04-01,0.1,0.7471508263443295,1.259480751573547,1.7680223908625232
2010-05-01,3.3,3.557636389693485,4.013264596562085,4.462489363970348
2010-06-01,7.3,7.1835221398070095,7.658752397909494,8.096601687771443
2010-07-01,10.4,9.31229088304414,9.767928297225065,10.215104229777062
2010-08-01,8.3,9.298890039340497,9.843795699892567,10.270389855137529
2010-09-01,5.2,6.562416625819572,7.065316457896046,7.515481378649163
2010-10-01,0.9,2.850048448190575,3.3637925555114143,3.894215731309563
2010-11-01,-4.5,-0.8417746488037792,-0.35786441736399355,0.07912303254493472
2010-12-01,-8.0,-2.8257393595238214,-2.252354309751782,-1.6818031595439806
2011-01-01,-5.5,-3.8894184327577483,-3.2816319609302225,-2.6644540352033292
2011-02-01,-4.8,-3.1566867680525497,-2.537691994661164,-1.9690815388566874
2011-03-01,-2.1,-1.288643084855753,-0.8010338365063991,-0.3705998487688445
2011-04-01,3.1,0.8109184984982748,1.2981464436833405,1.742437522496604
2011-05-01,4.0,3.6067859141639342,4.0517847992756835,4.488625409928072
2011-06-01,6.7,7.21812398381061,7.708356281322296,8.168345529042028
2011-07-01,7.4,9.38002278956189,9.821216500974499,10.218951942055641
2011-08-01,8.0,9.382360213240505,9.891608048635426,10.32128041832923
2011-09-01,8.9,6.653540808412985,7.1145108240814015,7.5389756751254735
2011-10-01,1.9,2.9254554345830384,3.4044485218181153,3.9244645433546013
2011-11-01,-1.9,-0.7941716271568923,-0.2841465985132874,0.11675826192891392
2011-12-01,0.0,-2.7825232143718734,-2.2010136682336556,-1.594020001708236
2012-01-01,-5.2,-3.823527600157619,-3.253087243450654,-2.6144483291001213
2012-02-01,-13.0,-3.080748388039758,-2.486203049589446,-1.9319210036767271
2012-03-01,0.3,-1.2627052959980647,-0.7529306985966449,-0.3324881447191504
2012-04-01,-0.1,0.8633669911902433,1.3446424427320005,1.7956946703971584
2012-05-01,2.7,3.631360634403298,4.094721268474492,4.54374107229102
2012-06-01,4.2,7.25958610884201,7.743808979258178,8.180726334198754
2012-07-01,8.6,9.451821126436077,9.874989199473655,10.302414227191816
2012-08-01,9.8,9.392890808014867,9.934556457575624,10.342260272959436
2012-09-01,6.0,6.707101372896881,7.144614822641316,7.633315296215079
2012-10-01,-2.1,2.9867807408379643,3.467913469204318,3.942794560375815
2012-11-01,-1.2,-0.7406505385946788,-0.2537943007506267,0.2161335460874165
2012-12-01,-4.5,-2.732845557279541,-2.13253257364268,-1.520390711998074
2013-01-01,-9.3,-3.7624773853731854,-3.1850313403535377,-2.5791597882173036
2013-02-01,-4.9,-2.994324693796203,-2.4108314784349574,-1.8871258036962715
2013-03-01,-10.1,-1.1762381755505467,-0.6843748069429743,-0.24194475557573852
2013-04-01,-2.2,0.9705643052448647,1.4078747695208271,1.9038935844765434
2013-05-01,2.6,3.7425244824248463,4.1904497074196385,4.649698230406763
2013-06-01,6.9,7.383630854530789,7.836792249114392,8.26358114440382
2013-07-01,9.8,9.536067040189755,9.95727941616332,10.424446654352645
2013-08-01,10.4,9.56324629581237,10.010490445367362,10.467023358005358
2013-09-01,7.0,6.822540090806286,7.258690928756047,7.676941502668501
2013-10-01,4.0,3.0825704629995094,3.567008234586698,4.079093239899501
2013-11-01,0.4,-0.6136894111645694,-0.13945286482148544,0.2935949052061641
2013-12-01,-0.4,-2.5639043164949844,-2.019434652565268,-1.4538571812320555
2014-01-01,-0.5,-3.556071993508433,-3.0787177723033357,-2.4656919482672803
2014-02-01,1.7,-2.845672597359133,-2.3187371183465353,-1.754300696050792
2014-03-01,0.4,-1.0615541217880178,-0.5888605256063677,-0.11496523816030658
2014-04-01,2.2,1.0656960572296565,1.5133057567398989,1.9712066550071423
2014-05-01,2.9,3.8575493120742377,4.267885168366844,4.761437024438423
2014-06-01,8.0,7.461576131225092,7.9257135298922705,8.362344800789256
2014-07-01,8.9,9.620751336983071,10.039765830524264,10.531619749037354
2014-08-01,8.0,9.608204257010446,10.0977840679358,10.537581881982677
2014-09-01,8.1,6.872979071653665,7.314539037090218,7.759782633513998
2014-10-01,6.9,3.126453931746753,3.622474995196741,4.116594440380785
2014-11-01,0.8,-0.5671281958040735,-0.09624920861413222,0.37862437054617537
2014-12-01,-5.7,-2.557631734854914,-1.9538540030110878,-1.4005294951939764
2015-01-01,-2.8,-3.5622712558214467,-3.034498552760925,-2.4200361899047147
2015-02-01,-3.1,-2.8437792453132213,-2.272154282420357,-1.735664672480428
2015-03-01,-1.0,-1.0577748536079101,-0.5775000989942749,-0.07941597466020657
2015-04-01,0.9,1.0873357270014232,1.5314667987310613,2.004591765167104
2015-05-01,3.8,3.8504609545440203,4.289098335397757,4.792880997951162
2015-06-01,7.4,7.500525458068349,7.930089888128777,8.39096919654103
2015-07-01,7.9,9.613140917730156,10.062566531587143,10.5315636605413
2015-08-01,10.4,9.651720453589576,10.084090746028076,10.562518072959776
2015-09-01,6.8,6.870976303487003,7.3188706332832965,7.774857538185358
2015-10-01,2.5,3.15674809485504,3.620464913292322,4.13707477288514
2015-11-01,-1.8,-0.5177607387644807,-0.08367438173043484,0.3727715551129414
2015-12-01,2.9,-2.527907841804397,-1.9502232371538295,-1.3787063896206586
2016-01-01,-7.2,-3.573981675573689,-3.019641609450626,-2.392951891468515
2016-02-01,-5.1,-2.844525019535034,-2.2790044827866867,-1.7348017631209487
2016-03-01,-3.2,-1.0490010780759689,-0.5647079117293565,-0.07220461067794563
2016-04-01,-0.7,1.0619623094803887,1.5396649090945833,2.0158337629691494
2016-05-01,2.6,3.834275915483034,4.278044751323896,4.740004647624694
2016-06-01,9.0,7.478998695595619,7.9289027233243905,8.37458953427988
2016-07-01,8.8,9.592422283119735,10.051539297541476,10.492370481453255
2016-08-01,7.7,9.624811790802763,10.083588930293136,10.528479879124978
2016-09-01,7.7,6.861417143450189,7.312327020489612,7.781848830332279
2016-10-01,2.1,3.1153284233312015,3.6159713241295166,4.114186357462394
2016-11-01,-3.7,-0.550425129007257,-0.11369799861153784,0.3328905370786186
2016-12-01,-3.4,-2.5906317075540226,-1.995882285902909,-1.3754948856856106
2017-01-01,-5.6,-3.595290314255559,-3.0470355088573506,-2.4438733539914073
2017-02-01,-3.2,-2.8524931275968743,-2.300554832932158,-1.7639115899940099
2017-03-01,2.0,-1.0866096942959835,-0.5704726573588084,-0.09635416332185766
2017-04-01,-1.3,1.0594350511843478,1.5260375639923416,1.9742222982027293
2017-05-01,3.9,3.8436599283323725,4.272158260766595,4.727876142969531
2017-06-01,9.8,7.461842626486447,7.923125519255164,8.366754686227006
2017-07-01,8.8,9.62316213332049,10.042811014750725,10.462613231243541
2017-08-01,9.7,9.633931217169078,10.080952999847247,10.542107347654953
2017-09-01,6.2,6.849092751960745,7.308681507214933,7.77239591399992
2017-10-01,4.7,3.1259456928152,3.605667442821307,4.081774258070161
2017-11-01,0.1,-0.5458972216203584,-0.10426599655133595,0.328578081490415
2017-12-01,-2.3,-2.622676798648633,-1.9954302322935853,-1.4038982447494335
2018-01-01,-0.2,-3.659279050908206,-3.0596962250363733,-2.4628223777608342
2018-02-01,-8.7,-2.8414181951776167,-2.312466052553411,-1.762210935717791
2018-03-01,-6.9,-1.0863705041445009,-0.586119385815757,-0.1414869150514865
2018-04-01,2.5,1.0316851633001496,1.504906709579114,2.0240980750894333
2018-05-01,4.3,3.8021224957034887,4.251584157077519,4.751354709066393
2018-06-01,6.9,7.452312345861828,7.90459454753087,8.32165057299058
2018-07-01,12.5,9.571689156213191,10.025603387839457,10.480966127330943
2018-08-01,9.0,9.604401870549856,10.07298678331464,10.486281554323421
2018-09-01,3.7,6.814930583739963,7.274264955220479,7.7196084091481945
2018-10-01,2.1,3.1204177056298192,3.5785425427524507,4.04208189797559
2018-11-01,-1.0,-0.5778035616857727,-0.14510270398970682,0.31645250612372194
2018-12-01,-2.3,-2.6385979206496373,-2.0214130742244985,-1.420724266167444
2019-01-01,-6.1,-3.667183051536554,-3.0767313349213716,-2.514771916164967
2019-02-01,-1.6,-2.9055073340031865,-2.3549974201999855,-1.7934803851374719
2019-03-01,-0.1,-1.1331651941861258,-0.6190303850902616,-0.18334659722315164
2019-04-01,-0.5,0.9897657431294947,1.4745147886939023,1.9319840208596795
2019-05-01,1.6,3.775167912665709,4.206217709694147,4.699514287775763
2019-06-01,8.8,7.377983629714509,7.851403426846108,8.329781618738439
2019-07-01,10.2,9.536342822092749,10.004529715567616,10.452559342295388
2019-08-01,9.6,9.545054572719128,10.024578970348006,10.482271982959961
2019-09-01,6.4,6.8235347600325795,7.241413529958373,7.69866078582325
2019-10-01,1.0,3.0732215754152725,3.559132191225681,4.051461686394527
2019-11-01,-2.4,-0.6426130155578375,-0.15688604075978496,0.30650233354793344
2019-12-01,-2.5,-2.6500847030338477,-2.0462321899894333,-1.4150260803393344
2020-01-01,-2.4,-3.6591857634176086,-3.1363961347150777,-2.5097959046551224
2020-02-01,-0.9,-2.9372457694977325,-2.369690855299077,-1.7989673356141644
2020-03-01,-1.8,-1.1585480842523563,-0.6410969267198348,-0.15779303820151894
2020-04-01,-1.3,0.9744084960940814,1.4543786648218369,1.9136278893536756
2020-05-01,3.1,3.7596601336554847,4.183852355706978,4.704183468530869
2020-06-01,7.6,7.381486733000675,7.838481786946445,8.323899249094861
2020-07-01,9.0,9.505362673467706,9.990703156721795,10.459178772773196
2020-08-01,10.7,9.545726424153651,10.019260064165048,10.492175339634148
2020-09-01,8.0,6.765791815047003,7.249846539265873,7.68058666815968
2020-10-01,4.4,3.0216928810192756,3.5524787595762692,4.051714189166038
2020-11-01,-1.5,-0.6634870251871744,-0.16609047654207543,0.3184081955002585
2020-12-01,-0.9,-2.688389576577557,-2.0504878147545837,-1.4528723622577184
2021-01-01,-3.0,-3.6610336937548102,-3.128024206021541,-2.5204774250440956
2021-02-01,-8.6,-2.9439972877099296,-2.355356017555983,-1.8158488939627668
2021-03-01,-2.7,-1.2005873183333151,-0.6317246643255641,-0.14656263092748595
2021-04-01,-2.2,0.9545574993050887,1.4403696272202027,1.980557892930398
2021-05-01,1.0,3.72821084781126,4.193363975464317,4.756716189217856
2021-06-01,9.3,7.34400058546938,7.866813882055922,8.330317467051358
2021-07-01,11.4,9.490769801739864,9.987927941246369,10.47128545714241
2021-08-01,10.3,9.482118488420472,10.021624278830306,10.513462879973526
2021-09-01,6.6,6.732004627761531,7.259058658775558,7.742822944604253
2021-10-01,4.2,3.0110849293195416,3.535069411057819,4.085868904412151
2021-11-01,-0.5,-0.6934574745868481,-0.16482818455776815,0.3583506408460807
2021-12-01,-4.2,-2.6688306939140127,-2.0578913693642527,-1.4138361890925712
2022-01-01,-1.8,-3.7033678230386977,-3.1325316441474538,-2.5034541085093993
2022-02-01,-1.0,-2.9535004987047926,-2.3698877007259624,-1.7569893331236766
2022-03-01,-2.7,-1.185481356083415,-0.6345566783731782,-0.122175284960923
2022-04-01,-2.9,0.9334865487343215,1.4602275848196289,1.9732855217229495
2022-05-01,2.5,3.67170173911985,4.197074026423098,4.760825221442739
2022-06-01,6.3,7.3182427020433165,7.856324255119258,8.316223219696596
2022-07-01,9.6,9.440931125295666,9.974899798227677,10.494357347256562
2022-08-01,9.7,9.47105887503099,10.022366245176286,10.551435103109737
2022-09-01,5.0,6.702917476334875,7.250458975852297,7.774607838878589
2022-10-01,4.4,2.986329082075563,3.543223550452752,4.078255363431524
2022-11-01,2.3,-0.760379372870072,-0.1651447616309123,0.37289104853880556
2022-12-01,-6.8,-2.7053420576668623,-2.0809506794099977,-1.3463701573120233
